wind_speed_kmh,rainfall_mm,temperature_c,humidity_percent,storm,risk_score,risk_level,recommended_sensitivity
52.71,5.65,41.77,90.45,1,73.76,HIGH_RISK,LOW
18.78,3.45,27.23,79.59,0,24.89,LOW_RISK,HIGH
72.53,20.6,26.09,25.29,0,63.7,HIGH_RISK,LOW
6.68,6.07,17.68,66.62,0,16.14,LOW_RISK,HIGH
34.49,4.54,14.49,92.64,0,54.52,MEDIUM_RISK,MEDIUM
8.85,3.22,30.49,40.06,0,11.17,LOW_RISK,HIGH
27.54,0.78,28.36,90.64,0,27.92,LOW_RISK,HIGH
35.19,25.15,24.45,70.72,0,59.01,HIGH_RISK,LOW
24.74,4.14,37.98,90.14,0,30.84,LOW_RISK,HIGH
27.03,4.43,17.92,63.82,0,14.37,LOW_RISK,HIGH
43.07,8.04,19.49,64.93,0,44.37,MEDIUM_RISK,MEDIUM
22.89,16.81,31.05,64.85,0,48.03,MEDIUM_RISK,MEDIUM
36.96,8.77,23.94,81.77,0,53.25,MEDIUM_RISK,MEDIUM
14.83,3.45,37.55,59.24,0,11.64,LOW_RISK,HIGH
33.56,4.76,39.85,82.94,0,48.89,MEDIUM_RISK,MEDIUM
34.12,11.45,33.85,100.0,0,55.47,HIGH_RISK,LOW
28.6,3.59,34.17,62.76,0,20.54,LOW_RISK,HIGH
29.61,11.69,30.0,69.25,0,35.27,MEDIUM_RISK,MEDIUM
27.6,2.96,21.17,71.71,0,28.15,LOW_RISK,HIGH
54.4,4.17,33.08,55.72,0,51.33,MEDIUM_RISK,MEDIUM
19.03,9.61,24.38,80.34,0,38.2,MEDIUM_RISK,MEDIUM
49.86,6.31,35.76,60.06,1,61.2,HIGH_RISK,LOW
13.41,16.41,28.45,64.01,0,22.5,LOW_RISK,HIGH
31.09,4.24,26.22,100.0,0,40.17,MEDIUM_RISK,MEDIUM
25.05,1.36,45.0,31.1,0,11.5,LOW_RISK,HIGH
15.77,3.52,20.15,55.82,0,23.67,LOW_RISK,HIGH
23.65,1.85,25.79,81.55,0,27.63,LOW_RISK,HIGH
55.23,12.79,22.37,60.03,0,53.01,MEDIUM_RISK,MEDIUM
18.91,2.56,23.88,68.92,0,25.57,LOW_RISK,HIGH
18.91,1.7,23.19,21.55,1,24.74,LOW_RISK,HIGH
40.65,3.67,45.0,67.51,1,51.67,MEDIUM_RISK,MEDIUM
23.68,6.16,23.12,92.82,0,29.36,LOW_RISK,HIGH
35.34,4.31,31.45,65.31,0,31.0,LOW_RISK,HIGH
16.04,2.88,34.8,78.52,0,30.06,LOW_RISK,HIGH
62.1,8.96,28.45,55.77,0,54.33,MEDIUM_RISK,MEDIUM
35.98,17.51,36.09,43.59,1,68.35,HIGH_RISK,LOW
28.99,4.92,13.18,46.44,0,19.92,LOW_RISK,HIGH
3.16,11.68,32.28,75.61,0,26.63,LOW_RISK,HIGH
4.65,11.78,24.54,100.0,0,29.75,LOW_RISK,HIGH
25.4,2.32,12.74,78.95,0,24.92,LOW_RISK,HIGH
18.7,2.75,22.08,47.79,0,22.89,LOW_RISK,HIGH
19.18,0.2,44.26,64.39,0,22.63,LOW_RISK,HIGH
29.74,21.28,37.02,100.0,0,45.41,MEDIUM_RISK,MEDIUM
16.9,6.4,24.62,74.39,0,33.87,LOW_RISK,HIGH
18.33,0.91,19.21,58.75,0,17.83,LOW_RISK,HIGH
59.07,5.1,33.05,62.05,1,59.36,HIGH_RISK,LOW
45.81,14.03,20.14,89.53,0,61.06,HIGH_RISK,LOW
41.51,17.54,25.91,71.07,0,56.22,HIGH_RISK,LOW
3.95,5.25,22.77,62.2,0,12.29,LOW_RISK,HIGH
22.69,8.98,29.19,68.15,0,30.93,LOW_RISK,HIGH
14.7,1.3,25.07,75.87,0,5.75,LOW_RISK,HIGH
28.52,4.07,31.04,100.0,0,30.83,LOW_RISK,HIGH
44.23,5.53,41.46,25.72,0,32.91,LOW_RISK,HIGH
12.72,5.84,18.7,74.59,0,19.83,LOW_RISK,HIGH
20.16,8.06,41.17,26.79,0,38.41,MEDIUM_RISK,MEDIUM
14.73,7.13,29.47,56.35,0,10.9,LOW_RISK,HIGH
32.19,4.17,20.82,52.65,0,37.95,MEDIUM_RISK,MEDIUM
19.84,11.94,12.59,51.21,0,28.82,LOW_RISK,HIGH
13.75,2.04,33.52,36.59,0,11.69,LOW_RISK,HIGH
26.29,3.04,26.01,69.83,0,18.82,LOW_RISK,HIGH
27.46,10.2,27.62,41.53,0,33.91,LOW_RISK,HIGH
35.35,3.85,19.97,67.6,0,41.82,MEDIUM_RISK,MEDIUM
11.13,5.95,20.29,73.47,0,23.28,LOW_RISK,HIGH
28.03,3.64,25.53,63.42,0,25.84,LOW_RISK,HIGH
12.83,3.75,25.3,58.9,0,5.93,LOW_RISK,HIGH
10.73,14.96,24.04,56.42,0,19.97,LOW_RISK,HIGH
56.78,1.18,30.03,100.0,0,41.99,MEDIUM_RISK,MEDIUM
4.61,2.81,30.47,80.4,0,15.46,LOW_RISK,HIGH
32.13,2.54,16.88,54.48,0,34.2,LOW_RISK,HIGH
21.16,2.34,17.71,28.6,0,22.13,LOW_RISK,HIGH
11.92,4.03,35.3,35.72,0,16.84,LOW_RISK,HIGH
7.37,0.83,23.06,74.56,0,13.54,LOW_RISK,HIGH
9.2,15.52,31.83,67.31,0,24.42,LOW_RISK,HIGH
45.83,7.8,33.8,94.38,1,65.67,HIGH_RISK,LOW
13.37,9.78,40.24,30.82,0,20.53,LOW_RISK,HIGH
37.74,3.27,23.91,40.16,0,34.88,LOW_RISK,HIGH
55.57,7.68,24.14,33.9,0,44.88,MEDIUM_RISK,MEDIUM
25.84,11.67,29.04,57.42,0,28.71,LOW_RISK,HIGH
23.14,11.21,14.18,85.21,0,44.23,MEDIUM_RISK,MEDIUM
14.75,2.75,22.08,93.05,0,20.56,LOW_RISK,HIGH
6.69,5.78,21.52,69.74,0,14.71,LOW_RISK,HIGH
33.95,5.94,26.89,67.16,0,39.76,MEDIUM_RISK,MEDIUM
11.87,3.45,45.0,52.94,0,20.36,LOW_RISK,HIGH
48.33,4.53,12.9,69.83,1,60.86,HIGH_RISK,LOW
33.87,22.23,32.17,66.55,0,53.82,MEDIUM_RISK,MEDIUM
8.59,2.01,32.24,83.02,0,15.66,LOW_RISK,HIGH
18.31,4.97,16.16,90.57,0,32.27,LOW_RISK,HIGH
10.71,22.03,19.35,59.33,1,41.21,MEDIUM_RISK,MEDIUM
19.86,6.45,24.88,67.46,0,22.06,LOW_RISK,HIGH
21.88,3.11,15.03,63.73,0,18.63,LOW_RISK,HIGH
8.93,13.32,31.85,68.59,0,17.93,LOW_RISK,HIGH
67.77,11.2,26.77,55.34,0,60.41,HIGH_RISK,LOW
23.48,0.33,32.57,47.74,1,32.89,LOW_RISK,HIGH
22.38,1.74,32.07,57.18,0,13.79,LOW_RISK,HIGH
3.58,0.55,18.18,48.91,0,0.0,LOW_RISK,HIGH
10.83,13.03,14.84,55.83,0,21.42,LOW_RISK,HIGH
26.32,2.88,30.44,59.99,0,23.65,LOW_RISK,HIGH
42.16,6.26,11.14,83.23,0,49.02,MEDIUM_RISK,MEDIUM
40.65,5.96,28.36,77.69,0,34.95,LOW_RISK,HIGH
24.7,3.67,33.89,77.54,0,29.55,LOW_RISK,HIGH
8.14,5.9,27.96,46.67,0,5.82,LOW_RISK,HIGH
28.11,1.28,34.42,38.58,0,12.75,LOW_RISK,HIGH
11.83,16.04,23.5,99.44,1,54.65,MEDIUM_RISK,MEDIUM
9.68,3.44,19.1,79.24,0,17.66,LOW_RISK,HIGH
9.41,4.36,23.11,46.7,0,16.06,LOW_RISK,HIGH
12.91,18.67,17.81,43.98,0,32.94,LOW_RISK,HIGH
16.51,2.59,15.94,62.86,0,30.11,LOW_RISK,HIGH
16.97,5.42,27.43,80.48,0,26.16,LOW_RISK,HIGH
25.46,6.19,27.16,82.5,0,38.34,MEDIUM_RISK,MEDIUM
24.66,11.75,9.46,71.13,0,36.76,MEDIUM_RISK,MEDIUM
7.6,15.07,27.95,100.0,1,60.22,HIGH_RISK,LOW
14.73,7.58,28.36,84.74,0,16.87,LOW_RISK,HIGH
17.83,11.54,29.48,83.82,0,43.37,MEDIUM_RISK,MEDIUM
10.46,7.6,19.51,77.48,0,19.36,LOW_RISK,HIGH
25.27,4.84,34.98,64.78,0,29.09,LOW_RISK,HIGH
24.4,7.32,12.2,63.49,0,21.53,LOW_RISK,HIGH
14.91,1.71,20.51,73.86,0,8.96,LOW_RISK,HIGH
13.14,10.32,35.28,75.92,0,25.66,LOW_RISK,HIGH
8.35,1.5,23.49,52.85,0,5.66,LOW_RISK,HIGH
21.66,9.87,23.33,68.04,0,34.38,LOW_RISK,HIGH
29.97,1.95,26.82,87.51,0,29.72,LOW_RISK,HIGH
33.55,27.96,23.49,77.98,1,80.79,HIGH_RISK,LOW
20.83,7.17,29.94,62.12,0,18.58,LOW_RISK,HIGH
36.25,8.58,26.69,88.71,0,52.43,MEDIUM_RISK,MEDIUM
24.55,6.57,23.15,58.11,0,23.79,LOW_RISK,HIGH
42.29,4.32,33.26,86.12,0,46.42,MEDIUM_RISK,MEDIUM
11.54,2.06,29.42,49.17,0,25.9,LOW_RISK,HIGH
51.48,1.5,16.56,70.67,0,41.78,MEDIUM_RISK,MEDIUM
18.87,9.9,28.73,60.51,0,28.91,LOW_RISK,HIGH
29.52,3.46,32.3,62.12,0,23.22,LOW_RISK,HIGH
4.8,2.69,17.51,51.52,0,13.21,LOW_RISK,HIGH
17.9,5.25,35.7,80.57,0,27.16,LOW_RISK,HIGH
49.81,17.37,20.31,66.62,1,69.89,HIGH_RISK,LOW
80.0,4.45,21.86,48.93,0,38.68,MEDIUM_RISK,MEDIUM
9.13,4.09,25.24,70.44,1,37.74,MEDIUM_RISK,MEDIUM
17.21,3.91,31.55,45.54,0,18.23,LOW_RISK,HIGH
14.3,4.55,34.12,67.86,0,17.11,LOW_RISK,HIGH
26.83,9.7,37.17,86.74,0,49.01,MEDIUM_RISK,MEDIUM
16.48,20.18,26.76,61.29,0,41.22,MEDIUM_RISK,MEDIUM
10.49,6.71,35.63,92.36,1,45.26,MEDIUM_RISK,MEDIUM
32.13,4.51,32.0,72.14,0,38.6,MEDIUM_RISK,MEDIUM
41.02,7.94,31.24,71.97,1,56.44,HIGH_RISK,LOW
47.83,9.87,20.59,100.0,0,59.14,HIGH_RISK,LOW
24.9,3.68,28.16,93.02,0,33.35,LOW_RISK,HIGH
14.05,4.22,15.09,70.16,0,22.62,LOW_RISK,HIGH
20.97,3.03,21.24,87.06,0,29.4,LOW_RISK,HIGH
17.29,18.71,28.26,66.09,1,51.58,MEDIUM_RISK,MEDIUM
9.08,1.81,25.76,32.02,0,1.86,LOW_RISK,HIGH
23.81,4.5,22.99,91.23,0,35.72,MEDIUM_RISK,MEDIUM
27.9,17.79,23.77,61.93,0,42.82,MEDIUM_RISK,MEDIUM
4.6,1.46,45.0,64.45,0,11.27,LOW_RISK,HIGH
5.22,5.12,28.41,64.3,0,13.43,LOW_RISK,HIGH
14.17,3.79,32.76,85.79,0,23.92,LOW_RISK,HIGH
52.61,3.39,37.61,82.71,0,48.43,MEDIUM_RISK,MEDIUM
28.91,1.89,21.78,83.04,0,20.9,LOW_RISK,HIGH
6.24,5.84,15.08,57.43,0,13.64,LOW_RISK,HIGH
39.3,6.84,30.45,76.55,0,41.02,MEDIUM_RISK,MEDIUM
30.95,5.16,28.56,76.08,0,36.93,MEDIUM_RISK,MEDIUM
10.76,0.99,39.7,81.1,0,13.82,LOW_RISK,HIGH
30.96,4.25,17.16,63.13,0,32.45,LOW_RISK,HIGH
28.16,2.88,17.43,29.49,0,15.69,LOW_RISK,HIGH
19.17,1.23,21.01,51.29,0,23.35,LOW_RISK,HIGH
11.61,15.28,29.83,71.68,0,35.95,MEDIUM_RISK,MEDIUM
56.59,6.01,36.8,38.13,0,34.93,LOW_RISK,HIGH
21.49,0.85,31.06,60.79,0,18.25,LOW_RISK,HIGH
45.92,11.23,19.95,62.79,0,49.91,MEDIUM_RISK,MEDIUM
20.89,4.79,42.43,58.6,0,26.21,LOW_RISK,HIGH
15.26,16.75,27.39,83.69,1,61.07,HIGH_RISK,LOW
16.94,1.26,20.66,91.97,0,31.29,LOW_RISK,HIGH
25.62,9.53,18.58,40.48,0,22.7,LOW_RISK,HIGH
0.41,6.83,21.72,49.96,0,4.77,LOW_RISK,HIGH
28.84,21.55,32.3,69.49,0,42.34,MEDIUM_RISK,MEDIUM
28.09,3.32,24.14,59.79,0,26.44,LOW_RISK,HIGH
26.55,3.22,22.39,88.85,0,28.68,LOW_RISK,HIGH
38.53,7.76,42.54,59.13,0,46.41,MEDIUM_RISK,MEDIUM
13.34,7.18,35.6,50.06,0,22.42,LOW_RISK,HIGH
25.05,14.56,40.93,87.07,0,47.59,MEDIUM_RISK,MEDIUM
26.75,15.07,15.69,78.72,1,56.49,HIGH_RISK,LOW
27.9,3.12,41.92,70.99,0,33.72,LOW_RISK,HIGH
53.18,9.26,34.74,68.98,0,53.98,MEDIUM_RISK,MEDIUM
17.84,6.62,30.17,97.47,0,39.17,MEDIUM_RISK,MEDIUM
9.53,7.37,38.58,76.52,0,24.29,LOW_RISK,HIGH
5.95,0.69,25.81,48.78,0,0.0,LOW_RISK,HIGH
15.12,14.99,24.42,69.96,0,27.9,LOW_RISK,HIGH
19.37,7.69,13.6,53.08,0,31.98,LOW_RISK,HIGH
18.99,7.7,36.84,72.21,0,28.18,LOW_RISK,HIGH
62.53,13.29,28.69,53.8,1,65.86,HIGH_RISK,LOW
40.18,5.26,41.81,63.63,0,34.96,LOW_RISK,HIGH
56.71,13.95,23.03,50.45,0,53.09,MEDIUM_RISK,MEDIUM
17.08,8.04,36.6,69.52,0,25.41,LOW_RISK,HIGH
19.79,11.7,22.12,62.36,0,33.37,LOW_RISK,HIGH
15.37,8.37,38.67,59.49,0,45.44,MEDIUM_RISK,MEDIUM
44.14,11.3,34.8,60.9,1,61.46,HIGH_RISK,LOW
17.05,22.79,35.13,64.61,0,33.36,LOW_RISK,HIGH
13.11,21.07,30.61,71.6,1,48.34,MEDIUM_RISK,MEDIUM
23.3,9.19,11.3,68.11,0,21.61,LOW_RISK,HIGH
41.52,16.65,34.05,82.14,1,76.51,HIGH_RISK,LOW
20.71,3.36,25.98,58.72,0,16.74,LOW_RISK,HIGH
20.61,13.0,36.78,44.06,0,38.46,MEDIUM_RISK,MEDIUM
16.35,9.25,15.96,46.01,1,45.58,MEDIUM_RISK,MEDIUM
11.72,14.47,32.04,69.72,0,21.02,LOW_RISK,HIGH
27.0,13.35,35.36,48.77,0,27.6,LOW_RISK,HIGH
10.04,4.98,40.07,73.35,0,20.06,LOW_RISK,HIGH
17.02,2.73,20.53,66.18,0,23.09,LOW_RISK,HIGH
14.36,28.6,39.45,57.06,0,34.28,LOW_RISK,HIGH
31.21,5.17,19.0,41.49,0,36.29,MEDIUM_RISK,MEDIUM
14.01,4.18,32.7,85.89,0,13.42,LOW_RISK,HIGH
34.05,7.34,30.17,87.15,0,43.02,MEDIUM_RISK,MEDIUM
23.91,3.39,24.61,44.13,0,29.26,LOW_RISK,HIGH
13.92,12.5,26.33,70.02,0,26.84,LOW_RISK,HIGH
40.64,5.63,21.59,98.27,0,44.01,MEDIUM_RISK,MEDIUM
11.81,9.51,20.19,69.89,0,12.49,LOW_RISK,HIGH
56.79,5.87,23.09,81.43,0,40.7,MEDIUM_RISK,MEDIUM
39.67,9.35,39.11,55.4,0,53.72,MEDIUM_RISK,MEDIUM
26.74,5.76,26.87,61.49,0,23.21,LOW_RISK,HIGH
45.9,3.52,31.31,64.1,0,31.26,LOW_RISK,HIGH
38.49,14.13,34.84,71.02,0,52.54,MEDIUM_RISK,MEDIUM
18.28,3.44,34.84,83.76,0,29.2,LOW_RISK,HIGH
20.69,4.25,27.5,100.0,1,49.61,MEDIUM_RISK,MEDIUM
53.17,14.46,28.22,92.39,0,57.36,HIGH_RISK,LOW
52.26,1.96,37.58,62.43,1,60.91,HIGH_RISK,LOW
5.8,6.42,25.84,82.1,0,15.31,LOW_RISK,HIGH
9.04,6.39,32.81,75.55,0,25.9,LOW_RISK,HIGH
21.35,3.68,32.49,77.66,0,32.24,LOW_RISK,HIGH
38.85,0.94,42.49,49.17,0,27.23,LOW_RISK,HIGH
23.22,5.97,16.78,52.27,0,23.25,LOW_RISK,HIGH
9.99,9.94,35.85,77.59,0,33.77,LOW_RISK,HIGH
17.7,2.61,24.12,67.56,0,21.08,LOW_RISK,HIGH
26.2,5.95,11.18,55.05,0,18.44,LOW_RISK,HIGH
10.22,6.49,27.22,100.0,0,23.54,LOW_RISK,HIGH
34.82,1.71,30.96,42.68,1,40.3,MEDIUM_RISK,MEDIUM
62.46,9.49,25.03,95.02,0,65.94,HIGH_RISK,LOW
6.1,3.47,25.81,69.57,0,15.44,LOW_RISK,HIGH
13.89,12.13,27.28,92.16,0,37.08,MEDIUM_RISK,MEDIUM
16.92,5.7,43.99,63.41,0,22.89,LOW_RISK,HIGH
16.6,7.11,15.3,68.54,0,27.24,LOW_RISK,HIGH
30.76,11.66,26.19,43.95,0,47.26,MEDIUM_RISK,MEDIUM
22.04,17.85,27.68,78.82,0,39.96,MEDIUM_RISK,MEDIUM
23.79,4.25,33.5,20.0,0,27.53,LOW_RISK,HIGH
3.27,1.64,26.83,61.45,0,13.23,LOW_RISK,HIGH
39.0,9.22,27.88,68.57,0,33.62,LOW_RISK,HIGH
16.15,6.43,38.65,78.34,0,30.24,LOW_RISK,HIGH
6.83,13.32,26.83,45.3,0,23.86,LOW_RISK,HIGH
17.43,9.68,21.77,89.68,0,49.64,MEDIUM_RISK,MEDIUM
8.02,10.33,10.27,48.2,0,23.69,LOW_RISK,HIGH
4.92,0.52,19.95,28.38,0,2.26,LOW_RISK,HIGH
12.91,14.09,23.4,100.0,0,27.94,LOW_RISK,HIGH
25.55,2.11,27.44,66.88,0,25.07,LOW_RISK,HIGH
12.27,7.44,31.96,75.34,0,19.24,LOW_RISK,HIGH
5.84,0.57,15.06,65.53,0,9.15,LOW_RISK,HIGH
12.55,0.87,41.02,20.0,0,8.91,LOW_RISK,HIGH
47.0,3.24,15.3,85.51,0,53.64,MEDIUM_RISK,MEDIUM
14.21,9.58,30.9,44.5,0,21.2,LOW_RISK,HIGH
12.02,8.61,36.01,57.29,0,28.96,LOW_RISK,HIGH
20.18,2.25,17.17,42.29,0,27.18,LOW_RISK,HIGH
23.64,8.89,12.67,56.68,0,39.65,MEDIUM_RISK,MEDIUM
38.99,4.64,9.26,92.66,1,61.6,HIGH_RISK,LOW
27.91,2.85,42.48,70.44,0,35.11,MEDIUM_RISK,MEDIUM
25.8,13.37,24.2,52.18,0,36.88,MEDIUM_RISK,MEDIUM
23.52,12.87,15.19,47.29,0,33.38,LOW_RISK,HIGH
4.27,6.14,32.29,88.19,0,27.65,LOW_RISK,HIGH
35.51,4.62,22.31,90.34,0,45.13,MEDIUM_RISK,MEDIUM
33.15,5.65,36.11,92.27,0,51.18,MEDIUM_RISK,MEDIUM
32.19,4.75,33.91,77.57,0,40.53,MEDIUM_RISK,MEDIUM
25.48,14.66,34.97,98.38,0,36.05,MEDIUM_RISK,MEDIUM
4.81,3.96,42.05,86.43,0,28.97,LOW_RISK,HIGH
41.36,5.73,27.23,36.16,0,31.09,LOW_RISK,HIGH
24.62,9.27,18.68,88.47,0,43.98,MEDIUM_RISK,MEDIUM
46.16,11.6,31.31,38.2,1,67.27,HIGH_RISK,LOW
12.85,5.85,15.64,66.58,0,18.02,LOW_RISK,HIGH
28.01,14.57,21.39,76.86,0,36.57,MEDIUM_RISK,MEDIUM
37.14,8.96,32.96,72.78,0,51.91,MEDIUM_RISK,MEDIUM
17.98,2.06,31.54,66.73,0,21.59,LOW_RISK,HIGH
44.79,5.89,37.08,77.2,0,41.72,MEDIUM_RISK,MEDIUM
28.33,3.51,30.08,44.71,0,23.22,LOW_RISK,HIGH
20.38,2.22,23.86,42.56,0,25.57,LOW_RISK,HIGH
16.24,1.9,38.95,61.81,0,16.03,LOW_RISK,HIGH
18.8,15.38,28.14,60.64,0,32.44,LOW_RISK,HIGH
24.39,12.82,15.42,55.45,0,35.23,MEDIUM_RISK,MEDIUM
57.46,24.0,21.39,90.56,1,82.26,HIGH_RISK,LOW
10.43,12.54,29.95,51.03,0,26.32,LOW_RISK,HIGH
4.17,5.48,28.7,38.84,0,12.55,LOW_RISK,HIGH
12.55,17.69,35.93,50.21,1,45.41,MEDIUM_RISK,MEDIUM
30.15,12.1,29.02,78.96,0,51.72,MEDIUM_RISK,MEDIUM
19.89,3.37,28.77,59.13,0,15.62,LOW_RISK,HIGH
11.79,3.97,33.54,100.0,1,40.66,MEDIUM_RISK,MEDIUM
80.0,15.03,34.82,46.46,1,76.08,HIGH_RISK,LOW
21.19,4.75,36.6,41.97,0,25.03,LOW_RISK,HIGH
17.57,1.54,30.9,93.73,0,25.75,LOW_RISK,HIGH
1.25,7.02,13.46,52.99,0,16.56,LOW_RISK,HIGH
20.47,1.18,33.03,91.24,0,26.15,LOW_RISK,HIGH
32.56,9.94,12.32,72.64,0,47.61,MEDIUM_RISK,MEDIUM
30.04,0.39,33.3,100.0,0,37.64,MEDIUM_RISK,MEDIUM
8.82,4.14,33.36,98.22,0,19.8,LOW_RISK,HIGH
13.31,13.68,45.0,84.22,0,26.5,LOW_RISK,HIGH
21.19,15.99,33.59,70.88,0,43.45,MEDIUM_RISK,MEDIUM
23.72,4.58,29.03,43.48,0,22.12,LOW_RISK,HIGH
9.44,16.64,19.13,79.47,0,34.19,LOW_RISK,HIGH
23.2,3.67,36.15,100.0,0,33.84,LOW_RISK,HIGH
20.94,10.54,21.11,77.81,0,36.49,MEDIUM_RISK,MEDIUM
13.31,5.75,18.31,70.57,0,17.5,LOW_RISK,HIGH
39.69,8.34,24.22,88.72,1,66.25,HIGH_RISK,LOW
18.39,8.7,33.2,60.64,0,32.41,LOW_RISK,HIGH
13.42,6.08,34.58,63.47,0,12.53,LOW_RISK,HIGH
57.92,4.97,24.56,98.25,1,67.21,HIGH_RISK,LOW
77.06,4.68,25.73,51.79,0,51.3,MEDIUM_RISK,MEDIUM
24.42,10.18,26.2,64.03,0,29.92,LOW_RISK,HIGH
9.79,3.94,34.28,66.27,0,16.96,LOW_RISK,HIGH
25.93,3.3,25.3,86.09,0,28.43,LOW_RISK,HIGH
35.21,2.97,30.15,74.79,0,40.68,MEDIUM_RISK,MEDIUM
16.16,11.63,26.57,55.47,0,32.0,LOW_RISK,HIGH
24.39,16.31,35.61,60.47,1,52.41,MEDIUM_RISK,MEDIUM
12.43,2.93,28.01,100.0,0,19.58,LOW_RISK,HIGH
50.87,5.32,26.05,71.11,0,48.59,MEDIUM_RISK,MEDIUM
54.53,5.97,23.69,99.38,0,52.74,MEDIUM_RISK,MEDIUM
24.7,5.5,23.86,41.84,0,30.89,LOW_RISK,HIGH
18.36,8.27,28.66,67.99,0,33.8,LOW_RISK,HIGH
32.19,12.89,16.5,84.94,0,49.71,MEDIUM_RISK,MEDIUM
36.88,18.09,25.45,50.93,0,43.6,MEDIUM_RISK,MEDIUM
51.38,10.08,22.17,80.8,1,67.22,HIGH_RISK,LOW
13.66,3.61,37.1,50.97,0,19.76,LOW_RISK,HIGH
9.86,9.07,33.18,51.87,0,21.48,LOW_RISK,HIGH
31.6,2.5,26.32,50.16,0,39.69,MEDIUM_RISK,MEDIUM
46.72,7.27,38.95,29.23,0,44.79,MEDIUM_RISK,MEDIUM
22.24,1.92,19.57,71.2,0,16.43,LOW_RISK,HIGH
31.12,8.5,24.78,73.7,0,46.49,MEDIUM_RISK,MEDIUM
28.82,8.52,31.6,65.83,0,30.02,LOW_RISK,HIGH
10.45,8.28,24.59,50.47,0,25.19,LOW_RISK,HIGH
32.61,4.83,27.69,100.0,0,49.78,MEDIUM_RISK,MEDIUM
60.65,8.63,30.51,50.24,1,61.66,HIGH_RISK,LOW
23.4,19.59,35.68,90.05,0,52.65,MEDIUM_RISK,MEDIUM
18.1,3.57,25.81,60.18,0,30.1,LOW_RISK,HIGH
27.86,10.9,12.43,100.0,0,48.8,MEDIUM_RISK,MEDIUM
29.97,8.04,27.44,47.28,0,27.89,LOW_RISK,HIGH
9.14,4.29,36.76,99.3,1,40.59,MEDIUM_RISK,MEDIUM
8.08,6.72,34.96,70.8,0,23.24,LOW_RISK,HIGH
11.15,9.11,17.01,88.04,0,35.22,MEDIUM_RISK,MEDIUM
8.08,12.19,22.32,78.39,0,23.09,LOW_RISK,HIGH
18.44,15.51,28.11,71.99,0,45.1,MEDIUM_RISK,MEDIUM
64.48,18.59,19.62,47.08,0,63.98,HIGH_RISK,LOW
21.18,1.2,39.44,69.51,0,11.63,LOW_RISK,HIGH
31.81,5.01,29.51,66.1,0,29.82,LOW_RISK,HIGH
17.92,12.62,18.94,44.31,0,25.83,LOW_RISK,HIGH
22.17,5.51,33.42,50.33,0,26.25,LOW_RISK,HIGH
7.35,6.64,32.63,68.41,0,19.4,LOW_RISK,HIGH
5.83,14.65,31.77,36.18,0,19.52,LOW_RISK,HIGH
29.97,8.67,12.87,58.12,0,27.29,LOW_RISK,HIGH
6.39,1.48,19.7,61.06,0,0.83,LOW_RISK,HIGH
14.97,9.68,32.65,77.03,0,29.61,LOW_RISK,HIGH
61.35,19.99,37.68,94.95,1,85.42,HIGH_RISK,LOW
44.72,6.15,24.49,20.0,1,49.46,MEDIUM_RISK,MEDIUM
7.64,3.19,31.44,89.75,0,30.81,LOW_RISK,HIGH
21.06,0.62,25.34,100.0,0,31.73,LOW_RISK,HIGH
16.13,12.2,26.03,61.45,0,26.24,LOW_RISK,HIGH
17.23,5.13,26.19,75.13,0,24.3,LOW_RISK,HIGH
39.91,5.36,18.44,72.09,0,39.41,MEDIUM_RISK,MEDIUM
36.26,3.64,37.03,86.16,0,46.71,MEDIUM_RISK,MEDIUM
20.38,6.75,23.5,58.63,0,30.98,LOW_RISK,HIGH
17.65,0.88,35.73,93.33,0,27.69,LOW_RISK,HIGH
17.25,2.07,20.79,56.28,0,18.68,LOW_RISK,HIGH
19.52,6.21,23.87,97.21,0,32.66,LOW_RISK,HIGH
38.04,2.61,28.28,71.73,0,44.23,MEDIUM_RISK,MEDIUM
8.07,2.6,18.95,37.06,0,8.42,LOW_RISK,HIGH
13.69,4.1,38.03,73.8,0,27.13,LOW_RISK,HIGH
21.24,1.26,33.91,79.59,0,20.98,LOW_RISK,HIGH
29.94,2.19,35.51,51.35,0,31.66,LOW_RISK,HIGH
6.22,4.42,35.64,89.62,0,28.18,LOW_RISK,HIGH
9.88,7.64,37.39,76.52,0,17.85,LOW_RISK,HIGH
21.13,9.74,26.47,70.19,0,34.19,LOW_RISK,HIGH
23.78,6.54,39.56,62.92,0,22.44,LOW_RISK,HIGH
5.64,15.49,32.76,90.64,1,58.43,HIGH_RISK,LOW
15.4,7.79,23.86,91.93,0,39.33,MEDIUM_RISK,MEDIUM
10.77,13.82,28.35,38.56,0,20.04,LOW_RISK,HIGH
22.32,4.48,24.57,78.46,0,24.74,LOW_RISK,HIGH
11.55,2.56,22.91,52.26,0,9.55,LOW_RISK,HIGH
8.3,7.13,27.75,86.4,0,22.44,LOW_RISK,HIGH
6.58,2.19,36.85,46.87,0,13.66,LOW_RISK,HIGH
30.24,2.68,34.27,47.75,0,36.82,MEDIUM_RISK,MEDIUM
12.44,3.39,36.4,84.24,0,18.16,LOW_RISK,HIGH
8.44,17.44,37.59,56.56,0,35.73,MEDIUM_RISK,MEDIUM
11.12,8.98,30.41,81.11,0,32.56,LOW_RISK,HIGH
12.92,3.6,19.07,56.28,0,15.56,LOW_RISK,HIGH
25.48,6.72,42.39,36.05,0,24.39,LOW_RISK,HIGH
25.46,4.41,21.2,56.57,0,27.33,LOW_RISK,HIGH
5.25,4.26,26.55,84.99,0,20.49,LOW_RISK,HIGH
10.34,18.02,21.2,76.18,0,37.65,MEDIUM_RISK,MEDIUM
67.56,4.06,27.37,87.79,1,71.52,HIGH_RISK,LOW
14.6,2.43,23.9,69.1,0,15.36,LOW_RISK,HIGH
16.38,13.16,37.92,69.08,0,36.33,MEDIUM_RISK,MEDIUM
23.86,1.75,23.2,96.56,1,40.08,MEDIUM_RISK,MEDIUM
12.02,1.72,25.71,76.09,0,12.14,LOW_RISK,HIGH
48.37,4.14,22.59,75.0,0,49.4,MEDIUM_RISK,MEDIUM
35.93,4.87,28.72,99.81,0,40.65,MEDIUM_RISK,MEDIUM
11.57,5.52,20.45,41.69,0,18.95,LOW_RISK,HIGH
25.29,0.74,32.37,24.15,0,16.05,LOW_RISK,HIGH
8.74,4.62,40.33,83.51,0,18.96,LOW_RISK,HIGH
16.99,1.82,32.0,51.33,0,5.2,LOW_RISK,HIGH
20.59,3.43,34.84,49.65,0,28.46,LOW_RISK,HIGH
33.36,3.23,27.94,71.57,0,35.28,MEDIUM_RISK,MEDIUM
38.52,12.78,29.37,31.93,0,47.4,MEDIUM_RISK,MEDIUM
13.2,8.48,42.07,60.97,0,16.29,LOW_RISK,HIGH
34.0,0.29,28.51,89.08,0,27.49,LOW_RISK,HIGH
10.12,6.54,29.99,54.15,0,18.02,LOW_RISK,HIGH
7.04,14.52,16.97,78.71,0,31.64,LOW_RISK,HIGH
10.15,4.43,28.77,45.74,0,11.41,LOW_RISK,HIGH
9.29,6.05,5.0,45.41,0,16.37,LOW_RISK,HIGH
8.28,4.45,30.91,70.36,0,20.58,LOW_RISK,HIGH
14.54,9.0,36.4,97.7,0,31.56,LOW_RISK,HIGH
15.71,1.57,21.78,22.7,0,23.8,LOW_RISK,HIGH
21.19,5.35,19.99,71.16,0,27.38,LOW_RISK,HIGH
19.07,13.51,27.17,70.55,0,34.7,LOW_RISK,HIGH
25.72,12.09,28.42,56.58,0,39.24,MEDIUM_RISK,MEDIUM
22.13,7.99,25.21,68.74,0,24.18,LOW_RISK,HIGH
50.02,12.34,21.17,96.17,0,55.38,HIGH_RISK,LOW
18.27,9.27,25.54,96.81,0,42.19,MEDIUM_RISK,MEDIUM
31.76,4.25,25.51,63.57,0,40.36,MEDIUM_RISK,MEDIUM
28.46,6.57,10.53,84.46,0,29.42,LOW_RISK,HIGH
27.42,8.05,21.81,67.24,0,28.27,LOW_RISK,HIGH
18.52,5.75,24.68,67.08,0,26.7,LOW_RISK,HIGH
41.05,27.75,24.31,60.75,0,59.58,HIGH_RISK,LOW
10.45,5.33,30.25,77.42,1,34.71,LOW_RISK,HIGH
12.56,4.03,26.62,20.0,0,12.24,LOW_RISK,HIGH
18.52,2.86,35.51,63.09,0,22.88,LOW_RISK,HIGH
52.53,3.46,29.89,66.55,0,34.93,LOW_RISK,HIGH
10.22,6.93,14.17,100.0,1,40.95,MEDIUM_RISK,MEDIUM
21.37,6.18,28.14,60.72,0,15.4,LOW_RISK,HIGH
13.53,5.34,33.11,73.81,0,12.93,LOW_RISK,HIGH
20.88,1.95,23.87,35.69,0,17.88,LOW_RISK,HIGH
28.47,10.58,43.35,42.33,0,34.2,LOW_RISK,HIGH
14.65,26.76,36.66,54.55,0,33.36,LOW_RISK,HIGH
15.6,8.91,15.26,63.26,0,26.76,LOW_RISK,HIGH
79.4,2.41,24.66,75.22,1,73.59,HIGH_RISK,LOW
15.14,5.79,29.95,77.45,0,21.56,LOW_RISK,HIGH
27.04,10.13,27.22,83.46,0,40.95,MEDIUM_RISK,MEDIUM
61.86,6.59,34.48,40.02,0,46.39,MEDIUM_RISK,MEDIUM
20.42,6.46,41.32,64.45,0,21.12,LOW_RISK,HIGH
33.86,7.65,26.41,37.78,0,28.64,LOW_RISK,HIGH
16.72,1.44,23.54,61.76,0,10.74,LOW_RISK,HIGH
17.07,13.61,24.97,89.21,0,49.2,MEDIUM_RISK,MEDIUM
18.09,6.79,25.73,61.9,0,17.56,LOW_RISK,HIGH
20.71,8.15,40.3,74.65,0,41.75,MEDIUM_RISK,MEDIUM
13.91,9.06,24.15,52.14,0,21.1,LOW_RISK,HIGH
23.38,2.91,37.36,74.74,0,21.38,LOW_RISK,HIGH
37.05,10.29,30.82,100.0,0,48.36,MEDIUM_RISK,MEDIUM
61.66,3.22,19.44,92.6,0,59.65,HIGH_RISK,LOW
27.85,5.19,14.38,39.23,0,25.58,LOW_RISK,HIGH
30.76,12.13,27.55,50.05,1,59.0,HIGH_RISK,LOW
37.65,0.11,16.72,39.94,0,23.59,LOW_RISK,HIGH
19.24,15.88,13.8,65.78,1,61.14,HIGH_RISK,LOW
12.23,18.4,28.92,28.23,1,47.3,MEDIUM_RISK,MEDIUM
55.42,10.17,37.21,56.57,0,54.43,MEDIUM_RISK,MEDIUM
19.67,17.58,38.12,83.78,0,51.79,MEDIUM_RISK,MEDIUM
22.42,8.42,20.22,60.79,0,35.98,MEDIUM_RISK,MEDIUM
31.93,1.52,8.79,82.93,0,40.5,MEDIUM_RISK,MEDIUM
6.75,7.16,27.87,33.01,0,5.65,LOW_RISK,HIGH
54.44,0.75,28.6,65.38,0,33.41,LOW_RISK,HIGH
12.22,0.95,22.74,61.21,0,0.0,LOW_RISK,HIGH
6.0,13.62,34.88,71.64,0,30.61,LOW_RISK,HIGH
14.7,3.82,14.62,100.0,0,23.87,LOW_RISK,HIGH
20.38,5.5,31.98,76.61,1,45.72,MEDIUM_RISK,MEDIUM
26.58,4.72,22.19,69.78,0,29.6,LOW_RISK,HIGH
1.99,0.74,12.3,100.0,0,18.62,LOW_RISK,HIGH
12.65,2.2,19.45,99.73,0,24.81,LOW_RISK,HIGH
14.38,7.04,21.21,56.6,0,6.62,LOW_RISK,HIGH
6.5,6.86,25.95,85.29,1,37.68,MEDIUM_RISK,MEDIUM
7.93,16.15,8.08,55.54,0,37.53,MEDIUM_RISK,MEDIUM
17.62,4.84,38.68,43.65,0,27.9,LOW_RISK,HIGH
28.86,9.75,24.69,60.09,0,32.99,LOW_RISK,HIGH
18.55,0.72,26.43,39.38,0,13.79,LOW_RISK,HIGH
17.03,15.82,25.56,71.15,0,42.74,MEDIUM_RISK,MEDIUM
6.19,4.42,33.03,58.29,0,15.12,LOW_RISK,HIGH
30.28,7.78,22.88,31.86,0,40.04,MEDIUM_RISK,MEDIUM
59.51,12.4,37.6,86.73,1,74.4,HIGH_RISK,LOW
66.22,1.18,21.03,55.61,0,43.48,MEDIUM_RISK,MEDIUM
14.5,8.3,30.24,78.32,0,33.8,LOW_RISK,HIGH
57.25,8.84,19.86,95.32,1,72.28,HIGH_RISK,LOW
13.43,2.11,45.0,91.7,0,30.06,LOW_RISK,HIGH
30.2,1.01,26.58,46.97,0,18.8,LOW_RISK,HIGH
13.25,0.84,39.08,45.67,0,3.98,LOW_RISK,HIGH
6.95,23.57,37.69,64.99,0,33.52,LOW_RISK,HIGH
31.23,2.6,30.02,55.74,0,44.52,MEDIUM_RISK,MEDIUM
3.98,7.56,26.75,61.51,0,23.67,LOW_RISK,HIGH
15.9,5.56,5.0,65.15,0,25.77,LOW_RISK,HIGH
25.59,6.14,34.93,78.86,0,24.1,LOW_RISK,HIGH
12.03,18.39,17.61,53.01,0,30.93,LOW_RISK,HIGH
24.87,6.28,32.27,80.45,0,29.32,LOW_RISK,HIGH
29.21,8.53,31.94,46.27,0,33.18,LOW_RISK,HIGH
28.8,20.22,29.26,81.59,0,39.24,MEDIUM_RISK,MEDIUM
7.8,1.33,43.42,72.86,0,15.39,LOW_RISK,HIGH
23.34,3.64,29.96,20.0,0,26.09,LOW_RISK,HIGH
5.11,15.66,22.82,91.81,1,57.27,HIGH_RISK,LOW
4.61,4.49,26.95,21.57,0,11.31,LOW_RISK,HIGH
26.99,0.9,34.26,71.86,0,23.61,LOW_RISK,HIGH
49.03,3.32,32.25,76.13,0,43.08,MEDIUM_RISK,MEDIUM
20.4,8.86,35.91,85.53,0,41.84,MEDIUM_RISK,MEDIUM
12.62,8.68,33.24,78.22,0,26.53,LOW_RISK,HIGH
17.53,2.16,19.41,45.7,0,28.99,LOW_RISK,HIGH
2.92,5.02,39.85,80.9,0,22.84,LOW_RISK,HIGH
18.07,8.69,22.75,95.2,0,40.78,MEDIUM_RISK,MEDIUM
29.17,6.18,40.32,90.14,0,34.87,LOW_RISK,HIGH
26.03,23.04,28.44,83.59,0,47.42,MEDIUM_RISK,MEDIUM
28.95,2.47,28.61,51.87,0,19.61,LOW_RISK,HIGH
11.4,7.36,20.11,70.94,0,20.89,LOW_RISK,HIGH
9.01,0.92,22.61,65.65,0,5.36,LOW_RISK,HIGH
4.05,5.39,25.84,68.23,0,11.17,LOW_RISK,HIGH
36.07,5.14,37.72,57.32,0,36.53,MEDIUM_RISK,MEDIUM
15.26,10.28,21.94,69.3,0,32.86,LOW_RISK,HIGH
30.38,5.35,32.06,97.03,0,46.01,MEDIUM_RISK,MEDIUM
14.7,5.53,17.58,82.82,0,23.1,LOW_RISK,HIGH
16.73,3.26,19.57,48.03,0,20.23,LOW_RISK,HIGH
37.19,18.52,25.03,65.72,0,53.87,MEDIUM_RISK,MEDIUM
48.59,5.49,37.29,76.61,1,64.01,HIGH_RISK,LOW
55.0,3.19,25.23,100.0,0,55.69,HIGH_RISK,LOW
18.47,4.04,32.23,46.35,0,23.22,LOW_RISK,HIGH
6.47,9.71,17.86,84.22,0,28.85,LOW_RISK,HIGH
64.4,6.14,30.38,85.08,0,58.43,HIGH_RISK,LOW
31.74,3.24,20.88,40.2,0,34.93,LOW_RISK,HIGH
18.41,9.53,27.82,70.94,0,37.86,MEDIUM_RISK,MEDIUM
17.06,4.74,15.62,78.21,0,22.31,LOW_RISK,HIGH
68.16,24.45,19.14,63.06,0,64.55,HIGH_RISK,LOW
23.13,9.77,32.66,51.15,0,39.51,MEDIUM_RISK,MEDIUM
24.67,4.53,23.8,34.38,0,22.49,LOW_RISK,HIGH
25.43,6.28,45.0,77.33,0,30.93,LOW_RISK,HIGH
29.13,14.49,21.95,60.09,0,30.17,LOW_RISK,HIGH
39.01,2.54,29.76,40.62,0,32.63,LOW_RISK,HIGH
41.03,10.35,13.53,51.32,0,45.14,MEDIUM_RISK,MEDIUM
49.48,4.23,23.44,60.08,1,58.81,HIGH_RISK,LOW
25.38,3.69,23.25,70.83,0,31.63,LOW_RISK,HIGH
35.85,6.83,34.42,54.66,0,35.42,MEDIUM_RISK,MEDIUM
25.48,28.41,29.5,29.38,1,61.24,HIGH_RISK,LOW
7.76,8.78,23.04,54.91,0,25.56,LOW_RISK,HIGH
31.98,2.06,37.38,77.98,0,44.67,MEDIUM_RISK,MEDIUM
47.1,3.15,20.96,65.76,1,51.73,MEDIUM_RISK,MEDIUM
21.14,3.18,36.97,69.16,0,28.76,LOW_RISK,HIGH
14.12,5.0,8.29,65.28,0,15.89,LOW_RISK,HIGH
19.75,5.45,33.52,28.83,0,28.9,LOW_RISK,HIGH
31.63,2.17,27.91,58.63,0,34.68,LOW_RISK,HIGH
16.16,2.29,31.41,54.72,0,22.73,LOW_RISK,HIGH
20.57,4.84,21.4,42.07,0,17.6,LOW_RISK,HIGH
25.32,13.48,31.89,85.03,1,53.06,MEDIUM_RISK,MEDIUM
27.59,5.76,42.1,84.39,0,29.85,LOW_RISK,HIGH
20.24,4.91,26.13,47.95,0,23.19,LOW_RISK,HIGH
32.26,11.12,27.64,90.02,0,49.59,MEDIUM_RISK,MEDIUM
28.17,9.44,31.36,70.33,0,41.75,MEDIUM_RISK,MEDIUM
23.82,3.78,15.77,61.12,0,25.26,LOW_RISK,HIGH
20.09,9.13,22.07,80.3,0,30.7,LOW_RISK,HIGH
22.62,18.39,37.39,75.21,0,41.99,MEDIUM_RISK,MEDIUM
22.05,8.91,26.9,83.06,0,40.4,MEDIUM_RISK,MEDIUM
17.44,2.69,25.54,37.28,0,19.31,LOW_RISK,HIGH
14.1,5.1,32.78,98.17,0,29.61,LOW_RISK,HIGH
52.9,1.51,38.22,38.39,1,42.86,MEDIUM_RISK,MEDIUM
9.9,9.7,22.95,95.93,0,31.8,LOW_RISK,HIGH
26.31,6.67,11.36,91.04,1,40.01,MEDIUM_RISK,MEDIUM
18.52,0.89,30.95,77.73,0,23.13,LOW_RISK,HIGH
41.8,10.2,18.75,82.05,0,49.77,MEDIUM_RISK,MEDIUM
21.89,1.99,28.69,66.58,0,12.87,LOW_RISK,HIGH
16.0,7.05,23.09,35.42,0,25.33,LOW_RISK,HIGH
9.19,6.54,21.68,47.33,0,4.26,LOW_RISK,HIGH
23.53,0.35,30.56,57.04,0,18.24,LOW_RISK,HIGH
42.4,7.97,30.96,87.4,1,61.12,HIGH_RISK,LOW
13.37,12.1,37.43,83.82,0,27.61,LOW_RISK,HIGH
20.74,4.81,25.34,72.77,0,30.91,LOW_RISK,HIGH
44.85,8.94,9.2,89.38,0,54.81,MEDIUM_RISK,MEDIUM
23.16,4.38,29.69,73.93,0,34.88,LOW_RISK,HIGH
31.74,1.16,24.41,66.51,0,28.73,LOW_RISK,HIGH
41.57,7.69,18.63,83.95,0,42.0,MEDIUM_RISK,MEDIUM
7.34,6.01,34.95,50.97,0,13.42,LOW_RISK,HIGH
28.67,2.94,24.03,81.89,0,24.04,LOW_RISK,HIGH
11.99,1.13,31.2,83.57,0,6.58,LOW_RISK,HIGH
22.51,11.55,37.51,39.8,0,34.12,LOW_RISK,HIGH
17.67,7.92,32.08,72.55,0,23.93,LOW_RISK,HIGH
16.05,11.19,9.31,49.3,0,35.15,MEDIUM_RISK,MEDIUM
23.57,4.12,31.94,52.36,0,20.07,LOW_RISK,HIGH
20.32,3.95,15.35,79.67,0,27.62,LOW_RISK,HIGH
22.39,3.27,19.53,35.94,0,21.43,LOW_RISK,HIGH
23.16,4.36,32.02,56.2,0,21.69,LOW_RISK,HIGH
36.65,13.95,30.54,84.08,0,50.45,MEDIUM_RISK,MEDIUM
6.34,11.07,20.75,73.11,0,29.34,LOW_RISK,HIGH
19.24,3.72,10.4,59.31,0,22.15,LOW_RISK,HIGH
2.91,12.86,28.37,74.06,0,32.33,LOW_RISK,HIGH
53.7,6.82,41.11,83.5,0,58.1,HIGH_RISK,LOW
17.25,2.58,18.05,39.71,0,29.85,LOW_RISK,HIGH
20.58,11.17,5.0,36.2,0,32.48,LOW_RISK,HIGH
33.41,8.3,18.27,75.87,0,51.86,MEDIUM_RISK,MEDIUM
23.49,1.92,20.15,78.89,0,25.61,LOW_RISK,HIGH
20.75,9.21,30.75,61.36,0,28.65,LOW_RISK,HIGH
27.03,0.22,39.77,100.0,0,28.19,LOW_RISK,HIGH
63.02,9.36,27.93,33.67,0,51.9,MEDIUM_RISK,MEDIUM
17.2,2.68,30.95,47.65,0,21.9,LOW_RISK,HIGH
41.5,3.92,20.44,29.08,0,35.86,MEDIUM_RISK,MEDIUM
17.18,5.69,33.65,64.58,0,19.79,LOW_RISK,HIGH
18.59,2.34,15.22,72.72,0,26.16,LOW_RISK,HIGH
19.2,3.51,36.78,92.87,0,27.6,LOW_RISK,HIGH
19.22,4.88,28.22,67.9,0,31.21,LOW_RISK,HIGH
21.51,5.95,35.71,69.29,0,18.67,LOW_RISK,HIGH
8.42,3.29,19.85,79.87,0,20.49,LOW_RISK,HIGH
18.65,1.28,28.71,67.24,0,15.85,LOW_RISK,HIGH
47.87,11.02,27.96,86.0,0,62.68,HIGH_RISK,LOW
9.12,9.07,31.41,45.15,0,17.68,LOW_RISK,HIGH
23.85,1.58,25.26,58.96,0,20.24,LOW_RISK,HIGH
36.31,3.44,28.12,25.77,0,38.27,MEDIUM_RISK,MEDIUM
46.32,1.35,7.03,41.41,0,32.43,LOW_RISK,HIGH
26.57,7.94,15.69,93.05,0,35.11,MEDIUM_RISK,MEDIUM
31.42,14.54,25.07,62.25,1,60.87,HIGH_RISK,LOW
21.67,8.81,33.98,43.57,0,31.45,LOW_RISK,HIGH
12.23,7.97,27.0,75.8,0,20.04,LOW_RISK,HIGH
22.29,6.26,23.35,69.69,0,21.02,LOW_RISK,HIGH
9.82,5.02,30.96,53.67,0,8.53,LOW_RISK,HIGH
25.67,1.96,23.97,31.79,0,17.98,LOW_RISK,HIGH
23.04,2.51,34.95,51.51,0,29.89,LOW_RISK,HIGH
59.14,7.91,26.0,43.97,0,38.6,MEDIUM_RISK,MEDIUM
13.45,10.79,31.52,78.41,0,28.01,LOW_RISK,HIGH
33.36,7.2,23.04,42.97,0,31.38,LOW_RISK,HIGH
29.09,8.46,17.17,89.82,0,41.96,MEDIUM_RISK,MEDIUM
28.97,8.13,24.78,68.57,0,31.34,LOW_RISK,HIGH
14.23,10.14,27.79,48.43,0,17.67,LOW_RISK,HIGH
11.67,5.4,31.74,100.0,1,38.07,MEDIUM_RISK,MEDIUM
7.35,1.56,39.35,69.86,0,4.6,LOW_RISK,HIGH
12.15,5.86,22.79,82.28,0,23.83,LOW_RISK,HIGH
31.54,3.4,18.71,72.24,0,38.34,MEDIUM_RISK,MEDIUM
18.1,11.59,17.55,100.0,1,57.98,HIGH_RISK,LOW
32.24,1.52,21.03,79.74,0,29.91,LOW_RISK,HIGH
7.47,4.6,29.57,39.88,0,7.06,LOW_RISK,HIGH
5.83,21.74,30.31,81.93,0,40.94,MEDIUM_RISK,MEDIUM
29.93,1.17,22.67,73.69,0,17.61,LOW_RISK,HIGH
34.64,1.05,21.66,73.5,0,28.79,LOW_RISK,HIGH
25.14,16.98,25.9,68.41,0,36.31,MEDIUM_RISK,MEDIUM
3.19,18.3,34.5,100.0,1,56.12,HIGH_RISK,LOW
30.44,3.48,34.26,62.24,0,32.05,LOW_RISK,HIGH
6.29,9.62,13.84,52.39,0,27.02,LOW_RISK,HIGH
48.4,4.06,27.07,64.65,1,55.93,HIGH_RISK,LOW
7.9,11.48,19.32,87.29,0,35.09,MEDIUM_RISK,MEDIUM
21.94,6.37,27.78,53.71,1,41.31,MEDIUM_RISK,MEDIUM
42.32,4.44,29.9,87.66,0,44.64,MEDIUM_RISK,MEDIUM
9.7,3.12,29.21,53.5,0,11.87,LOW_RISK,HIGH
9.33,21.89,28.55,100.0,1,49.38,MEDIUM_RISK,MEDIUM
14.26,14.94,31.07,40.56,0,18.0,LOW_RISK,HIGH
32.48,6.07,21.53,77.17,0,43.3,MEDIUM_RISK,MEDIUM
62.45,6.07,22.24,47.37,1,58.6,HIGH_RISK,LOW
45.71,6.23,27.71,70.01,1,59.46,HIGH_RISK,LOW
24.03,7.11,26.58,87.72,0,33.5,LOW_RISK,HIGH
18.46,2.42,28.85,74.56,0,28.73,LOW_RISK,HIGH
6.71,5.61,27.01,38.74,0,12.67,LOW_RISK,HIGH
29.01,7.71,33.75,65.02,0,24.76,LOW_RISK,HIGH
43.79,9.09,42.84,60.32,0,50.84,MEDIUM_RISK,MEDIUM
54.62,5.65,32.93,100.0,0,55.84,HIGH_RISK,LOW
19.22,16.38,14.1,69.64,1,59.46,HIGH_RISK,LOW
4.81,24.68,16.61,77.2,1,56.71,HIGH_RISK,LOW
29.29,3.37,37.63,60.04,0,27.15,LOW_RISK,HIGH
31.2,10.94,31.42,88.94,0,53.23,MEDIUM_RISK,MEDIUM
28.58,14.67,22.4,79.96,0,34.51,LOW_RISK,HIGH
25.24,12.51,26.62,29.98,0,25.99,LOW_RISK,HIGH
16.09,6.0,36.08,42.45,0,23.88,LOW_RISK,HIGH
28.06,9.81,26.62,39.74,0,22.21,LOW_RISK,HIGH
29.64,2.5,36.25,59.41,0,24.04,LOW_RISK,HIGH
38.63,5.31,31.95,82.91,0,33.2,LOW_RISK,HIGH
25.39,11.61,32.97,70.68,0,41.84,MEDIUM_RISK,MEDIUM
15.39,0.84,33.16,100.0,0,33.35,LOW_RISK,HIGH
14.43,5.2,15.73,51.13,0,8.56,LOW_RISK,HIGH
6.07,6.68,16.39,63.18,0,21.76,LOW_RISK,HIGH
42.86,6.86,25.12,52.36,1,49.23,MEDIUM_RISK,MEDIUM
4.32,6.76,29.42,74.52,0,14.49,LOW_RISK,HIGH
29.1,4.81,31.29,73.44,0,28.45,LOW_RISK,HIGH
18.93,16.19,28.04,75.77,0,40.28,MEDIUM_RISK,MEDIUM
6.64,7.98,43.06,54.06,0,11.1,LOW_RISK,HIGH
21.19,5.97,27.99,35.14,0,18.46,LOW_RISK,HIGH
32.9,8.77,37.86,47.18,0,43.17,MEDIUM_RISK,MEDIUM
23.7,5.16,29.39,59.96,0,20.45,LOW_RISK,HIGH
11.72,2.26,14.35,62.11,0,17.23,LOW_RISK,HIGH
29.39,7.26,31.55,69.89,0,27.41,LOW_RISK,HIGH
3.7,9.07,28.72,82.53,0,29.56,LOW_RISK,HIGH
26.45,2.1,25.98,89.11,0,37.96,MEDIUM_RISK,MEDIUM
11.31,2.14,8.22,56.94,0,21.24,LOW_RISK,HIGH
19.53,1.73,36.69,62.59,0,15.64,LOW_RISK,HIGH
36.18,6.57,35.3,76.54,0,45.29,MEDIUM_RISK,MEDIUM
41.84,7.85,33.23,39.38,1,53.29,MEDIUM_RISK,MEDIUM
18.25,10.77,37.8,86.95,1,59.23,HIGH_RISK,LOW
25.42,5.4,29.69,73.73,0,31.96,LOW_RISK,HIGH
56.31,7.37,25.25,72.66,1,58.87,HIGH_RISK,LOW
3.69,10.06,28.14,65.97,0,20.51,LOW_RISK,HIGH
5.46,8.66,28.17,54.35,0,18.21,LOW_RISK,HIGH
14.75,2.03,23.69,33.4,0,16.64,LOW_RISK,HIGH
32.43,14.89,25.83,55.19,0,44.8,MEDIUM_RISK,MEDIUM
16.68,3.69,32.44,60.59,0,22.71,LOW_RISK,HIGH
37.48,9.34,19.83,86.79,0,50.59,MEDIUM_RISK,MEDIUM
15.44,6.14,16.96,79.31,0,31.24,LOW_RISK,HIGH
25.45,6.0,35.3,42.27,0,16.94,LOW_RISK,HIGH
12.1,3.82,33.77,46.54,0,16.69,LOW_RISK,HIGH
28.11,1.38,18.1,75.77,0,17.8,LOW_RISK,HIGH
10.78,2.69,17.13,83.67,0,21.06,LOW_RISK,HIGH
31.75,26.44,16.8,100.0,1,73.68,HIGH_RISK,LOW
25.48,1.97,38.58,50.81,0,23.61,LOW_RISK,HIGH
40.46,0.47,36.06,39.89,0,31.35,LOW_RISK,HIGH
16.44,7.84,20.05,87.79,1,46.68,MEDIUM_RISK,MEDIUM
17.55,7.51,18.01,87.77,0,30.7,LOW_RISK,HIGH
27.4,8.34,32.14,36.76,0,30.08,LOW_RISK,HIGH
57.44,16.07,13.61,69.52,0,60.07,HIGH_RISK,LOW
18.78,2.42,24.43,55.79,0,15.43,LOW_RISK,HIGH
35.04,3.79,37.63,83.55,0,46.69,MEDIUM_RISK,MEDIUM
52.15,1.35,35.7,77.93,1,57.41,HIGH_RISK,LOW
35.23,17.02,21.2,55.96,0,52.38,MEDIUM_RISK,MEDIUM
31.81,8.7,26.24,100.0,1,73.39,HIGH_RISK,LOW
16.79,16.66,23.17,100.0,1,64.71,HIGH_RISK,LOW
19.56,2.13,23.38,49.42,0,27.06,LOW_RISK,HIGH
20.02,1.84,25.61,20.0,0,10.87,LOW_RISK,HIGH
19.61,4.06,30.87,29.75,0,20.98,LOW_RISK,HIGH
20.94,4.94,33.06,90.59,0,35.09,MEDIUM_RISK,MEDIUM
41.23,6.88,26.51,61.16,1,49.78,MEDIUM_RISK,MEDIUM
24.07,5.34,18.88,62.34,0,28.15,LOW_RISK,HIGH
24.01,6.69,26.56,66.36,0,22.31,LOW_RISK,HIGH
35.09,9.8,18.51,85.69,0,54.5,MEDIUM_RISK,MEDIUM
16.76,3.68,14.63,56.02,0,24.95,LOW_RISK,HIGH
18.41,2.93,25.82,67.04,0,18.18,LOW_RISK,HIGH
22.43,7.13,28.95,81.02,1,44.4,MEDIUM_RISK,MEDIUM
12.11,13.36,21.87,64.95,0,27.22,LOW_RISK,HIGH
8.45,10.8,22.75,81.74,0,31.74,LOW_RISK,HIGH
27.08,8.43,31.4,84.92,0,41.73,MEDIUM_RISK,MEDIUM
29.52,1.16,25.0,76.58,0,16.17,LOW_RISK,HIGH
14.57,2.88,17.27,65.95,0,15.99,LOW_RISK,HIGH
39.85,0.91,19.17,100.0,0,27.92,LOW_RISK,HIGH
25.22,8.88,25.43,85.09,0,40.3,MEDIUM_RISK,MEDIUM
43.68,12.65,24.35,71.71,0,41.01,MEDIUM_RISK,MEDIUM
36.72,13.19,33.15,74.73,0,55.37,HIGH_RISK,LOW
24.19,8.04,14.94,55.9,0,34.66,LOW_RISK,HIGH
32.62,9.89,19.17,43.79,0,45.15,MEDIUM_RISK,MEDIUM
80.0,12.49,14.53,61.95,0,59.13,HIGH_RISK,LOW
20.69,1.41,14.94,38.67,0,15.51,LOW_RISK,HIGH
27.76,8.2,28.12,74.95,0,36.36,MEDIUM_RISK,MEDIUM
21.72,7.74,24.48,76.28,0,25.84,LOW_RISK,HIGH
65.95,1.09,25.85,50.64,0,42.11,MEDIUM_RISK,MEDIUM
21.98,9.94,9.82,57.83,0,32.55,LOW_RISK,HIGH
40.45,2.24,29.69,47.4,1,44.98,MEDIUM_RISK,MEDIUM
47.95,3.18,31.27,41.69,0,35.52,MEDIUM_RISK,MEDIUM
21.8,10.31,39.96,51.66,0,29.92,LOW_RISK,HIGH
16.49,9.89,30.37,41.08,0,26.34,LOW_RISK,HIGH
14.87,8.68,33.49,37.61,0,22.44,LOW_RISK,HIGH
24.55,6.52,6.98,76.85,0,29.88,LOW_RISK,HIGH
24.45,20.12,24.99,66.71,1,45.35,MEDIUM_RISK,MEDIUM
26.29,14.1,37.82,27.49,0,30.17,LOW_RISK,HIGH
6.82,5.27,32.13,57.37,0,20.68,LOW_RISK,HIGH
38.35,3.84,23.87,48.1,0,37.16,MEDIUM_RISK,MEDIUM
8.92,11.45,34.41,83.71,0,33.55,LOW_RISK,HIGH
4.98,6.78,27.8,100.0,0,24.14,LOW_RISK,HIGH
40.58,1.19,30.35,68.28,0,28.19,LOW_RISK,HIGH
31.44,13.12,21.87,62.38,0,40.71,MEDIUM_RISK,MEDIUM
48.88,8.61,26.94,83.91,0,46.91,MEDIUM_RISK,MEDIUM
47.05,4.22,32.37,30.56,0,32.66,LOW_RISK,HIGH
12.99,1.39,9.25,57.91,0,10.55,LOW_RISK,HIGH
22.85,6.52,35.82,70.2,0,30.58,LOW_RISK,HIGH
25.79,8.46,14.33,59.86,0,27.87,LOW_RISK,HIGH
31.82,3.01,30.29,76.13,0,32.38,LOW_RISK,HIGH
6.12,1.18,22.31,87.15,0,16.47,LOW_RISK,HIGH
31.41,19.8,13.15,47.33,1,69.43,HIGH_RISK,LOW
14.27,4.13,27.61,100.0,0,17.38,LOW_RISK,HIGH
11.77,15.46,36.75,81.45,0,33.67,LOW_RISK,HIGH
29.73,2.74,25.74,59.18,0,23.34,LOW_RISK,HIGH
12.36,12.99,30.81,90.44,1,44.9,MEDIUM_RISK,MEDIUM
2.6,10.28,20.88,73.88,0,30.44,LOW_RISK,HIGH
16.59,18.82,24.82,46.21,0,41.78,MEDIUM_RISK,MEDIUM
22.88,9.74,33.94,100.0,0,39.38,MEDIUM_RISK,MEDIUM
25.29,18.41,34.87,63.0,1,52.45,MEDIUM_RISK,MEDIUM
22.8,6.66,28.27,83.81,0,23.91,LOW_RISK,HIGH
27.46,12.47,24.72,57.13,0,27.69,LOW_RISK,HIGH
14.38,19.22,21.22,67.41,0,33.38,LOW_RISK,HIGH
17.25,8.06,29.74,39.96,0,37.59,MEDIUM_RISK,MEDIUM
29.89,5.03,27.53,51.66,0,21.67,LOW_RISK,HIGH
60.64,6.0,23.42,78.59,1,66.64,HIGH_RISK,LOW
19.4,9.42,13.19,97.45,1,59.41,HIGH_RISK,LOW
11.18,3.02,30.86,77.06,0,22.02,LOW_RISK,HIGH
26.97,6.03,18.48,80.02,0,27.88,LOW_RISK,HIGH
4.3,3.12,36.64,31.28,0,19.98,LOW_RISK,HIGH
9.96,16.06,30.29,46.69,0,28.51,LOW_RISK,HIGH
17.37,10.82,18.57,49.77,0,31.48,LOW_RISK,HIGH
30.18,20.89,27.7,71.8,0,53.47,MEDIUM_RISK,MEDIUM
38.94,12.12,23.37,28.56,0,44.73,MEDIUM_RISK,MEDIUM
35.36,13.3,33.79,84.25,0,51.54,MEDIUM_RISK,MEDIUM
9.42,6.23,35.85,81.02,0,20.28,LOW_RISK,HIGH
9.55,3.1,28.53,96.79,0,18.43,LOW_RISK,HIGH
31.97,2.76,20.86,77.18,0,38.54,MEDIUM_RISK,MEDIUM
36.94,0.93,27.5,32.11,0,24.55,LOW_RISK,HIGH
2.84,7.51,28.64,79.07,0,16.44,LOW_RISK,HIGH
19.64,24.38,27.23,63.91,0,35.58,MEDIUM_RISK,MEDIUM
10.92,5.04,39.65,41.09,0,16.11,LOW_RISK,HIGH
33.44,9.44,27.31,61.18,0,45.06,MEDIUM_RISK,MEDIUM
2.67,6.21,28.04,34.68,0,6.6,LOW_RISK,HIGH
40.48,4.48,30.93,68.2,1,51.37,MEDIUM_RISK,MEDIUM
13.37,4.11,26.9,50.31,0,7.81,LOW_RISK,HIGH
35.67,9.91,25.03,65.59,0,44.16,MEDIUM_RISK,MEDIUM
23.78,7.77,43.11,84.36,0,35.83,MEDIUM_RISK,MEDIUM
12.28,3.02,23.55,58.88,0,15.61,LOW_RISK,HIGH
3.84,9.14,29.24,53.47,0,27.91,LOW_RISK,HIGH
6.97,8.34,20.29,81.45,0,24.26,LOW_RISK,HIGH
15.09,1.07,28.87,40.06,0,18.64,LOW_RISK,HIGH
57.56,9.28,41.56,62.23,0,51.51,MEDIUM_RISK,MEDIUM
43.37,4.27,17.89,83.3,0,40.62,MEDIUM_RISK,MEDIUM
22.94,5.04,33.3,78.98,0,31.25,LOW_RISK,HIGH
11.8,2.34,22.65,74.89,0,22.19,LOW_RISK,HIGH
29.87,4.6,24.77,100.0,0,34.87,LOW_RISK,HIGH
50.88,16.3,35.1,76.77,0,70.41,HIGH_RISK,LOW
20.48,20.36,26.37,55.78,1,46.74,MEDIUM_RISK,MEDIUM
41.25,3.75,36.01,30.52,0,32.8,LOW_RISK,HIGH
54.74,1.31,31.04,81.8,1,55.32,HIGH_RISK,LOW
7.95,1.86,18.91,63.39,0,1.85,LOW_RISK,HIGH
12.44,5.41,27.56,100.0,0,17.8,LOW_RISK,HIGH
38.99,2.62,26.11,83.6,0,40.71,MEDIUM_RISK,MEDIUM
8.29,4.67,29.29,100.0,0,19.94,LOW_RISK,HIGH
40.76,14.09,25.75,54.64,0,45.4,MEDIUM_RISK,MEDIUM
58.58,8.39,22.92,86.48,1,80.35,HIGH_RISK,LOW
17.2,4.03,20.57,81.35,0,22.81,LOW_RISK,HIGH
24.56,5.32,32.58,37.61,0,21.81,LOW_RISK,HIGH
50.87,4.7,18.04,60.57,0,41.2,MEDIUM_RISK,MEDIUM
26.11,3.84,24.47,100.0,0,30.83,LOW_RISK,HIGH
11.6,9.3,25.22,75.95,0,29.94,LOW_RISK,HIGH
46.99,2.28,17.54,32.61,0,42.48,MEDIUM_RISK,MEDIUM
10.63,5.88,30.83,67.54,0,12.21,LOW_RISK,HIGH
22.79,12.06,33.15,56.48,0,46.52,MEDIUM_RISK,MEDIUM
16.09,7.25,25.97,86.26,0,33.47,LOW_RISK,HIGH
36.32,5.06,31.16,50.58,0,32.33,LOW_RISK,HIGH
23.62,12.18,10.86,69.3,0,36.72,MEDIUM_RISK,MEDIUM
19.99,13.19,33.63,100.0,0,45.43,MEDIUM_RISK,MEDIUM
21.26,6.43,31.5,43.3,0,21.86,LOW_RISK,HIGH
32.05,8.93,23.93,75.69,0,50.99,MEDIUM_RISK,MEDIUM
21.36,8.33,25.99,81.61,0,42.95,MEDIUM_RISK,MEDIUM
13.05,13.73,26.53,66.82,0,28.18,LOW_RISK,HIGH
40.98,3.63,35.89,60.52,0,33.95,LOW_RISK,HIGH
10.27,4.21,30.13,96.77,0,27.22,LOW_RISK,HIGH
16.72,2.99,29.03,88.58,0,29.85,LOW_RISK,HIGH
46.72,1.86,21.72,68.11,1,52.71,MEDIUM_RISK,MEDIUM
40.39,13.09,15.9,89.17,1,67.56,HIGH_RISK,LOW
31.99,31.17,20.46,71.65,0,58.7,HIGH_RISK,LOW
23.22,10.8,28.48,38.69,1,42.09,MEDIUM_RISK,MEDIUM
27.96,4.3,15.4,47.83,0,16.68,LOW_RISK,HIGH
7.21,6.59,36.61,77.31,0,25.77,LOW_RISK,HIGH
30.29,2.27,36.43,70.63,0,42.59,MEDIUM_RISK,MEDIUM
22.28,8.48,16.21,59.38,0,35.09,MEDIUM_RISK,MEDIUM
11.21,10.0,26.85,55.12,0,28.16,LOW_RISK,HIGH
20.98,19.53,14.29,94.61,0,47.65,MEDIUM_RISK,MEDIUM
8.71,5.41,21.55,61.76,0,12.43,LOW_RISK,HIGH
68.87,10.57,21.6,69.75,0,58.93,HIGH_RISK,LOW
80.0,1.81,24.97,57.72,0,37.26,MEDIUM_RISK,MEDIUM
36.12,2.59,27.45,58.62,0,36.43,MEDIUM_RISK,MEDIUM
42.02,13.5,16.04,90.46,1,76.65,HIGH_RISK,LOW
51.22,4.25,21.48,88.14,1,70.48,HIGH_RISK,LOW
12.81,5.89,40.92,93.7,0,24.78,LOW_RISK,HIGH
13.71,5.34,21.97,38.58,0,10.79,LOW_RISK,HIGH
30.65,5.12,23.28,93.27,1,51.05,MEDIUM_RISK,MEDIUM
6.91,3.28,24.1,51.13,0,17.3,LOW_RISK,HIGH
18.34,14.61,33.54,20.0,0,35.67,MEDIUM_RISK,MEDIUM
20.59,3.75,20.11,64.4,0,16.16,LOW_RISK,HIGH
41.44,21.32,29.51,47.09,1,58.29,HIGH_RISK,LOW
16.81,3.23,29.65,58.65,0,13.14,LOW_RISK,HIGH
17.97,7.6,30.07,64.12,0,27.05,LOW_RISK,HIGH
41.17,5.41,25.93,84.25,0,44.52,MEDIUM_RISK,MEDIUM
10.09,2.54,21.13,86.18,1,42.44,MEDIUM_RISK,MEDIUM
9.95,15.12,24.76,87.04,0,30.36,LOW_RISK,HIGH
7.72,4.5,17.18,50.53,0,9.67,LOW_RISK,HIGH
68.47,14.41,42.13,52.05,1,75.22,HIGH_RISK,LOW
38.33,7.23,10.08,59.61,1,57.45,HIGH_RISK,LOW
25.14,11.36,36.32,56.45,0,34.7,LOW_RISK,HIGH
23.41,11.45,10.0,82.85,0,38.95,MEDIUM_RISK,MEDIUM
6.91,13.39,37.29,22.39,0,19.65,LOW_RISK,HIGH
9.92,2.37,19.51,49.65,0,5.89,LOW_RISK,HIGH
36.46,10.12,28.86,76.43,0,46.28,MEDIUM_RISK,MEDIUM
39.05,4.91,37.5,45.38,0,34.64,LOW_RISK,HIGH
21.0,14.75,14.53,71.79,0,48.86,MEDIUM_RISK,MEDIUM
17.88,6.02,15.3,65.2,0,20.76,LOW_RISK,HIGH
61.42,11.46,36.3,80.44,0,59.97,HIGH_RISK,LOW
11.82,5.42,38.99,81.98,0,22.06,LOW_RISK,HIGH
29.91,9.77,22.49,70.13,0,35.51,MEDIUM_RISK,MEDIUM
13.44,1.62,40.1,36.64,0,11.19,LOW_RISK,HIGH
27.48,11.25,17.44,58.68,0,39.05,MEDIUM_RISK,MEDIUM
19.23,7.01,24.91,51.75,0,25.22,LOW_RISK,HIGH
28.82,4.99,26.17,42.93,0,18.47,LOW_RISK,HIGH
2.67,1.35,27.1,94.26,0,19.95,LOW_RISK,HIGH
60.46,4.75,21.5,67.99,1,59.11,HIGH_RISK,LOW
19.81,2.59,19.5,61.13,0,24.08,LOW_RISK,HIGH
57.71,2.76,45.0,91.34,1,67.69,HIGH_RISK,LOW
26.22,3.14,19.5,100.0,1,49.66,MEDIUM_RISK,MEDIUM
5.5,1.77,34.35,38.65,0,9.68,LOW_RISK,HIGH
13.28,1.01,21.91,20.0,0,7.57,LOW_RISK,HIGH
21.69,8.58,28.85,95.94,0,46.33,MEDIUM_RISK,MEDIUM
50.81,8.59,12.84,67.67,0,48.86,MEDIUM_RISK,MEDIUM
7.37,5.48,33.1,70.81,0,19.39,LOW_RISK,HIGH
5.73,11.75,26.36,81.71,0,30.16,LOW_RISK,HIGH
5.57,4.84,23.65,72.29,0,10.19,LOW_RISK,HIGH
70.32,0.19,29.41,43.57,0,31.77,LOW_RISK,HIGH
29.14,9.0,33.42,75.78,0,39.27,MEDIUM_RISK,MEDIUM
2.2,7.63,13.51,36.98,0,9.38,LOW_RISK,HIGH
21.49,10.54,35.89,60.09,0,38.06,MEDIUM_RISK,MEDIUM
7.69,0.29,31.93,52.17,0,7.43,LOW_RISK,HIGH
15.06,1.22,17.65,84.0,0,24.16,LOW_RISK,HIGH
16.95,5.52,24.11,60.94,0,21.22,LOW_RISK,HIGH
15.35,2.05,31.85,93.0,0,39.76,MEDIUM_RISK,MEDIUM
60.92,5.88,39.01,100.0,0,60.47,HIGH_RISK,LOW
7.44,8.41,23.07,66.77,0,22.92,LOW_RISK,HIGH
46.22,14.1,33.1,100.0,1,77.72,HIGH_RISK,LOW
8.73,3.32,24.73,83.39,0,12.28,LOW_RISK,HIGH
14.33,4.5,24.27,67.52,0,17.17,LOW_RISK,HIGH
16.3,3.71,18.29,26.73,1,26.14,LOW_RISK,HIGH
30.44,7.17,38.24,70.68,0,46.18,MEDIUM_RISK,MEDIUM
42.37,19.44,19.69,100.0,1,73.48,HIGH_RISK,LOW
20.6,9.93,45.0,34.4,0,34.17,LOW_RISK,HIGH
49.31,7.55,28.21,51.87,0,45.42,MEDIUM_RISK,MEDIUM
18.88,8.21,28.45,79.33,0,38.14,MEDIUM_RISK,MEDIUM
21.59,9.03,41.88,68.83,0,37.31,MEDIUM_RISK,MEDIUM
50.2,4.31,28.83,83.36,1,65.94,HIGH_RISK,LOW
9.12,4.64,27.02,35.51,0,12.51,LOW_RISK,HIGH
21.21,7.34,27.22,68.79,0,26.77,LOW_RISK,HIGH
14.51,5.49,21.21,43.39,0,10.75,LOW_RISK,HIGH
13.02,2.28,12.12,97.08,0,22.11,LOW_RISK,HIGH
10.98,6.7,30.96,68.53,0,13.47,LOW_RISK,HIGH
12.76,5.55,17.6,47.41,0,16.97,LOW_RISK,HIGH
15.75,5.36,24.79,50.96,0,22.3,LOW_RISK,HIGH
10.27,6.78,7.8,87.83,0,21.6,LOW_RISK,HIGH
17.0,3.22,38.91,72.88,0,22.21,LOW_RISK,HIGH
4.86,6.79,25.39,57.41,0,11.01,LOW_RISK,HIGH
9.64,11.58,27.6,71.16,0,23.04,LOW_RISK,HIGH
44.32,3.72,30.97,78.61,0,40.95,MEDIUM_RISK,MEDIUM
16.51,11.84,27.9,50.24,0,43.48,MEDIUM_RISK,MEDIUM
24.37,4.31,21.22,81.81,0,29.33,LOW_RISK,HIGH
15.55,9.91,15.45,80.15,0,37.36,MEDIUM_RISK,MEDIUM
27.21,16.87,18.6,63.02,1,55.6,HIGH_RISK,LOW
63.02,1.91,31.85,46.65,0,32.07,LOW_RISK,HIGH
18.57,13.2,26.33,68.83,0,29.39,LOW_RISK,HIGH
8.96,2.72,16.06,73.77,0,31.0,LOW_RISK,HIGH
4.72,6.54,17.9,56.96,0,13.65,LOW_RISK,HIGH
47.12,9.56,33.79,58.5,0,53.52,MEDIUM_RISK,MEDIUM
18.74,6.86,18.78,20.0,0,27.71,LOW_RISK,HIGH
22.0,2.3,6.85,84.32,0,32.97,LOW_RISK,HIGH
6.98,2.86,30.53,64.76,0,18.23,LOW_RISK,HIGH
16.25,2.02,27.97,75.21,0,26.23,LOW_RISK,HIGH
10.95,2.83,16.65,60.43,0,20.74,LOW_RISK,HIGH
18.9,5.72,36.29,21.16,0,21.81,LOW_RISK,HIGH
80.0,17.87,12.55,68.0,1,79.83,HIGH_RISK,LOW
14.44,2.48,26.81,44.11,0,11.29,LOW_RISK,HIGH
4.03,10.52,26.08,59.85,0,20.84,LOW_RISK,HIGH
12.55,5.33,35.46,38.47,0,10.29,LOW_RISK,HIGH
19.54,10.1,27.44,73.43,0,35.92,MEDIUM_RISK,MEDIUM
38.14,2.26,26.35,51.01,0,34.72,LOW_RISK,HIGH
27.26,16.7,36.93,84.57,0,42.9,MEDIUM_RISK,MEDIUM
31.36,5.79,30.36,100.0,0,43.85,MEDIUM_RISK,MEDIUM
37.56,1.94,27.79,58.57,0,26.69,LOW_RISK,HIGH
34.27,0.82,22.44,57.61,0,29.73,LOW_RISK,HIGH
24.72,4.95,25.39,70.16,0,25.2,LOW_RISK,HIGH
21.98,1.18,23.77,63.67,0,19.78,LOW_RISK,HIGH
20.9,6.17,26.98,88.29,0,31.14,LOW_RISK,HIGH
38.36,4.9,20.82,63.5,0,27.9,LOW_RISK,HIGH
8.74,6.31,28.33,58.01,0,20.02,LOW_RISK,HIGH
29.11,6.26,26.47,71.15,0,31.39,LOW_RISK,HIGH
6.84,16.66,15.84,59.89,1,46.63,MEDIUM_RISK,MEDIUM
48.51,2.04,10.75,53.02,0,43.98,MEDIUM_RISK,MEDIUM
28.0,9.95,16.9,70.88,0,35.42,MEDIUM_RISK,MEDIUM
3.64,2.2,19.98,59.59,0,12.79,LOW_RISK,HIGH
16.12,5.01,21.63,56.52,0,19.47,LOW_RISK,HIGH
38.78,11.9,28.21,76.2,0,52.62,MEDIUM_RISK,MEDIUM
52.99,10.85,30.6,30.16,0,49.32,MEDIUM_RISK,MEDIUM
33.12,3.92,18.72,79.41,0,45.53,MEDIUM_RISK,MEDIUM
2.73,2.36,34.63,40.71,0,6.53,LOW_RISK,HIGH
29.12,17.3,18.05,91.3,0,42.01,MEDIUM_RISK,MEDIUM
17.81,18.68,13.19,78.91,0,43.19,MEDIUM_RISK,MEDIUM
32.63,3.34,39.09,59.37,0,37.68,MEDIUM_RISK,MEDIUM
44.5,1.78,26.45,70.29,0,41.54,MEDIUM_RISK,MEDIUM
5.18,5.07,30.08,77.32,0,19.54,LOW_RISK,HIGH
2.76,1.13,25.93,81.87,0,9.0,LOW_RISK,HIGH
24.77,6.57,26.09,27.48,0,22.44,LOW_RISK,HIGH
18.35,0.95,30.67,100.0,0,27.97,LOW_RISK,HIGH
23.43,12.42,12.83,99.29,0,44.46,MEDIUM_RISK,MEDIUM
36.81,9.63,34.78,59.8,0,39.43,MEDIUM_RISK,MEDIUM
32.42,5.3,31.6,100.0,0,50.8,MEDIUM_RISK,MEDIUM
26.93,8.59,45.0,76.45,0,48.35,MEDIUM_RISK,MEDIUM
34.08,6.3,37.56,54.03,0,43.43,MEDIUM_RISK,MEDIUM
24.2,7.34,24.17,26.35,0,19.99,LOW_RISK,HIGH
42.71,2.63,27.11,100.0,0,50.94,MEDIUM_RISK,MEDIUM
2.17,3.84,17.22,78.0,0,28.94,LOW_RISK,HIGH
24.66,10.37,32.75,85.38,0,46.71,MEDIUM_RISK,MEDIUM
7.65,4.11,29.01,55.78,0,12.77,LOW_RISK,HIGH
20.4,4.57,23.88,68.98,0,30.65,LOW_RISK,HIGH
21.91,3.09,30.79,77.42,0,31.5,LOW_RISK,HIGH
8.4,6.0,18.52,89.81,1,41.44,MEDIUM_RISK,MEDIUM
7.29,5.92,24.59,77.4,0,16.62,LOW_RISK,HIGH
16.4,9.28,18.61,52.07,0,37.56,MEDIUM_RISK,MEDIUM
14.48,7.15,39.95,77.16,0,23.82,LOW_RISK,HIGH
19.0,0.87,21.68,56.26,0,25.42,LOW_RISK,HIGH
28.1,23.93,45.0,68.36,0,38.97,MEDIUM_RISK,MEDIUM
20.92,1.62,27.21,43.46,0,10.66,LOW_RISK,HIGH
80.0,6.97,15.54,44.91,0,45.13,MEDIUM_RISK,MEDIUM
53.79,4.56,24.04,52.1,0,40.06,MEDIUM_RISK,MEDIUM
26.97,4.55,21.16,65.09,0,27.49,LOW_RISK,HIGH
20.05,3.45,37.39,83.85,0,30.04,LOW_RISK,HIGH
35.93,8.26,18.02,73.07,0,52.47,MEDIUM_RISK,MEDIUM
31.93,10.34,24.67,58.2,0,44.68,MEDIUM_RISK,MEDIUM
21.3,8.31,26.83,96.02,1,55.06,HIGH_RISK,LOW
8.12,15.29,42.19,74.79,0,38.56,MEDIUM_RISK,MEDIUM
20.83,14.84,39.54,70.59,0,45.93,MEDIUM_RISK,MEDIUM
55.86,10.01,21.35,100.0,0,64.18,HIGH_RISK,LOW
7.71,19.59,26.46,71.7,0,36.45,MEDIUM_RISK,MEDIUM
4.35,0.64,31.03,30.26,0,4.49,LOW_RISK,HIGH
21.86,4.42,35.17,43.17,0,24.54,LOW_RISK,HIGH
13.86,5.23,30.67,53.63,0,17.61,LOW_RISK,HIGH
4.8,7.95,19.92,82.77,0,18.82,LOW_RISK,HIGH
24.46,10.44,28.01,22.57,0,32.81,LOW_RISK,HIGH
13.07,13.24,28.81,54.61,0,21.93,LOW_RISK,HIGH
15.87,2.26,16.69,100.0,1,46.33,MEDIUM_RISK,MEDIUM
37.76,7.66,38.45,83.06,0,47.5,MEDIUM_RISK,MEDIUM
37.19,18.23,29.32,43.04,0,48.76,MEDIUM_RISK,MEDIUM
3.57,5.51,34.42,83.87,0,26.86,LOW_RISK,HIGH
8.95,9.92,17.88,75.24,0,29.42,LOW_RISK,HIGH
8.92,4.95,33.27,78.32,0,14.93,LOW_RISK,HIGH
26.25,1.37,30.34,82.24,0,16.43,LOW_RISK,HIGH
1.95,0.81,30.89,85.65,0,21.68,LOW_RISK,HIGH
19.89,15.69,34.5,62.62,0,38.86,MEDIUM_RISK,MEDIUM
28.52,15.88,19.41,71.08,0,41.0,MEDIUM_RISK,MEDIUM
29.31,3.91,43.89,84.7,0,30.91,LOW_RISK,HIGH
14.93,3.39,26.22,63.74,0,10.43,LOW_RISK,HIGH
5.68,3.55,25.95,77.39,0,18.85,LOW_RISK,HIGH
43.74,2.3,24.8,80.17,1,59.91,HIGH_RISK,LOW
14.37,4.32,21.33,55.46,0,18.43,LOW_RISK,HIGH
33.92,5.96,12.9,77.5,0,41.12,MEDIUM_RISK,MEDIUM
34.84,6.83,24.56,74.44,0,36.96,MEDIUM_RISK,MEDIUM
2.07,7.36,44.65,66.64,0,22.81,LOW_RISK,HIGH
24.67,8.59,27.63,49.45,0,32.54,LOW_RISK,HIGH
15.97,9.98,42.18,54.26,1,55.57,HIGH_RISK,LOW
55.38,2.03,24.47,100.0,1,71.72,HIGH_RISK,LOW
19.07,9.34,25.29,57.46,0,34.6,LOW_RISK,HIGH
16.82,1.31,25.69,45.59,0,6.01,LOW_RISK,HIGH
16.6,8.13,40.73,63.48,1,49.69,MEDIUM_RISK,MEDIUM
41.23,5.17,5.0,63.07,1,53.82,MEDIUM_RISK,MEDIUM
10.32,5.24,12.83,49.91,0,7.25,LOW_RISK,HIGH
25.3,4.69,14.53,90.26,0,36.7,MEDIUM_RISK,MEDIUM
80.0,5.53,7.92,57.49,1,56.32,HIGH_RISK,LOW
24.53,2.34,35.04,63.57,0,16.86,LOW_RISK,HIGH
5.57,3.15,17.19,86.1,0,24.47,LOW_RISK,HIGH
28.24,8.2,21.39,90.67,0,40.46,MEDIUM_RISK,MEDIUM
30.28,1.61,25.15,76.05,0,35.9,MEDIUM_RISK,MEDIUM
21.56,2.89,22.9,79.54,0,29.79,LOW_RISK,HIGH
48.99,4.59,29.97,92.76,1,61.67,HIGH_RISK,LOW
14.01,1.49,18.15,63.51,0,6.62,LOW_RISK,HIGH
21.16,15.97,31.26,61.33,0,35.46,MEDIUM_RISK,MEDIUM
26.15,1.1,24.91,99.08,1,32.79,LOW_RISK,HIGH
10.17,7.81,36.27,74.12,0,24.33,LOW_RISK,HIGH
13.13,14.41,31.53,76.73,0,31.44,LOW_RISK,HIGH
11.89,18.29,39.55,52.57,0,30.26,LOW_RISK,HIGH
26.33,3.3,18.36,27.48,0,23.63,LOW_RISK,HIGH
44.88,6.75,26.59,69.76,0,40.76,MEDIUM_RISK,MEDIUM
16.4,7.01,45.0,82.11,0,33.33,LOW_RISK,HIGH
22.82,13.75,27.92,92.55,0,45.53,MEDIUM_RISK,MEDIUM
21.32,6.08,30.67,73.64,0,24.24,LOW_RISK,HIGH
24.88,12.3,35.17,74.91,0,33.08,LOW_RISK,HIGH
18.59,16.22,22.61,69.66,1,49.71,MEDIUM_RISK,MEDIUM
42.0,10.04,11.55,81.72,0,50.53,MEDIUM_RISK,MEDIUM
49.88,7.73,18.31,39.57,1,55.72,HIGH_RISK,LOW
37.48,1.23,20.56,57.12,0,29.39,LOW_RISK,HIGH
27.42,5.85,17.13,47.73,0,24.2,LOW_RISK,HIGH
11.09,8.81,12.07,79.68,0,30.15,LOW_RISK,HIGH
25.66,2.98,29.54,48.03,0,23.83,LOW_RISK,HIGH
16.49,4.08,38.13,53.66,0,22.04,LOW_RISK,HIGH
43.24,13.88,28.79,91.0,1,62.19,HIGH_RISK,LOW
18.2,4.44,41.51,58.31,0,32.73,LOW_RISK,HIGH
48.9,3.07,19.21,50.31,0,44.03,MEDIUM_RISK,MEDIUM
13.12,7.89,20.22,65.61,0,13.56,LOW_RISK,HIGH
27.23,10.82,14.99,92.55,1,56.39,HIGH_RISK,LOW
21.12,2.58,16.61,25.82,0,21.77,LOW_RISK,HIGH
15.28,2.79,28.55,38.27,0,20.3,LOW_RISK,HIGH
30.64,2.53,35.77,70.33,0,46.94,MEDIUM_RISK,MEDIUM
17.05,6.8,22.6,58.73,0,22.21,LOW_RISK,HIGH
13.24,1.28,23.4,74.7,0,9.13,LOW_RISK,HIGH
17.43,1.53,29.22,43.08,0,15.06,LOW_RISK,HIGH
34.87,1.79,39.56,53.01,0,30.59,LOW_RISK,HIGH
57.2,9.31,19.54,78.98,0,47.71,MEDIUM_RISK,MEDIUM
5.45,0.91,22.96,48.75,0,2.95,LOW_RISK,HIGH
23.4,3.93,35.54,65.22,0,29.29,LOW_RISK,HIGH
11.07,4.48,25.47,62.5,0,6.69,LOW_RISK,HIGH
25.86,2.52,6.96,62.07,0,22.72,LOW_RISK,HIGH
25.58,4.47,13.03,85.1,0,40.86,MEDIUM_RISK,MEDIUM
34.15,3.27,35.36,81.23,0,38.83,MEDIUM_RISK,MEDIUM
41.15,4.98,27.27,65.61,0,43.95,MEDIUM_RISK,MEDIUM
28.07,2.02,32.41,85.97,0,35.88,MEDIUM_RISK,MEDIUM
26.42,12.84,21.66,72.41,0,34.56,LOW_RISK,HIGH
13.59,3.84,32.39,90.61,0,25.26,LOW_RISK,HIGH
27.65,2.58,45.0,78.81,0,34.19,LOW_RISK,HIGH
20.92,9.98,33.94,49.47,0,31.63,LOW_RISK,HIGH
55.12,9.09,39.88,66.32,0,60.57,HIGH_RISK,LOW
35.94,6.53,17.05,73.35,0,43.69,MEDIUM_RISK,MEDIUM
28.5,3.88,24.11,100.0,0,31.19,LOW_RISK,HIGH
7.85,3.66,31.69,28.69,0,7.97,LOW_RISK,HIGH
19.19,8.3,24.62,82.04,0,33.14,LOW_RISK,HIGH
5.94,4.29,29.76,82.02,0,20.93,LOW_RISK,HIGH
10.35,4.29,27.33,49.26,0,13.23,LOW_RISK,HIGH
70.16,4.19,21.31,52.99,0,50.35,MEDIUM_RISK,MEDIUM
54.76,9.84,27.25,91.84,0,53.31,MEDIUM_RISK,MEDIUM
31.84,5.94,17.46,53.82,0,41.93,MEDIUM_RISK,MEDIUM
56.96,1.66,13.32,84.17,1,52.29,MEDIUM_RISK,MEDIUM
11.56,5.37,37.25,46.11,0,19.3,LOW_RISK,HIGH
10.88,7.06,28.41,69.44,0,15.55,LOW_RISK,HIGH
20.59,3.36,19.98,69.72,0,25.55,LOW_RISK,HIGH
60.47,6.66,30.54,52.49,1,64.9,HIGH_RISK,LOW
38.88,7.92,27.06,43.84,0,31.27,LOW_RISK,HIGH
27.81,3.18,18.28,82.34,0,31.4,LOW_RISK,HIGH
47.73,3.72,24.37,78.33,0,51.19,MEDIUM_RISK,MEDIUM
11.79,4.53,22.46,59.96,0,11.1,LOW_RISK,HIGH
15.91,19.17,17.1,91.9,0,47.86,MEDIUM_RISK,MEDIUM
14.26,7.34,35.79,63.22,0,13.88,LOW_RISK,HIGH
14.99,8.15,16.08,85.11,0,30.23,LOW_RISK,HIGH
8.94,11.8,18.0,64.51,0,22.23,LOW_RISK,HIGH
37.44,2.98,27.94,71.0,0,38.84,MEDIUM_RISK,MEDIUM
41.59,4.77,31.84,23.2,0,29.56,LOW_RISK,HIGH
17.56,6.54,27.65,79.28,0,32.4,LOW_RISK,HIGH
29.24,2.56,21.83,51.0,0,30.2,LOW_RISK,HIGH
33.99,9.59,14.12,26.65,0,39.16,MEDIUM_RISK,MEDIUM
32.17,3.51,25.94,87.79,1,63.9,HIGH_RISK,LOW
26.3,6.84,18.82,44.29,0,24.68,LOW_RISK,HIGH
17.04,4.88,35.45,61.75,0,24.13,LOW_RISK,HIGH
28.02,3.21,26.05,63.59,0,21.08,LOW_RISK,HIGH
13.19,17.46,33.82,70.28,1,53.42,MEDIUM_RISK,MEDIUM
16.26,3.1,28.16,44.93,0,23.99,LOW_RISK,HIGH
23.28,15.17,39.43,100.0,0,59.94,HIGH_RISK,LOW
15.94,30.78,35.32,100.0,0,53.76,MEDIUM_RISK,MEDIUM
13.05,2.74,28.35,66.84,0,10.66,LOW_RISK,HIGH
9.75,0.89,9.26,79.08,0,13.45,LOW_RISK,HIGH
11.84,17.48,22.3,50.34,0,34.36,LOW_RISK,HIGH
66.64,4.78,26.7,40.61,1,64.16,HIGH_RISK,LOW
14.46,10.64,26.76,71.6,0,34.21,LOW_RISK,HIGH
27.0,6.73,16.61,59.16,0,27.83,LOW_RISK,HIGH
13.64,5.95,27.78,80.28,0,12.49,LOW_RISK,HIGH
22.91,1.4,27.62,93.34,1,37.22,MEDIUM_RISK,MEDIUM
20.2,2.61,32.53,62.04,0,29.79,LOW_RISK,HIGH
11.8,14.53,35.5,44.24,0,20.79,LOW_RISK,HIGH
50.75,7.39,14.9,72.52,1,68.85,HIGH_RISK,LOW
4.24,4.65,34.24,61.44,0,10.69,LOW_RISK,HIGH
23.06,2.11,32.19,52.05,0,26.56,LOW_RISK,HIGH
7.1,4.35,29.36,70.71,0,24.36,LOW_RISK,HIGH
12.38,20.97,9.76,60.05,1,46.05,MEDIUM_RISK,MEDIUM
36.23,8.68,22.26,95.53,0,64.58,HIGH_RISK,LOW
33.83,8.47,24.78,82.4,0,50.9,MEDIUM_RISK,MEDIUM
4.13,2.35,29.57,79.06,0,6.45,LOW_RISK,HIGH
24.32,13.39,15.82,49.7,0,35.65,MEDIUM_RISK,MEDIUM
4.54,6.73,27.69,100.0,0,20.37,LOW_RISK,HIGH
20.24,6.12,37.99,38.71,0,18.2,LOW_RISK,HIGH
41.35,0.82,28.14,83.51,0,34.24,LOW_RISK,HIGH
12.11,12.48,17.96,68.38,0,21.82,LOW_RISK,HIGH
14.22,4.9,24.23,30.6,0,6.84,LOW_RISK,HIGH
13.57,5.9,15.75,60.88,0,5.71,LOW_RISK,HIGH
14.53,2.44,21.31,84.93,0,25.38,LOW_RISK,HIGH
24.87,9.43,25.8,74.28,0,43.31,MEDIUM_RISK,MEDIUM
22.96,7.7,24.81,89.34,1,46.92,MEDIUM_RISK,MEDIUM
10.91,2.3,28.07,28.53,0,15.66,LOW_RISK,HIGH
26.8,4.11,26.33,67.13,0,22.11,LOW_RISK,HIGH
24.5,4.76,29.72,70.22,0,23.77,LOW_RISK,HIGH
13.69,9.64,36.31,65.51,0,19.74,LOW_RISK,HIGH
26.61,10.35,35.55,74.82,0,34.17,LOW_RISK,HIGH
30.13,1.66,27.5,70.33,0,44.16,MEDIUM_RISK,MEDIUM
39.17,2.95,20.74,78.34,0,42.33,MEDIUM_RISK,MEDIUM
41.89,9.1,27.89,76.82,0,47.69,MEDIUM_RISK,MEDIUM
20.35,9.26,31.85,58.11,0,34.72,LOW_RISK,HIGH
13.94,6.4,43.61,70.61,1,44.86,MEDIUM_RISK,MEDIUM
7.4,8.31,21.04,100.0,1,47.55,MEDIUM_RISK,MEDIUM
61.3,4.56,22.25,98.36,1,67.01,HIGH_RISK,LOW
63.31,1.95,19.09,81.19,0,44.3,MEDIUM_RISK,MEDIUM
3.03,16.14,42.3,31.28,0,42.29,MEDIUM_RISK,MEDIUM
25.39,3.63,29.83,39.17,0,22.9,LOW_RISK,HIGH
18.5,5.35,27.6,44.9,0,17.57,LOW_RISK,HIGH
50.3,3.3,34.68,43.51,0,37.39,MEDIUM_RISK,MEDIUM
19.08,9.64,11.81,75.07,0,41.7,MEDIUM_RISK,MEDIUM
17.61,2.81,25.93,72.03,0,23.48,LOW_RISK,HIGH
11.34,1.95,44.68,81.7,0,14.14,LOW_RISK,HIGH
22.02,14.21,28.28,32.75,0,23.46,LOW_RISK,HIGH
18.74,6.62,35.16,94.92,0,34.99,LOW_RISK,HIGH
17.25,3.66,35.65,77.64,0,33.01,LOW_RISK,HIGH
69.59,1.48,23.14,50.43,0,34.32,LOW_RISK,HIGH
39.48,2.61,33.22,70.48,0,44.72,MEDIUM_RISK,MEDIUM
36.29,4.3,29.49,50.28,0,34.58,LOW_RISK,HIGH
18.38,11.07,27.24,66.56,1,53.28,MEDIUM_RISK,MEDIUM
44.52,1.11,26.51,100.0,0,37.28,MEDIUM_RISK,MEDIUM
14.54,12.19,21.8,100.0,0,38.91,MEDIUM_RISK,MEDIUM
2.13,18.1,20.34,94.0,1,54.37,MEDIUM_RISK,MEDIUM
39.48,14.34,42.42,88.06,0,55.53,HIGH_RISK,LOW
22.91,8.12,27.08,77.13,0,40.19,MEDIUM_RISK,MEDIUM
32.46,2.43,38.7,43.05,0,40.96,MEDIUM_RISK,MEDIUM
10.62,3.31,25.65,79.62,0,21.15,LOW_RISK,HIGH
38.33,13.89,44.13,89.52,0,55.47,HIGH_RISK,LOW
26.24,3.1,29.3,22.69,0,22.01,LOW_RISK,HIGH
48.85,6.65,30.19,78.98,1,63.54,HIGH_RISK,LOW
24.96,3.69,28.72,27.76,0,21.59,LOW_RISK,HIGH
35.02,1.99,22.01,87.77,0,41.16,MEDIUM_RISK,MEDIUM
34.71,4.61,29.23,100.0,1,59.62,HIGH_RISK,LOW
18.57,3.56,15.61,49.42,0,21.88,LOW_RISK,HIGH
50.93,12.25,44.15,57.94,0,55.08,HIGH_RISK,LOW
30.0,9.75,29.14,79.11,0,31.42,LOW_RISK,HIGH
22.15,4.9,32.93,87.78,0,44.16,MEDIUM_RISK,MEDIUM
36.95,8.69,25.03,53.29,0,42.77,MEDIUM_RISK,MEDIUM
36.44,3.16,8.19,20.0,0,35.35,MEDIUM_RISK,MEDIUM
36.64,11.05,19.19,73.25,0,51.09,MEDIUM_RISK,MEDIUM
30.41,1.11,16.14,64.6,0,29.48,LOW_RISK,HIGH
11.5,15.23,25.15,63.75,0,32.54,LOW_RISK,HIGH
33.33,6.29,31.74,62.83,0,38.95,MEDIUM_RISK,MEDIUM
19.01,6.36,33.77,70.22,0,27.39,LOW_RISK,HIGH
33.94,7.37,34.14,75.93,0,38.63,MEDIUM_RISK,MEDIUM
21.46,27.9,30.89,43.46,1,56.87,HIGH_RISK,LOW
21.67,5.75,40.55,88.16,1,48.71,MEDIUM_RISK,MEDIUM
9.14,4.8,26.68,75.86,0,27.12,LOW_RISK,HIGH
14.74,5.0,37.48,65.71,0,13.93,LOW_RISK,HIGH
21.66,19.45,30.58,73.02,0,41.41,MEDIUM_RISK,MEDIUM
4.76,5.5,21.24,91.76,0,24.1,LOW_RISK,HIGH
5.79,8.68,32.06,60.62,0,25.53,LOW_RISK,HIGH
23.94,7.38,15.0,68.47,0,30.08,LOW_RISK,HIGH
45.26,6.95,36.73,68.94,0,44.36,MEDIUM_RISK,MEDIUM
17.05,6.87,27.92,81.08,0,34.33,LOW_RISK,HIGH
13.98,9.65,21.46,37.46,0,17.05,LOW_RISK,HIGH
18.73,2.86,21.25,61.81,0,19.5,LOW_RISK,HIGH
12.76,1.63,10.58,67.12,0,6.15,LOW_RISK,HIGH
14.89,1.05,39.14,100.0,1,36.24,MEDIUM_RISK,MEDIUM
12.88,1.98,30.89,39.52,0,0.0,LOW_RISK,HIGH
20.63,9.53,20.65,45.69,0,31.37,LOW_RISK,HIGH
14.55,9.85,32.86,42.12,0,21.66,LOW_RISK,HIGH
24.97,13.88,16.56,75.22,0,33.81,LOW_RISK,HIGH
10.43,4.81,16.05,66.84,0,13.11,LOW_RISK,HIGH
29.44,0.84,20.88,58.49,0,19.5,LOW_RISK,HIGH
25.85,14.62,20.15,88.21,0,41.95,MEDIUM_RISK,MEDIUM
52.06,8.72,38.43,80.27,1,71.49,HIGH_RISK,LOW
20.34,6.59,27.56,59.81,0,21.35,LOW_RISK,HIGH
41.26,8.53,19.71,42.95,0,37.92,MEDIUM_RISK,MEDIUM
8.45,26.12,16.93,81.18,0,37.29,MEDIUM_RISK,MEDIUM
37.1,12.37,19.59,72.89,0,49.23,MEDIUM_RISK,MEDIUM
22.1,2.68,16.09,46.45,0,19.74,LOW_RISK,HIGH
44.97,5.96,23.32,82.95,0,39.7,MEDIUM_RISK,MEDIUM
43.3,7.13,19.92,52.95,0,26.06,LOW_RISK,HIGH
56.33,0.89,29.76,49.09,1,50.48,MEDIUM_RISK,MEDIUM
51.19,1.17,22.01,59.29,0,38.59,MEDIUM_RISK,MEDIUM
12.45,4.62,7.29,66.7,0,8.26,LOW_RISK,HIGH
22.95,11.34,13.05,90.57,1,60.58,HIGH_RISK,LOW
51.3,2.03,15.85,74.42,0,41.58,MEDIUM_RISK,MEDIUM
24.46,2.04,19.73,66.11,0,19.62,LOW_RISK,HIGH
20.83,7.61,43.18,64.96,0,27.76,LOW_RISK,HIGH
33.55,3.66,32.17,87.43,1,68.2,HIGH_RISK,LOW
24.78,1.1,19.25,74.68,0,15.23,LOW_RISK,HIGH
8.48,13.75,27.45,61.99,0,25.68,LOW_RISK,HIGH
43.77,2.83,23.35,34.99,0,31.7,LOW_RISK,HIGH
53.09,1.86,21.17,67.26,0,29.85,LOW_RISK,HIGH
14.34,1.22,31.16,59.42,0,11.31,LOW_RISK,HIGH
34.17,1.74,28.95,89.87,0,36.14,MEDIUM_RISK,MEDIUM
17.55,5.38,21.94,80.71,0,29.07,LOW_RISK,HIGH
24.93,4.6,13.76,77.15,0,23.07,LOW_RISK,HIGH
22.86,2.24,26.43,51.16,0,24.9,LOW_RISK,HIGH
17.58,4.38,20.83,100.0,0,33.0,LOW_RISK,HIGH
13.85,3.32,15.42,100.0,0,25.92,LOW_RISK,HIGH
2.11,1.12,23.6,71.66,0,11.85,LOW_RISK,HIGH
27.98,15.89,26.74,67.42,0,39.55,MEDIUM_RISK,MEDIUM
4.4,7.22,14.49,94.07,0,26.03,LOW_RISK,HIGH
27.0,2.61,21.51,68.15,0,24.23,LOW_RISK,HIGH
16.3,1.16,37.79,55.67,1,40.16,MEDIUM_RISK,MEDIUM
41.44,5.11,22.25,83.16,0,43.6,MEDIUM_RISK,MEDIUM
15.84,7.11,27.81,81.52,0,29.1,LOW_RISK,HIGH
32.16,5.92,33.64,70.62,0,41.91,MEDIUM_RISK,MEDIUM
17.76,14.63,23.33,52.78,0,35.83,MEDIUM_RISK,MEDIUM
10.51,12.24,27.54,77.27,0,26.26,LOW_RISK,HIGH
9.77,6.66,32.82,71.63,0,18.13,LOW_RISK,HIGH
25.73,8.05,19.46,67.35,0,33.26,LOW_RISK,HIGH
15.52,19.2,36.07,57.31,0,42.17,MEDIUM_RISK,MEDIUM
18.94,7.41,18.88,59.32,0,24.49,LOW_RISK,HIGH
7.06,12.2,38.32,73.07,0,33.93,LOW_RISK,HIGH
18.6,6.42,29.52,82.63,0,23.1,LOW_RISK,HIGH
12.43,13.65,17.75,61.54,0,20.51,LOW_RISK,HIGH
37.94,3.52,14.29,77.13,0,40.51,MEDIUM_RISK,MEDIUM
80.0,7.37,36.52,34.58,1,53.71,MEDIUM_RISK,MEDIUM
18.76,2.36,25.65,89.76,1,47.69,MEDIUM_RISK,MEDIUM
71.07,1.97,18.18,100.0,1,60.47,HIGH_RISK,LOW
45.26,1.08,18.48,24.27,1,41.02,MEDIUM_RISK,MEDIUM
11.86,5.45,31.58,75.31,0,21.28,LOW_RISK,HIGH
19.81,11.1,20.59,42.71,0,38.01,MEDIUM_RISK,MEDIUM
37.41,4.61,36.74,79.82,0,45.37,MEDIUM_RISK,MEDIUM
34.18,7.16,21.17,86.28,0,41.87,MEDIUM_RISK,MEDIUM
14.64,9.04,16.81,71.81,0,30.87,LOW_RISK,HIGH
26.48,1.07,38.06,72.73,0,22.09,LOW_RISK,HIGH
25.93,5.93,34.36,81.23,0,34.03,LOW_RISK,HIGH
53.14,22.13,25.02,57.41,1,84.2,HIGH_RISK,LOW
20.14,24.42,21.37,51.85,1,48.34,MEDIUM_RISK,MEDIUM
14.67,10.19,26.01,90.78,0,29.31,LOW_RISK,HIGH
31.59,3.44,17.96,83.92,0,40.96,MEDIUM_RISK,MEDIUM
20.09,9.27,27.06,100.0,0,46.08,MEDIUM_RISK,MEDIUM
26.72,13.46,20.2,56.56,0,31.36,LOW_RISK,HIGH
54.48,5.18,23.26,80.06,0,45.68,MEDIUM_RISK,MEDIUM
17.69,2.08,30.21,80.87,0,27.58,LOW_RISK,HIGH
52.61,6.67,8.9,76.23,1,67.28,HIGH_RISK,LOW
18.94,3.15,21.57,96.37,0,33.78,LOW_RISK,HIGH
28.27,7.82,26.57,30.53,0,12.01,LOW_RISK,HIGH
34.73,5.6,19.7,86.1,0,48.31,MEDIUM_RISK,MEDIUM
44.24,12.3,26.95,83.32,0,51.18,MEDIUM_RISK,MEDIUM
8.99,2.4,25.69,56.39,0,21.86,LOW_RISK,HIGH
16.84,7.48,30.39,84.26,0,24.35,LOW_RISK,HIGH
48.2,4.21,20.88,70.55,0,47.93,MEDIUM_RISK,MEDIUM
37.85,25.77,35.75,54.43,0,60.5,HIGH_RISK,LOW
22.93,2.47,22.15,97.77,1,54.05,MEDIUM_RISK,MEDIUM
23.57,6.58,39.28,59.08,0,18.88,LOW_RISK,HIGH
34.75,4.69,28.42,100.0,1,59.31,HIGH_RISK,LOW
56.26,15.2,31.52,45.74,1,71.06,HIGH_RISK,LOW
29.39,8.53,26.36,66.75,0,38.66,MEDIUM_RISK,MEDIUM
17.52,5.53,26.15,85.12,0,27.77,LOW_RISK,HIGH
29.94,1.53,37.62,36.19,0,20.23,LOW_RISK,HIGH
23.26,1.01,26.6,81.56,0,22.08,LOW_RISK,HIGH
42.71,7.64,17.19,58.01,0,41.59,MEDIUM_RISK,MEDIUM
33.97,1.81,34.87,73.78,0,28.17,LOW_RISK,HIGH
4.29,5.37,26.99,87.73,0,30.01,LOW_RISK,HIGH
12.28,11.97,10.45,45.93,0,29.79,LOW_RISK,HIGH
11.33,12.09,17.9,66.76,0,24.01,LOW_RISK,HIGH
14.89,2.6,15.11,80.15,0,13.77,LOW_RISK,HIGH
30.85,13.38,15.86,54.89,0,49.69,MEDIUM_RISK,MEDIUM
18.58,11.02,36.48,71.54,0,41.58,MEDIUM_RISK,MEDIUM
9.9,8.56,25.07,76.32,0,29.94,LOW_RISK,HIGH
26.91,2.62,20.45,73.78,0,31.19,LOW_RISK,HIGH
13.17,12.62,10.55,82.25,0,29.16,LOW_RISK,HIGH
13.68,11.57,23.37,49.74,0,29.02,LOW_RISK,HIGH
0.97,4.84,19.66,68.12,0,15.69,LOW_RISK,HIGH
18.82,6.48,34.25,48.3,0,23.6,LOW_RISK,HIGH
12.34,8.77,24.36,40.89,0,24.67,LOW_RISK,HIGH
42.19,17.0,22.44,55.26,0,54.97,MEDIUM_RISK,MEDIUM
17.94,9.79,30.75,80.69,0,31.18,LOW_RISK,HIGH
62.7,1.37,28.12,77.84,0,49.34,MEDIUM_RISK,MEDIUM
9.95,4.12,33.48,59.56,0,16.09,LOW_RISK,HIGH
38.1,10.37,20.69,38.57,0,36.64,MEDIUM_RISK,MEDIUM
38.62,2.65,25.19,87.29,0,37.72,MEDIUM_RISK,MEDIUM
20.49,8.67,18.05,94.34,0,36.18,MEDIUM_RISK,MEDIUM
39.63,6.34,32.42,70.8,0,47.47,MEDIUM_RISK,MEDIUM
27.26,1.73,16.09,58.36,0,17.73,LOW_RISK,HIGH
17.26,9.1,38.79,70.99,0,35.01,MEDIUM_RISK,MEDIUM
33.78,28.49,45.0,80.32,0,60.83,HIGH_RISK,LOW
20.76,10.36,32.39,86.8,0,44.49,MEDIUM_RISK,MEDIUM
16.61,5.17,8.44,90.6,1,50.25,MEDIUM_RISK,MEDIUM
20.01,18.48,28.9,44.13,0,41.24,MEDIUM_RISK,MEDIUM
16.87,2.39,34.51,35.81,0,19.57,LOW_RISK,HIGH
20.92,1.04,26.14,57.04,0,16.67,LOW_RISK,HIGH
42.04,2.48,31.61,82.95,1,54.07,MEDIUM_RISK,MEDIUM
20.08,9.74,39.19,86.31,1,59.93,HIGH_RISK,LOW
16.49,9.99,35.82,31.45,0,33.23,LOW_RISK,HIGH
22.95,6.44,39.4,47.94,0,24.46,LOW_RISK,HIGH
24.37,10.12,24.56,62.76,0,30.46,LOW_RISK,HIGH
24.92,7.12,17.06,20.0,0,23.28,LOW_RISK,HIGH
4.57,3.99,17.41,55.57,0,14.73,LOW_RISK,HIGH
13.86,1.25,20.13,59.94,0,1.54,LOW_RISK,HIGH
26.31,1.53,25.2,60.93,0,9.8,LOW_RISK,HIGH
25.15,4.42,37.45,86.67,0,37.67,MEDIUM_RISK,MEDIUM
57.49,5.22,31.76,96.98,1,58.35,HIGH_RISK,LOW
1.79,6.62,29.46,68.24,0,14.73,LOW_RISK,HIGH
35.84,10.04,24.58,82.48,0,52.4,MEDIUM_RISK,MEDIUM
25.93,9.22,35.09,48.21,0,30.18,LOW_RISK,HIGH
32.27,11.8,27.44,81.26,0,50.0,MEDIUM_RISK,MEDIUM
25.73,10.1,26.03,74.71,0,37.73,MEDIUM_RISK,MEDIUM
48.62,5.36,33.8,79.66,0,47.32,MEDIUM_RISK,MEDIUM
20.17,5.52,31.69,77.14,0,26.02,LOW_RISK,HIGH
22.62,9.47,37.58,94.6,0,47.78,MEDIUM_RISK,MEDIUM
13.12,11.91,42.13,98.09,0,39.79,MEDIUM_RISK,MEDIUM
10.49,0.68,28.44,99.25,0,10.85,LOW_RISK,HIGH
39.0,20.41,30.08,58.87,1,66.77,HIGH_RISK,LOW
11.58,2.26,40.47,51.15,0,22.52,LOW_RISK,HIGH
25.79,5.37,30.38,97.69,0,28.51,LOW_RISK,HIGH
6.58,14.13,24.18,65.23,0,22.36,LOW_RISK,HIGH
15.58,7.03,36.98,85.76,0,38.88,MEDIUM_RISK,MEDIUM
11.05,0.67,16.32,57.6,0,1.61,LOW_RISK,HIGH
3.84,17.16,35.07,46.63,0,30.0,LOW_RISK,HIGH
6.85,12.83,31.78,73.79,0,29.33,LOW_RISK,HIGH
15.12,5.83,26.42,71.56,0,26.51,LOW_RISK,HIGH
16.57,12.15,30.9,100.0,1,60.44,HIGH_RISK,LOW
18.21,7.13,21.49,36.86,0,27.39,LOW_RISK,HIGH
66.21,10.13,33.35,29.65,0,62.6,HIGH_RISK,LOW
11.4,6.04,25.49,44.77,0,12.04,LOW_RISK,HIGH
20.78,5.17,19.74,85.04,0,31.08,LOW_RISK,HIGH
41.38,8.09,19.92,76.89,1,54.61,MEDIUM_RISK,MEDIUM
11.4,6.78,23.52,79.6,0,20.64,LOW_RISK,HIGH
35.75,32.94,19.65,44.61,0,54.11,MEDIUM_RISK,MEDIUM
27.28,5.64,17.78,71.56,0,32.2,LOW_RISK,HIGH
2.65,6.92,39.94,51.81,0,18.92,LOW_RISK,HIGH
16.65,6.95,24.47,95.92,0,31.06,LOW_RISK,HIGH
10.18,4.42,29.83,87.08,0,28.15,LOW_RISK,HIGH
20.82,2.53,45.0,62.99,0,20.36,LOW_RISK,HIGH
25.61,2.63,13.42,84.24,0,29.01,LOW_RISK,HIGH
21.94,3.6,13.99,58.67,0,15.97,LOW_RISK,HIGH
16.05,11.73,28.63,37.85,0,30.33,LOW_RISK,HIGH
7.69,11.37,26.58,56.41,0,25.54,LOW_RISK,HIGH
26.31,1.14,18.39,74.37,0,17.14,LOW_RISK,HIGH
8.41,2.8,32.98,64.73,0,11.51,LOW_RISK,HIGH
24.3,16.7,37.93,46.75,0,40.84,MEDIUM_RISK,MEDIUM
7.27,0.55,22.63,99.98,0,17.96,LOW_RISK,HIGH
16.13,2.83,30.7,55.65,0,23.63,LOW_RISK,HIGH
13.07,2.47,14.4,100.0,0,30.73,LOW_RISK,HIGH
7.97,3.2,21.87,46.6,0,11.1,LOW_RISK,HIGH
40.83,6.89,35.29,43.36,0,38.26,MEDIUM_RISK,MEDIUM
41.11,10.14,35.25,57.47,0,38.4,MEDIUM_RISK,MEDIUM
23.83,15.0,24.47,22.9,0,34.77,LOW_RISK,HIGH
16.51,21.1,31.87,67.3,0,42.66,MEDIUM_RISK,MEDIUM
3.81,3.2,27.39,64.55,0,11.88,LOW_RISK,HIGH
16.54,1.91,20.7,58.99,0,15.17,LOW_RISK,HIGH
10.48,2.49,22.45,61.47,0,14.76,LOW_RISK,HIGH
26.01,5.48,23.21,71.21,0,25.6,LOW_RISK,HIGH
12.3,7.87,18.57,100.0,0,24.49,LOW_RISK,HIGH
22.89,5.52,27.58,37.17,0,21.0,LOW_RISK,HIGH
16.98,3.4,32.41,58.95,0,31.45,LOW_RISK,HIGH
4.26,7.3,20.9,100.0,0,26.12,LOW_RISK,HIGH
22.18,13.9,45.0,100.0,0,48.76,MEDIUM_RISK,MEDIUM
44.88,4.37,16.21,57.88,0,37.61,MEDIUM_RISK,MEDIUM
20.88,10.61,36.31,64.58,0,28.39,LOW_RISK,HIGH
29.52,3.45,22.87,75.52,0,31.01,LOW_RISK,HIGH
15.74,1.53,30.79,65.23,0,20.89,LOW_RISK,HIGH
69.78,4.81,20.02,99.08,1,73.16,HIGH_RISK,LOW
31.58,7.38,25.15,100.0,0,43.6,MEDIUM_RISK,MEDIUM
20.89,11.28,30.03,83.26,0,35.38,MEDIUM_RISK,MEDIUM
4.24,2.34,38.66,52.64,0,20.87,LOW_RISK,HIGH
4.66,7.83,22.6,70.47,0,16.11,LOW_RISK,HIGH
27.41,3.7,28.18,59.92,0,24.23,LOW_RISK,HIGH
52.85,6.93,21.65,78.1,0,39.4,MEDIUM_RISK,MEDIUM
20.47,3.26,22.76,50.92,0,20.68,LOW_RISK,HIGH
10.0,1.49,20.07,65.77,0,3.51,LOW_RISK,HIGH
14.58,16.13,17.22,38.15,1,42.71,MEDIUM_RISK,MEDIUM
13.38,13.66,31.13,20.29,0,19.64,LOW_RISK,HIGH
53.09,1.41,26.38,77.5,0,42.65,MEDIUM_RISK,MEDIUM
35.24,3.2,19.47,60.93,0,27.52,LOW_RISK,HIGH
71.33,10.01,33.48,68.67,0,50.78,MEDIUM_RISK,MEDIUM
6.23,13.77,27.93,75.23,0,33.03,LOW_RISK,HIGH
25.56,7.2,32.9,41.38,0,17.38,LOW_RISK,HIGH
41.54,6.7,24.78,68.03,0,33.93,LOW_RISK,HIGH
47.42,10.59,39.1,60.05,0,51.4,MEDIUM_RISK,MEDIUM
9.62,6.85,21.68,94.19,0,26.52,LOW_RISK,HIGH
13.49,12.37,45.0,77.17,0,30.04,LOW_RISK,HIGH
12.82,7.16,22.6,100.0,0,30.04,LOW_RISK,HIGH
2.63,17.01,17.54,41.95,1,44.84,MEDIUM_RISK,MEDIUM
12.49,1.34,28.33,72.97,0,13.65,LOW_RISK,HIGH
15.28,9.15,34.5,52.46,0,39.53,MEDIUM_RISK,MEDIUM
12.07,1.7,22.41,49.78,0,0.32,LOW_RISK,HIGH
12.81,9.73,9.46,31.21,0,20.58,LOW_RISK,HIGH
13.95,25.07,22.82,65.6,0,42.83,MEDIUM_RISK,MEDIUM
13.07,13.84,32.25,81.31,0,32.1,LOW_RISK,HIGH
24.58,2.44,22.94,88.36,0,36.08,MEDIUM_RISK,MEDIUM
3.23,19.82,29.53,54.05,1,45.64,MEDIUM_RISK,MEDIUM
32.48,11.69,24.18,80.67,0,46.53,MEDIUM_RISK,MEDIUM
12.54,7.22,34.74,69.48,0,24.2,LOW_RISK,HIGH
17.95,6.03,34.04,41.55,0,24.87,LOW_RISK,HIGH
11.77,4.27,33.51,78.78,0,27.09,LOW_RISK,HIGH
26.07,10.02,41.38,31.25,0,34.56,LOW_RISK,HIGH
22.15,1.12,15.42,61.79,0,7.08,LOW_RISK,HIGH
44.24,2.38,26.46,63.78,0,35.68,MEDIUM_RISK,MEDIUM
25.8,1.78,19.04,50.58,0,16.03,LOW_RISK,HIGH
26.85,21.72,28.31,50.8,0,30.46,LOW_RISK,HIGH
18.08,2.17,23.19,78.32,0,33.86,LOW_RISK,HIGH
16.7,10.94,30.53,61.9,0,26.75,LOW_RISK,HIGH
6.56,11.07,31.63,72.07,0,30.53,LOW_RISK,HIGH
40.73,16.87,27.41,68.43,0,55.03,HIGH_RISK,LOW
12.76,16.12,24.35,81.41,1,41.58,MEDIUM_RISK,MEDIUM
27.1,1.26,37.51,91.8,0,23.85,LOW_RISK,HIGH
18.39,2.13,20.02,59.95,0,16.23,LOW_RISK,HIGH
4.71,14.54,16.24,45.91,0,21.8,LOW_RISK,HIGH
41.03,3.73,25.59,70.91,0,41.68,MEDIUM_RISK,MEDIUM
39.26,6.12,27.32,65.73,0,35.64,MEDIUM_RISK,MEDIUM
8.72,18.99,31.34,76.55,0,35.52,MEDIUM_RISK,MEDIUM
17.5,13.18,21.62,42.6,0,27.53,LOW_RISK,HIGH
19.37,6.26,31.51,81.05,0,24.39,LOW_RISK,HIGH
45.59,2.84,36.96,65.43,0,43.48,MEDIUM_RISK,MEDIUM
16.22,2.02,29.99,91.55,0,36.76,MEDIUM_RISK,MEDIUM
19.45,1.17,27.88,67.09,0,18.65,LOW_RISK,HIGH
31.46,6.95,18.56,30.19,0,28.49,LOW_RISK,HIGH
55.02,6.79,42.55,100.0,1,74.24,HIGH_RISK,LOW
50.38,12.22,31.1,64.02,0,48.73,MEDIUM_RISK,MEDIUM
2.7,5.75,10.92,87.46,0,26.97,LOW_RISK,HIGH
35.64,15.33,24.56,27.07,1,64.9,HIGH_RISK,LOW
56.9,7.65,29.77,65.66,0,45.89,MEDIUM_RISK,MEDIUM
44.48,9.88,19.41,100.0,1,73.58,HIGH_RISK,LOW
14.02,12.95,23.06,100.0,0,30.46,LOW_RISK,HIGH
12.53,11.56,29.4,100.0,0,43.87,MEDIUM_RISK,MEDIUM
13.62,17.08,18.1,68.89,1,48.94,MEDIUM_RISK,MEDIUM
75.25,2.4,21.09,62.99,0,48.04,MEDIUM_RISK,MEDIUM
31.49,4.84,32.68,88.89,0,43.99,MEDIUM_RISK,MEDIUM
27.9,14.08,20.78,70.85,0,38.64,MEDIUM_RISK,MEDIUM
7.1,5.53,33.77,60.2,0,13.05,LOW_RISK,HIGH
18.98,5.68,22.75,97.43,0,32.43,LOW_RISK,HIGH
35.98,13.07,20.52,51.13,0,40.84,MEDIUM_RISK,MEDIUM
38.72,6.07,14.93,84.18,0,42.8,MEDIUM_RISK,MEDIUM
33.55,9.74,25.75,67.18,0,43.0,MEDIUM_RISK,MEDIUM
20.13,6.04,24.55,71.62,0,17.78,LOW_RISK,HIGH
53.85,12.39,22.16,68.56,1,65.13,HIGH_RISK,LOW
9.39,10.53,32.5,64.2,0,24.52,LOW_RISK,HIGH
21.52,22.72,29.44,75.08,0,47.62,MEDIUM_RISK,MEDIUM
54.93,6.44,30.32,45.63,0,39.53,MEDIUM_RISK,MEDIUM
39.39,9.51,24.32,76.13,0,48.66,MEDIUM_RISK,MEDIUM
54.63,1.18,12.11,94.42,0,46.26,MEDIUM_RISK,MEDIUM
7.39,1.94,26.23,57.15,0,3.63,LOW_RISK,HIGH
14.9,1.74,23.91,64.67,0,0.37,LOW_RISK,HIGH
7.68,13.07,32.88,60.8,0,20.74,LOW_RISK,HIGH
26.15,8.15,29.47,61.4,0,27.84,LOW_RISK,HIGH
25.51,7.71,32.36,76.11,0,27.63,LOW_RISK,HIGH
9.41,8.55,30.9,100.0,0,33.04,LOW_RISK,HIGH
12.64,17.01,28.62,54.46,0,39.77,MEDIUM_RISK,MEDIUM
23.43,4.41,19.57,79.91,0,27.62,LOW_RISK,HIGH
41.5,4.46,15.61,63.1,0,37.59,MEDIUM_RISK,MEDIUM
22.17,6.57,35.82,82.66,0,25.97,LOW_RISK,HIGH
26.07,11.27,20.78,70.08,0,33.81,LOW_RISK,HIGH
71.73,3.53,26.96,77.22,0,54.68,MEDIUM_RISK,MEDIUM
5.63,0.95,35.09,52.46,0,8.6,LOW_RISK,HIGH
35.11,3.46,28.04,100.0,0,46.86,MEDIUM_RISK,MEDIUM
30.97,3.72,36.73,63.84,0,39.31,MEDIUM_RISK,MEDIUM
15.76,7.46,30.72,73.15,0,18.96,LOW_RISK,HIGH
12.05,5.44,28.65,60.86,0,14.76,LOW_RISK,HIGH
70.12,2.27,28.64,67.82,0,51.39,MEDIUM_RISK,MEDIUM
6.61,9.42,29.31,100.0,0,32.85,LOW_RISK,HIGH
23.94,4.44,18.95,74.32,0,26.68,LOW_RISK,HIGH
30.65,3.48,28.16,64.98,0,34.24,LOW_RISK,HIGH
29.54,10.59,22.2,46.62,0,28.46,LOW_RISK,HIGH
12.84,8.65,15.04,61.18,0,24.52,LOW_RISK,HIGH
40.53,5.87,18.37,73.58,1,53.33,MEDIUM_RISK,MEDIUM
48.37,9.24,29.21,65.21,1,65.6,HIGH_RISK,LOW
42.7,2.92,18.62,43.75,1,48.9,MEDIUM_RISK,MEDIUM
9.59,1.3,18.55,30.85,0,10.21,LOW_RISK,HIGH
51.91,1.69,37.05,54.77,0,41.94,MEDIUM_RISK,MEDIUM
17.47,3.49,25.67,50.42,0,21.26,LOW_RISK,HIGH
26.13,4.22,28.56,55.1,0,21.08,LOW_RISK,HIGH
20.2,8.36,24.86,51.76,0,33.45,LOW_RISK,HIGH
10.69,2.61,21.22,66.45,0,18.42,LOW_RISK,HIGH
13.52,4.25,28.27,80.01,0,20.61,LOW_RISK,HIGH
34.22,0.78,25.95,63.83,0,25.56,LOW_RISK,HIGH
33.58,3.11,10.89,72.89,0,35.99,MEDIUM_RISK,MEDIUM
55.19,5.79,31.73,60.12,0,49.39,MEDIUM_RISK,MEDIUM
10.52,8.96,17.01,76.75,0,29.33,LOW_RISK,HIGH
36.31,13.25,14.41,75.47,0,49.89,MEDIUM_RISK,MEDIUM
17.87,5.7,31.61,57.14,0,26.12,LOW_RISK,HIGH
46.37,7.6,30.06,85.62,0,55.89,HIGH_RISK,LOW
9.1,8.5,14.49,48.72,0,19.73,LOW_RISK,HIGH
3.1,5.86,31.35,73.89,0,20.88,LOW_RISK,HIGH
34.72,3.45,28.22,75.06,0,39.12,MEDIUM_RISK,MEDIUM
14.74,7.45,22.11,28.39,0,15.66,LOW_RISK,HIGH
60.29,5.09,27.41,51.25,1,64.53,HIGH_RISK,LOW
18.96,8.22,22.61,59.28,0,33.23,LOW_RISK,HIGH
9.52,18.74,20.38,50.02,0,27.79,LOW_RISK,HIGH
29.9,15.06,16.66,72.83,0,45.01,MEDIUM_RISK,MEDIUM
22.81,12.17,30.87,51.34,0,30.96,LOW_RISK,HIGH
47.55,0.41,27.45,46.01,0,38.06,MEDIUM_RISK,MEDIUM
3.26,1.88,24.19,89.04,0,19.59,LOW_RISK,HIGH
22.83,2.92,31.11,54.25,0,23.39,LOW_RISK,HIGH
22.7,14.38,40.4,51.59,0,33.07,LOW_RISK,HIGH
56.71,5.1,23.28,46.05,0,40.01,MEDIUM_RISK,MEDIUM
3.47,20.15,20.14,72.34,0,37.74,MEDIUM_RISK,MEDIUM
32.74,2.03,40.41,70.58,0,47.19,MEDIUM_RISK,MEDIUM
8.12,4.49,22.85,67.03,0,10.38,LOW_RISK,HIGH
10.22,14.84,21.07,23.35,0,19.45,LOW_RISK,HIGH
15.69,3.59,22.16,100.0,1,47.36,MEDIUM_RISK,MEDIUM
13.12,2.95,21.12,58.16,0,13.33,LOW_RISK,HIGH
35.32,2.14,20.31,36.54,0,30.08,LOW_RISK,HIGH
45.37,8.31,27.26,82.81,1,73.64,HIGH_RISK,LOW
27.59,10.62,29.26,53.95,0,29.13,LOW_RISK,HIGH
80.0,8.75,25.92,86.02,0,69.52,HIGH_RISK,LOW
10.09,3.47,27.08,43.03,0,13.98,LOW_RISK,HIGH
46.22,4.86,28.41,75.05,0,50.23,MEDIUM_RISK,MEDIUM
62.42,3.05,36.65,40.37,0,43.36,MEDIUM_RISK,MEDIUM
15.94,13.04,32.97,49.12,0,32.71,LOW_RISK,HIGH
24.4,3.98,24.49,68.76,0,22.23,LOW_RISK,HIGH
20.94,1.88,20.73,57.61,0,7.68,LOW_RISK,HIGH
21.33,19.51,35.46,81.32,0,42.5,MEDIUM_RISK,MEDIUM
34.14,2.34,28.22,48.06,0,38.32,MEDIUM_RISK,MEDIUM
27.87,0.77,15.6,56.99,0,22.4,LOW_RISK,HIGH
24.42,3.82,39.36,100.0,0,38.58,MEDIUM_RISK,MEDIUM
22.0,4.31,31.86,91.52,0,31.27,LOW_RISK,HIGH
4.14,11.25,20.33,85.14,0,22.55,LOW_RISK,HIGH
54.36,1.11,16.86,66.7,0,35.35,MEDIUM_RISK,MEDIUM
54.05,7.83,39.54,100.0,0,58.26,HIGH_RISK,LOW
21.86,11.53,37.79,96.03,1,57.56,HIGH_RISK,LOW
23.39,16.49,21.26,45.31,1,45.12,MEDIUM_RISK,MEDIUM
27.54,2.46,33.32,35.2,0,16.79,LOW_RISK,HIGH
16.84,16.04,23.23,100.0,0,47.83,MEDIUM_RISK,MEDIUM
20.41,2.19,38.76,56.09,0,24.5,LOW_RISK,HIGH
10.14,3.8,23.11,100.0,1,41.28,MEDIUM_RISK,MEDIUM
21.06,6.63,34.01,90.44,0,34.29,LOW_RISK,HIGH
40.45,2.75,13.78,74.7,0,47.1,MEDIUM_RISK,MEDIUM
36.18,4.9,24.02,54.91,0,33.89,LOW_RISK,HIGH
19.83,4.66,28.68,77.21,0,29.9,LOW_RISK,HIGH
71.93,2.73,32.54,37.64,1,63.34,HIGH_RISK,LOW
33.25,18.51,41.18,96.96,0,68.03,HIGH_RISK,LOW
22.86,1.91,30.85,78.29,0,16.38,LOW_RISK,HIGH
44.27,7.26,33.04,44.47,1,42.09,MEDIUM_RISK,MEDIUM
12.72,2.94,33.97,98.25,1,44.55,MEDIUM_RISK,MEDIUM
43.15,5.45,32.61,65.43,0,36.7,MEDIUM_RISK,MEDIUM
69.24,8.21,44.65,71.53,0,70.71,HIGH_RISK,LOW
29.41,2.38,23.78,84.4,0,28.49,LOW_RISK,HIGH
26.97,16.6,12.81,54.95,0,37.28,MEDIUM_RISK,MEDIUM
19.97,17.66,13.69,35.97,1,53.8,MEDIUM_RISK,MEDIUM
24.28,4.91,15.1,81.16,0,30.1,LOW_RISK,HIGH
23.33,16.62,26.83,67.76,0,39.03,MEDIUM_RISK,MEDIUM
9.18,2.3,24.95,60.81,1,29.14,LOW_RISK,HIGH
15.31,1.72,35.36,72.88,0,22.95,LOW_RISK,HIGH
26.98,2.66,24.79,69.76,0,20.85,LOW_RISK,HIGH
30.46,1.76,24.62,55.96,0,30.14,LOW_RISK,HIGH
17.51,5.44,26.14,76.74,0,29.5,LOW_RISK,HIGH
8.93,11.41,42.1,72.79,0,27.3,LOW_RISK,HIGH
38.21,5.15,30.79,41.27,0,32.32,LOW_RISK,HIGH
21.43,3.6,16.33,52.3,0,27.41,LOW_RISK,HIGH
38.74,8.0,19.79,91.95,0,62.02,HIGH_RISK,LOW
13.78,8.99,28.77,40.35,0,18.45,LOW_RISK,HIGH
43.38,10.62,15.39,64.45,0,38.97,MEDIUM_RISK,MEDIUM
15.3,2.26,36.23,20.0,0,26.07,LOW_RISK,HIGH
40.45,4.69,28.81,92.38,0,52.99,MEDIUM_RISK,MEDIUM
37.52,1.72,20.91,93.91,0,36.58,MEDIUM_RISK,MEDIUM
28.95,9.56,35.44,66.96,0,37.41,MEDIUM_RISK,MEDIUM
35.07,4.3,28.22,81.74,0,48.9,MEDIUM_RISK,MEDIUM
16.62,5.48,29.19,68.86,0,18.96,LOW_RISK,HIGH
44.85,6.73,42.25,59.82,0,36.37,MEDIUM_RISK,MEDIUM
33.38,15.24,25.9,79.54,0,62.03,HIGH_RISK,LOW
8.15,7.71,22.81,57.21,0,11.7,LOW_RISK,HIGH
16.47,15.75,23.59,64.5,1,51.66,MEDIUM_RISK,MEDIUM
21.25,4.08,24.27,100.0,0,31.4,LOW_RISK,HIGH
24.24,3.77,18.68,20.0,0,18.19,LOW_RISK,HIGH
33.12,20.78,11.47,83.61,1,70.18,HIGH_RISK,LOW
8.34,7.76,18.09,20.0,0,9.24,LOW_RISK,HIGH
33.39,1.2,23.79,29.8,0,30.56,LOW_RISK,HIGH
14.85,21.0,13.58,50.35,0,31.69,LOW_RISK,HIGH
28.98,2.7,31.1,34.08,0,18.17,LOW_RISK,HIGH
6.89,5.24,22.94,43.63,0,10.03,LOW_RISK,HIGH
39.15,2.09,42.69,43.93,0,34.02,LOW_RISK,HIGH
14.67,5.02,26.46,63.83,0,18.75,LOW_RISK,HIGH
55.3,17.17,19.79,69.9,0,56.2,HIGH_RISK,LOW
60.27,10.09,24.65,66.02,1,77.46,HIGH_RISK,LOW
36.8,8.63,22.93,91.65,0,60.61,HIGH_RISK,LOW
13.78,20.68,31.24,81.01,0,40.83,MEDIUM_RISK,MEDIUM
8.14,3.07,32.88,89.02,0,31.44,LOW_RISK,HIGH
17.09,14.76,31.46,68.05,0,29.93,LOW_RISK,HIGH
28.47,9.19,39.66,77.94,0,38.02,MEDIUM_RISK,MEDIUM
44.41,2.66,35.96,94.23,0,45.38,MEDIUM_RISK,MEDIUM
24.96,11.15,17.03,83.18,0,35.11,MEDIUM_RISK,MEDIUM
21.95,1.3,35.38,56.67,0,10.32,LOW_RISK,HIGH
15.86,0.74,28.83,59.32,0,19.45,LOW_RISK,HIGH
8.18,15.01,37.06,56.48,0,34.7,LOW_RISK,HIGH
39.83,2.63,25.7,70.15,0,38.76,MEDIUM_RISK,MEDIUM
71.71,5.18,26.32,82.14,0,50.45,MEDIUM_RISK,MEDIUM
62.37,3.45,34.14,79.68,0,57.01,HIGH_RISK,LOW
25.28,4.61,24.52,70.03,0,24.38,LOW_RISK,HIGH
35.07,4.62,23.05,88.34,0,44.09,MEDIUM_RISK,MEDIUM
80.0,23.46,17.4,73.36,1,92.14,HIGH_RISK,LOW
39.34,2.84,23.42,43.68,0,28.63,LOW_RISK,HIGH
25.24,8.39,38.0,27.75,0,29.94,LOW_RISK,HIGH
16.93,9.35,25.64,57.35,0,27.59,LOW_RISK,HIGH
9.1,2.62,39.65,72.6,0,19.75,LOW_RISK,HIGH
17.61,4.17,41.84,60.78,0,30.94,LOW_RISK,HIGH
21.61,10.47,32.5,51.7,0,30.0,LOW_RISK,HIGH
12.99,1.15,17.98,55.5,0,10.81,LOW_RISK,HIGH
10.71,16.68,30.56,37.56,0,23.77,LOW_RISK,HIGH
24.64,14.8,41.84,72.09,0,39.62,MEDIUM_RISK,MEDIUM
15.09,2.17,28.27,72.42,0,30.7,LOW_RISK,HIGH
14.75,2.07,29.63,60.9,0,10.15,LOW_RISK,HIGH
11.62,4.11,16.01,63.53,0,7.92,LOW_RISK,HIGH
13.21,1.71,21.82,46.87,0,0.0,LOW_RISK,HIGH
11.42,7.89,20.91,70.26,0,15.52,LOW_RISK,HIGH
13.88,4.16,45.0,36.49,0,14.18,LOW_RISK,HIGH
23.79,1.68,27.25,53.59,0,12.36,LOW_RISK,HIGH
34.33,9.57,35.31,49.53,0,39.38,MEDIUM_RISK,MEDIUM
29.22,3.22,35.64,60.73,0,20.06,LOW_RISK,HIGH
22.18,4.38,28.44,79.63,0,32.61,LOW_RISK,HIGH
39.42,6.69,10.19,70.54,0,45.18,MEDIUM_RISK,MEDIUM
15.29,9.38,38.63,53.24,0,36.53,MEDIUM_RISK,MEDIUM
12.76,7.0,39.62,59.19,0,20.17,LOW_RISK,HIGH
11.53,6.77,29.64,88.57,0,28.29,LOW_RISK,HIGH
38.39,10.43,18.76,30.63,0,45.4,MEDIUM_RISK,MEDIUM
27.38,5.18,36.1,88.9,0,34.39,LOW_RISK,HIGH
27.52,7.22,33.9,72.54,0,32.16,LOW_RISK,HIGH
10.47,4.03,13.21,42.29,0,6.74,LOW_RISK,HIGH
15.96,5.67,16.66,50.28,0,23.78,LOW_RISK,HIGH
25.18,6.51,21.68,81.58,0,29.25,LOW_RISK,HIGH
23.51,15.4,16.61,20.0,0,40.24,MEDIUM_RISK,MEDIUM
9.83,3.16,14.49,78.52,0,19.5,LOW_RISK,HIGH
15.68,18.67,33.76,54.0,0,39.79,MEDIUM_RISK,MEDIUM
63.16,0.08,22.46,58.95,1,54.38,MEDIUM_RISK,MEDIUM
30.52,27.21,27.72,40.0,1,75.22,HIGH_RISK,LOW
44.26,3.9,23.7,100.0,1,66.55,HIGH_RISK,LOW
34.31,11.24,5.0,45.21,0,53.27,MEDIUM_RISK,MEDIUM
25.57,17.3,38.14,72.26,1,60.22,HIGH_RISK,LOW
11.44,21.18,18.58,70.26,0,31.07,LOW_RISK,HIGH
20.39,15.87,26.04,69.76,1,42.61,MEDIUM_RISK,MEDIUM
39.65,3.63,26.14,58.95,0,38.26,MEDIUM_RISK,MEDIUM
15.19,3.63,23.08,64.17,0,24.1,LOW_RISK,HIGH
11.09,5.57,23.63,70.12,0,25.17,LOW_RISK,HIGH
67.16,6.6,21.58,48.13,1,64.7,HIGH_RISK,LOW
28.08,12.55,30.76,70.8,1,51.26,MEDIUM_RISK,MEDIUM
16.7,6.28,27.13,91.42,1,47.3,MEDIUM_RISK,MEDIUM
17.42,2.33,28.49,64.83,0,23.58,LOW_RISK,HIGH
9.66,5.24,21.54,44.72,0,8.97,LOW_RISK,HIGH
10.42,5.16,31.38,40.12,0,10.55,LOW_RISK,HIGH
48.95,1.64,42.41,77.03,0,37.57,MEDIUM_RISK,MEDIUM
17.49,1.57,24.32,90.58,0,24.92,LOW_RISK,HIGH
13.19,3.68,18.36,49.87,0,13.23,LOW_RISK,HIGH
20.5,10.52,28.31,44.16,0,24.07,LOW_RISK,HIGH
27.03,13.09,21.55,100.0,1,58.43,HIGH_RISK,LOW
4.17,8.11,32.0,94.18,0,31.28,LOW_RISK,HIGH
19.08,1.25,24.47,92.85,0,23.72,LOW_RISK,HIGH
71.38,5.84,39.03,68.57,1,71.74,HIGH_RISK,LOW
14.1,2.73,18.74,32.89,0,7.9,LOW_RISK,HIGH
8.55,4.4,36.16,60.99,0,12.37,LOW_RISK,HIGH
23.52,7.16,32.4,89.04,1,55.74,HIGH_RISK,LOW
1.26,5.6,34.36,80.4,0,24.79,LOW_RISK,HIGH
36.13,8.15,27.05,80.1,0,48.11,MEDIUM_RISK,MEDIUM
17.77,4.51,29.4,58.01,0,22.93,LOW_RISK,HIGH
19.38,6.86,34.39,84.05,0,28.15,LOW_RISK,HIGH
12.19,13.89,33.07,75.13,0,31.94,LOW_RISK,HIGH
13.9,2.73,35.56,32.16,0,18.36,LOW_RISK,HIGH
6.77,9.66,25.09,34.82,0,22.08,LOW_RISK,HIGH
9.71,0.28,23.93,100.0,0,21.39,LOW_RISK,HIGH
28.45,10.23,30.28,82.61,0,33.71,LOW_RISK,HIGH
11.39,2.03,30.15,75.1,0,17.58,LOW_RISK,HIGH
21.7,3.77,25.09,50.92,0,24.49,LOW_RISK,HIGH
29.38,4.78,36.95,82.72,0,34.6,LOW_RISK,HIGH
23.26,8.65,35.62,62.56,0,38.26,MEDIUM_RISK,MEDIUM
13.23,12.24,22.75,54.38,0,20.33,LOW_RISK,HIGH
11.55,17.12,30.06,77.79,0,38.72,MEDIUM_RISK,MEDIUM
22.53,1.54,20.44,93.61,1,42.19,MEDIUM_RISK,MEDIUM
10.08,10.36,28.31,84.81,0,26.92,LOW_RISK,HIGH
6.56,26.08,23.81,54.08,0,40.26,MEDIUM_RISK,MEDIUM
15.05,5.29,45.0,98.97,0,43.65,MEDIUM_RISK,MEDIUM
10.24,4.75,17.3,63.53,0,13.64,LOW_RISK,HIGH
15.89,5.03,31.99,38.16,0,18.75,LOW_RISK,HIGH
20.57,1.9,19.31,79.56,0,14.89,LOW_RISK,HIGH
8.7,10.96,22.27,84.19,0,23.12,LOW_RISK,HIGH
46.46,5.95,29.43,57.8,1,61.06,HIGH_RISK,LOW
27.11,4.4,31.45,49.71,0,19.89,LOW_RISK,HIGH
53.25,11.21,32.56,60.05,0,53.61,MEDIUM_RISK,MEDIUM
32.55,1.22,32.72,70.03,0,34.67,LOW_RISK,HIGH
17.8,3.33,33.92,56.28,0,21.98,LOW_RISK,HIGH
19.23,1.45,20.99,69.89,0,17.84,LOW_RISK,HIGH
17.32,9.78,28.46,20.0,0,28.55,LOW_RISK,HIGH
20.17,10.67,33.36,63.39,0,33.91,LOW_RISK,HIGH
22.25,6.97,18.14,83.6,1,38.24,MEDIUM_RISK,MEDIUM
46.37,7.69,12.36,50.69,0,44.15,MEDIUM_RISK,MEDIUM
17.34,3.22,16.53,59.52,0,27.64,LOW_RISK,HIGH
12.73,4.06,28.35,46.04,0,7.61,LOW_RISK,HIGH
4.27,3.13,30.75,80.69,0,20.68,LOW_RISK,HIGH
17.61,5.66,23.76,67.77,0,25.16,LOW_RISK,HIGH
32.76,6.91,18.47,79.07,0,47.73,MEDIUM_RISK,MEDIUM
27.42,5.13,29.17,87.57,0,39.12,MEDIUM_RISK,MEDIUM
4.44,8.7,34.8,57.93,0,23.23,LOW_RISK,HIGH
28.43,1.18,35.63,76.15,0,23.33,LOW_RISK,HIGH
5.13,15.37,27.22,47.01,0,33.44,LOW_RISK,HIGH
12.95,4.14,27.14,48.92,0,10.1,LOW_RISK,HIGH
14.91,3.97,43.2,68.62,0,16.9,LOW_RISK,HIGH
13.65,13.19,33.66,66.29,0,19.09,LOW_RISK,HIGH
18.81,9.34,19.83,83.33,0,38.89,MEDIUM_RISK,MEDIUM
25.31,8.05,25.33,87.06,0,39.46,MEDIUM_RISK,MEDIUM
50.36,4.98,21.53,45.18,0,31.28,LOW_RISK,HIGH
14.76,4.84,32.47,68.88,0,16.83,LOW_RISK,HIGH
31.88,9.4,43.56,42.31,0,39.45,MEDIUM_RISK,MEDIUM
21.06,29.44,29.15,61.43,0,43.16,MEDIUM_RISK,MEDIUM
58.97,4.84,20.34,100.0,1,67.62,HIGH_RISK,LOW
32.96,6.65,39.1,51.29,1,50.73,MEDIUM_RISK,MEDIUM
36.82,6.23,22.05,33.07,0,33.38,LOW_RISK,HIGH
14.84,11.69,25.13,37.32,0,16.56,LOW_RISK,HIGH
11.21,6.18,26.33,25.94,0,10.64,LOW_RISK,HIGH
11.99,3.91,17.57,51.75,0,14.43,LOW_RISK,HIGH
20.85,5.54,26.86,73.23,0,25.93,LOW_RISK,HIGH
45.21,4.47,34.61,59.38,0,42.9,MEDIUM_RISK,MEDIUM
31.53,3.84,22.8,97.46,0,40.71,MEDIUM_RISK,MEDIUM
29.74,10.52,22.93,57.44,0,31.82,LOW_RISK,HIGH
37.2,2.35,19.82,93.35,0,54.36,MEDIUM_RISK,MEDIUM
52.66,10.33,25.08,75.13,0,62.62,HIGH_RISK,LOW
32.49,2.16,22.5,90.04,1,63.74,HIGH_RISK,LOW
18.25,3.54,35.49,37.34,0,14.42,LOW_RISK,HIGH
13.43,2.87,29.02,46.01,0,17.81,LOW_RISK,HIGH
22.54,4.86,20.69,49.99,0,20.7,LOW_RISK,HIGH
16.92,0.76,19.57,88.48,0,19.56,LOW_RISK,HIGH
11.59,6.03,39.55,95.79,0,28.6,LOW_RISK,HIGH
22.57,13.63,28.29,70.55,0,32.85,LOW_RISK,HIGH
35.82,10.83,39.82,67.78,0,46.52,MEDIUM_RISK,MEDIUM
26.76,11.72,31.23,74.72,0,36.38,MEDIUM_RISK,MEDIUM
23.79,9.63,29.11,63.01,0,33.44,LOW_RISK,HIGH
26.95,5.1,25.18,55.86,0,14.81,LOW_RISK,HIGH
57.12,2.7,35.49,26.36,0,41.79,MEDIUM_RISK,MEDIUM
43.53,5.04,21.5,63.26,1,56.77,HIGH_RISK,LOW
47.71,8.28,34.06,38.42,1,66.28,HIGH_RISK,LOW
12.76,9.25,24.92,62.8,0,24.09,LOW_RISK,HIGH
38.18,1.71,33.88,62.03,0,26.1,LOW_RISK,HIGH
13.83,0.59,27.79,78.89,0,11.29,LOW_RISK,HIGH
15.05,1.57,21.24,20.86,1,30.86,LOW_RISK,HIGH
22.09,3.17,25.26,75.24,0,25.7,LOW_RISK,HIGH
6.15,4.19,31.78,71.82,0,21.81,LOW_RISK,HIGH
27.58,15.72,13.06,52.8,0,40.07,MEDIUM_RISK,MEDIUM
31.49,9.93,20.12,78.25,0,43.21,MEDIUM_RISK,MEDIUM
19.51,8.94,30.14,66.32,0,32.88,LOW_RISK,HIGH
11.03,7.02,27.62,100.0,0,26.69,LOW_RISK,HIGH
17.94,6.81,19.26,53.38,0,17.4,LOW_RISK,HIGH
15.92,1.48,20.42,69.25,0,15.45,LOW_RISK,HIGH
9.82,21.43,17.2,54.11,0,25.65,LOW_RISK,HIGH
2.82,2.9,28.46,85.07,0,18.39,LOW_RISK,HIGH
55.14,0.84,22.33,59.4,0,27.77,LOW_RISK,HIGH
39.7,14.34,33.03,70.05,0,41.87,MEDIUM_RISK,MEDIUM
22.55,9.08,24.99,33.89,0,33.89,LOW_RISK,HIGH
56.1,6.08,22.64,35.31,1,59.16,HIGH_RISK,LOW
28.95,11.76,38.16,86.44,1,61.85,HIGH_RISK,LOW
28.48,6.35,25.91,100.0,0,30.96,LOW_RISK,HIGH
54.47,1.19,26.27,30.26,1,48.82,MEDIUM_RISK,MEDIUM
17.55,6.47,31.03,78.33,0,20.23,LOW_RISK,HIGH
6.86,8.64,21.07,71.4,0,27.6,LOW_RISK,HIGH
16.04,4.98,18.85,42.47,0,21.78,LOW_RISK,HIGH
10.22,1.76,35.02,64.05,0,5.51,LOW_RISK,HIGH
37.81,0.23,19.38,92.26,0,30.72,LOW_RISK,HIGH
36.17,11.26,28.88,28.03,0,41.55,MEDIUM_RISK,MEDIUM
22.13,11.7,26.36,64.98,0,28.74,LOW_RISK,HIGH
10.07,5.2,11.32,55.76,0,16.34,LOW_RISK,HIGH
21.61,0.75,30.29,84.86,0,16.27,LOW_RISK,HIGH
6.78,6.75,29.07,42.35,0,7.21,LOW_RISK,HIGH
18.51,12.61,30.41,72.74,0,43.14,MEDIUM_RISK,MEDIUM
23.2,5.77,20.09,82.52,0,27.24,LOW_RISK,HIGH
37.79,11.45,17.0,80.85,0,47.3,MEDIUM_RISK,MEDIUM
12.19,2.75,18.68,50.26,0,13.35,LOW_RISK,HIGH
22.03,5.47,23.29,70.38,0,28.64,LOW_RISK,HIGH
10.21,10.81,22.6,66.91,0,17.91,LOW_RISK,HIGH
53.82,5.16,25.02,64.54,0,42.79,MEDIUM_RISK,MEDIUM
37.52,2.59,14.67,57.89,0,36.1,MEDIUM_RISK,MEDIUM
25.12,6.44,25.62,95.28,0,33.12,LOW_RISK,HIGH
20.74,3.52,42.51,64.97,0,19.77,LOW_RISK,HIGH
17.22,5.18,26.52,55.22,0,20.19,LOW_RISK,HIGH
20.02,7.35,17.78,65.7,0,21.97,LOW_RISK,HIGH
33.16,17.33,25.45,62.67,0,56.52,HIGH_RISK,LOW
10.93,5.25,24.91,43.64,0,12.25,LOW_RISK,HIGH
6.27,8.01,30.27,85.76,0,35.47,MEDIUM_RISK,MEDIUM
38.94,24.18,31.08,99.82,0,67.28,HIGH_RISK,LOW
32.6,6.03,27.87,91.92,0,48.76,MEDIUM_RISK,MEDIUM
10.87,4.52,32.53,84.73,0,18.7,LOW_RISK,HIGH
37.22,14.7,30.44,60.79,0,39.02,MEDIUM_RISK,MEDIUM
11.43,6.39,25.66,70.2,0,26.54,LOW_RISK,HIGH
6.75,5.74,14.19,77.97,0,20.19,LOW_RISK,HIGH
6.34,50.0,29.76,52.47,0,31.89,LOW_RISK,HIGH
8.41,2.73,31.15,100.0,0,29.82,LOW_RISK,HIGH
12.21,8.0,25.13,31.38,0,21.76,LOW_RISK,HIGH
72.93,9.52,27.21,95.75,0,67.45,HIGH_RISK,LOW
25.26,1.36,25.99,48.7,0,10.75,LOW_RISK,HIGH
22.14,7.36,22.34,90.27,0,33.27,LOW_RISK,HIGH
31.32,0.96,19.87,60.96,0,23.63,LOW_RISK,HIGH
29.19,6.37,32.31,100.0,0,27.33,LOW_RISK,HIGH
7.95,1.55,15.27,58.02,0,8.2,LOW_RISK,HIGH
24.86,3.05,37.35,100.0,1,52.82,MEDIUM_RISK,MEDIUM
38.02,12.54,34.57,39.53,0,44.26,MEDIUM_RISK,MEDIUM
19.9,13.91,35.34,95.83,0,40.28,MEDIUM_RISK,MEDIUM
15.87,6.81,24.64,76.73,0,28.19,LOW_RISK,HIGH
17.18,9.57,39.61,47.07,0,34.11,LOW_RISK,HIGH
42.11,2.19,19.48,97.1,1,59.67,HIGH_RISK,LOW
15.69,9.8,23.92,79.13,0,39.12,MEDIUM_RISK,MEDIUM
30.33,6.23,38.67,74.83,0,46.54,MEDIUM_RISK,MEDIUM
29.78,9.22,36.76,38.55,0,31.7,LOW_RISK,HIGH
3.18,8.33,25.64,85.93,0,34.61,LOW_RISK,HIGH
17.93,4.57,35.66,93.03,0,32.34,LOW_RISK,HIGH
20.86,7.05,24.63,77.95,0,25.67,LOW_RISK,HIGH
33.33,1.65,25.65,50.81,0,31.54,LOW_RISK,HIGH
26.78,7.14,17.86,72.3,0,28.52,LOW_RISK,HIGH
35.44,10.85,32.3,89.03,0,57.07,HIGH_RISK,LOW
29.45,12.42,30.86,20.7,0,24.26,LOW_RISK,HIGH
7.53,12.21,13.34,84.56,0,32.13,LOW_RISK,HIGH
6.39,6.45,35.03,86.52,0,19.63,LOW_RISK,HIGH
59.9,12.73,24.21,53.1,1,66.06,HIGH_RISK,LOW
12.26,7.79,22.22,78.54,0,26.28,LOW_RISK,HIGH
43.71,4.82,28.58,43.38,1,46.01,MEDIUM_RISK,MEDIUM
80.0,10.16,37.02,53.75,0,57.01,HIGH_RISK,LOW
16.37,8.2,28.53,68.61,0,37.02,MEDIUM_RISK,MEDIUM
14.18,8.31,23.46,38.58,0,27.04,LOW_RISK,HIGH
18.73,14.41,31.85,47.19,0,37.18,MEDIUM_RISK,MEDIUM
23.0,14.69,15.02,69.86,0,29.32,LOW_RISK,HIGH
31.09,2.76,29.1,58.23,0,39.48,MEDIUM_RISK,MEDIUM
12.19,6.74,31.76,61.76,0,13.38,LOW_RISK,HIGH
2.9,6.2,30.56,39.02,0,12.29,LOW_RISK,HIGH
59.23,5.12,21.48,69.95,0,38.8,MEDIUM_RISK,MEDIUM
15.97,16.09,34.93,56.39,0,45.33,MEDIUM_RISK,MEDIUM
8.62,1.29,20.18,81.95,0,8.76,LOW_RISK,HIGH
12.31,2.24,33.95,66.72,0,17.18,LOW_RISK,HIGH
7.98,8.5,35.93,68.62,0,21.97,LOW_RISK,HIGH
13.68,11.68,29.4,47.78,0,14.47,LOW_RISK,HIGH
12.21,2.06,34.95,79.1,0,21.37,LOW_RISK,HIGH
44.27,7.82,29.1,74.96,0,45.06,MEDIUM_RISK,MEDIUM
14.97,7.4,34.9,32.46,0,9.82,LOW_RISK,HIGH
9.53,3.1,11.37,92.66,0,22.61,LOW_RISK,HIGH
7.46,13.62,29.04,87.01,0,34.83,LOW_RISK,HIGH
9.29,5.84,31.42,73.17,0,16.74,LOW_RISK,HIGH
31.07,9.69,27.11,100.0,0,53.46,MEDIUM_RISK,MEDIUM
29.85,10.54,25.29,83.21,0,41.65,MEDIUM_RISK,MEDIUM
16.7,23.87,7.37,65.29,0,40.32,MEDIUM_RISK,MEDIUM
11.56,4.85,39.08,86.27,0,28.14,LOW_RISK,HIGH
30.4,12.46,15.45,59.84,0,46.7,MEDIUM_RISK,MEDIUM
34.54,4.62,34.44,94.19,0,52.75,MEDIUM_RISK,MEDIUM
28.9,12.94,26.46,56.62,0,37.83,MEDIUM_RISK,MEDIUM
24.71,22.07,21.38,61.31,1,57.14,HIGH_RISK,LOW
15.37,16.08,35.51,96.85,0,51.13,MEDIUM_RISK,MEDIUM
38.29,2.42,24.99,75.35,0,34.68,LOW_RISK,HIGH
20.85,9.93,41.18,68.41,0,41.72,MEDIUM_RISK,MEDIUM
80.0,11.91,19.95,43.08,0,63.42,HIGH_RISK,LOW
11.02,2.93,30.42,70.26,0,14.48,LOW_RISK,HIGH
34.52,4.77,40.81,74.78,0,49.26,MEDIUM_RISK,MEDIUM
43.05,10.55,25.92,57.11,0,43.95,MEDIUM_RISK,MEDIUM
5.54,3.29,19.7,65.45,0,17.51,LOW_RISK,HIGH
15.0,9.23,31.7,53.43,0,31.66,LOW_RISK,HIGH
15.31,4.51,12.43,62.0,0,26.24,LOW_RISK,HIGH
23.81,6.28,28.9,41.46,0,19.61,LOW_RISK,HIGH
15.25,2.55,25.72,65.13,0,21.82,LOW_RISK,HIGH
17.1,12.12,23.92,61.7,0,31.87,LOW_RISK,HIGH
12.69,15.43,28.97,100.0,0,39.85,MEDIUM_RISK,MEDIUM
5.47,13.73,15.75,100.0,0,38.84,MEDIUM_RISK,MEDIUM
5.83,6.21,16.36,68.61,0,16.27,LOW_RISK,HIGH
22.37,3.0,35.85,74.16,0,23.63,LOW_RISK,HIGH
27.97,3.21,22.3,60.21,0,21.74,LOW_RISK,HIGH
30.71,2.09,28.92,65.45,0,37.27,MEDIUM_RISK,MEDIUM
22.54,3.18,24.51,96.33,0,29.22,LOW_RISK,HIGH
3.86,5.51,37.03,89.46,0,26.18,LOW_RISK,HIGH
40.87,5.62,21.02,100.0,0,51.2,MEDIUM_RISK,MEDIUM
17.44,4.55,15.61,28.47,0,21.76,LOW_RISK,HIGH
27.56,6.48,13.96,81.72,0,22.07,LOW_RISK,HIGH
22.97,3.49,36.02,68.05,0,20.62,LOW_RISK,HIGH
8.45,4.06,20.42,99.39,0,32.81,LOW_RISK,HIGH
47.39,8.5,34.0,51.16,0,50.76,MEDIUM_RISK,MEDIUM
44.09,2.77,37.67,67.36,0,35.72,MEDIUM_RISK,MEDIUM
25.68,0.31,31.4,36.35,0,8.81,LOW_RISK,HIGH
22.03,3.03,23.06,52.15,0,24.04,LOW_RISK,HIGH
20.02,3.55,15.11,67.35,0,22.8,LOW_RISK,HIGH
4.79,7.37,20.3,69.5,0,12.03,LOW_RISK,HIGH
14.98,17.1,23.68,80.37,0,40.1,MEDIUM_RISK,MEDIUM
47.25,4.41,25.03,92.68,1,63.72,HIGH_RISK,LOW
17.32,4.33,29.7,84.08,0,33.06,LOW_RISK,HIGH
8.53,11.91,20.18,80.3,0,33.51,LOW_RISK,HIGH
20.75,3.88,26.73,77.91,0,26.93,LOW_RISK,HIGH
47.24,4.36,35.21,79.6,0,44.47,MEDIUM_RISK,MEDIUM
30.52,20.64,15.33,56.16,1,61.99,HIGH_RISK,LOW
21.71,3.58,38.15,34.25,0,25.8,LOW_RISK,HIGH
26.94,5.93,30.95,87.13,0,17.97,LOW_RISK,HIGH
30.92,6.08,24.74,100.0,1,55.9,HIGH_RISK,LOW
51.35,9.19,23.82,85.68,0,59.64,HIGH_RISK,LOW
9.91,9.06,30.08,72.04,0,31.19,LOW_RISK,HIGH
26.74,4.61,20.02,48.76,0,12.71,LOW_RISK,HIGH
37.04,1.08,18.25,45.0,0,25.64,LOW_RISK,HIGH
28.13,10.72,28.76,74.74,0,41.26,MEDIUM_RISK,MEDIUM
26.89,5.98,29.0,85.95,0,34.58,LOW_RISK,HIGH
9.13,2.69,20.83,75.44,0,20.3,LOW_RISK,HIGH
20.31,17.71,40.3,24.94,0,38.48,MEDIUM_RISK,MEDIUM
6.9,6.59,32.12,72.83,0,18.67,LOW_RISK,HIGH
50.85,2.44,43.1,75.43,0,52.99,MEDIUM_RISK,MEDIUM
35.77,17.88,7.64,71.67,0,56.62,HIGH_RISK,LOW
26.17,4.6,27.65,24.06,0,24.98,LOW_RISK,HIGH
14.77,8.13,30.31,22.4,0,24.97,LOW_RISK,HIGH
12.66,3.34,17.01,76.66,0,11.99,LOW_RISK,HIGH
32.9,4.93,31.07,83.65,0,39.64,MEDIUM_RISK,MEDIUM
18.31,9.45,21.24,85.5,1,54.99,MEDIUM_RISK,MEDIUM
19.57,6.51,15.3,56.36,0,26.9,LOW_RISK,HIGH
33.85,8.52,29.64,63.81,0,38.08,MEDIUM_RISK,MEDIUM
44.7,0.86,36.71,85.92,0,26.51,LOW_RISK,HIGH
27.54,3.86,26.9,59.96,0,19.34,LOW_RISK,HIGH
26.24,1.37,33.82,65.78,0,22.19,LOW_RISK,HIGH
32.19,7.29,24.32,57.84,0,33.26,LOW_RISK,HIGH
15.68,0.82,16.96,20.0,0,20.2,LOW_RISK,HIGH
14.06,2.19,18.54,71.82,0,20.63,LOW_RISK,HIGH
26.32,2.92,18.66,42.33,0,21.28,LOW_RISK,HIGH
14.77,3.61,22.15,100.0,1,38.23,MEDIUM_RISK,MEDIUM
23.9,1.09,16.38,71.47,0,24.05,LOW_RISK,HIGH
46.06,7.39,32.16,44.91,0,40.83,MEDIUM_RISK,MEDIUM
15.21,1.25,28.36,89.79,0,26.27,LOW_RISK,HIGH
7.27,6.15,15.08,83.01,0,23.87,LOW_RISK,HIGH
18.57,9.11,24.34,52.8,0,30.75,LOW_RISK,HIGH
23.9,2.73,20.47,62.64,0,24.34,LOW_RISK,HIGH
19.16,6.21,17.61,76.8,0,26.59,LOW_RISK,HIGH
51.52,9.21,21.9,85.02,1,72.64,HIGH_RISK,LOW
6.39,8.66,21.37,76.55,0,29.43,LOW_RISK,HIGH
22.34,11.98,24.18,57.09,0,33.79,LOW_RISK,HIGH
32.84,5.69,9.31,69.73,0,40.22,MEDIUM_RISK,MEDIUM
49.72,1.99,44.59,63.3,0,37.42,MEDIUM_RISK,MEDIUM
19.71,4.26,24.14,89.34,0,37.77,MEDIUM_RISK,MEDIUM
38.29,1.48,25.05,79.52,0,30.57,LOW_RISK,HIGH
25.77,8.79,35.6,92.5,0,40.27,MEDIUM_RISK,MEDIUM
3.79,2.97,30.72,64.09,0,7.21,LOW_RISK,HIGH
20.66,5.65,18.38,68.24,0,22.39,LOW_RISK,HIGH
48.26,7.99,30.04,67.35,1,63.41,HIGH_RISK,LOW
27.41,12.19,21.87,70.08,0,34.94,LOW_RISK,HIGH
50.71,3.76,31.79,53.48,1,57.55,HIGH_RISK,LOW
14.07,9.8,35.43,76.94,0,18.81,LOW_RISK,HIGH
35.43,4.07,15.14,89.43,0,52.96,MEDIUM_RISK,MEDIUM
33.58,9.56,25.09,80.73,1,71.33,HIGH_RISK,LOW
18.09,12.69,30.3,74.72,0,33.35,LOW_RISK,HIGH
15.2,5.49,38.33,57.6,0,28.04,LOW_RISK,HIGH
11.11,0.58,31.4,36.44,0,0.0,LOW_RISK,HIGH
12.3,3.74,17.15,54.25,0,14.52,LOW_RISK,HIGH
29.15,17.03,22.9,57.93,0,46.61,MEDIUM_RISK,MEDIUM
15.31,3.11,16.49,60.0,0,23.1,LOW_RISK,HIGH
76.22,7.08,29.32,45.86,1,53.5,MEDIUM_RISK,MEDIUM
16.38,8.23,27.48,49.55,0,26.89,LOW_RISK,HIGH
18.44,18.17,25.14,73.87,0,45.72,MEDIUM_RISK,MEDIUM
22.37,8.19,32.11,52.43,1,55.8,HIGH_RISK,LOW
22.65,3.08,21.24,66.52,0,29.81,LOW_RISK,HIGH
3.63,6.36,33.56,62.14,0,15.91,LOW_RISK,HIGH
21.31,17.26,27.15,71.23,1,57.83,HIGH_RISK,LOW
9.2,10.18,40.6,71.97,0,35.13,MEDIUM_RISK,MEDIUM
55.96,10.7,29.85,61.77,0,49.52,MEDIUM_RISK,MEDIUM
18.07,4.58,26.34,85.53,0,33.04,LOW_RISK,HIGH
28.63,2.91,25.35,75.04,0,26.48,LOW_RISK,HIGH
20.47,6.55,32.39,37.26,0,20.49,LOW_RISK,HIGH
39.18,7.5,19.28,40.87,0,29.67,LOW_RISK,HIGH
35.71,8.69,17.62,75.71,0,59.62,HIGH_RISK,LOW
15.63,6.46,16.59,66.24,0,27.05,LOW_RISK,HIGH
63.52,4.29,29.7,92.68,1,64.73,HIGH_RISK,LOW
29.28,2.91,32.66,59.79,0,19.59,LOW_RISK,HIGH
16.1,12.38,33.61,88.56,0,35.16,MEDIUM_RISK,MEDIUM
16.86,4.52,28.29,69.82,0,24.69,LOW_RISK,HIGH
33.43,4.93,33.08,87.51,0,42.83,MEDIUM_RISK,MEDIUM
54.09,2.0,26.68,27.68,1,55.74,HIGH_RISK,LOW
2.67,5.74,27.86,82.61,0,19.34,LOW_RISK,HIGH
6.43,6.42,19.1,20.0,0,11.68,LOW_RISK,HIGH
45.42,1.22,23.39,58.56,1,47.98,MEDIUM_RISK,MEDIUM
34.42,7.85,18.97,20.0,0,30.17,LOW_RISK,HIGH
12.47,6.52,28.76,74.65,0,17.89,LOW_RISK,HIGH
37.21,2.56,25.84,41.35,0,33.12,LOW_RISK,HIGH
19.79,4.34,27.97,99.81,0,34.65,LOW_RISK,HIGH
20.94,6.82,29.71,60.84,0,22.63,LOW_RISK,HIGH
10.86,15.13,17.37,77.49,0,35.41,MEDIUM_RISK,MEDIUM
35.53,3.45,23.17,68.38,0,34.46,LOW_RISK,HIGH
30.54,7.6,35.33,71.36,0,43.26,MEDIUM_RISK,MEDIUM
15.6,22.32,25.24,65.81,0,43.06,MEDIUM_RISK,MEDIUM
79.47,8.42,30.31,45.54,0,61.78,HIGH_RISK,LOW
13.01,18.7,32.68,95.75,0,44.01,MEDIUM_RISK,MEDIUM
3.39,11.3,17.17,88.06,1,51.72,MEDIUM_RISK,MEDIUM
49.44,3.7,30.03,44.44,0,32.57,LOW_RISK,HIGH
17.8,3.34,16.88,100.0,0,30.01,LOW_RISK,HIGH
17.39,5.22,26.96,55.86,0,26.35,LOW_RISK,HIGH
6.57,26.66,29.04,66.01,0,33.81,LOW_RISK,HIGH
29.78,4.94,36.9,67.11,0,18.33,LOW_RISK,HIGH
7.65,6.04,17.14,100.0,1,41.23,MEDIUM_RISK,MEDIUM
17.84,6.01,27.34,50.79,0,19.94,LOW_RISK,HIGH
19.69,6.58,29.93,100.0,1,43.87,MEDIUM_RISK,MEDIUM
41.51,4.28,28.56,77.55,0,42.61,MEDIUM_RISK,MEDIUM
33.02,3.66,25.8,70.84,0,41.33,MEDIUM_RISK,MEDIUM
29.35,1.05,20.8,79.31,0,16.17,LOW_RISK,HIGH
19.65,6.73,29.63,76.52,0,26.74,LOW_RISK,HIGH
7.78,7.04,29.04,47.08,0,16.3,LOW_RISK,HIGH
19.33,4.85,25.69,53.64,0,29.05,LOW_RISK,HIGH
16.06,16.64,28.85,84.71,1,58.55,HIGH_RISK,LOW
26.27,21.79,28.3,66.27,1,51.52,MEDIUM_RISK,MEDIUM
13.66,8.2,22.91,45.48,0,28.53,LOW_RISK,HIGH
25.02,11.73,18.12,48.54,0,28.83,LOW_RISK,HIGH
5.3,13.61,18.14,46.29,0,17.38,LOW_RISK,HIGH
64.46,2.76,24.43,80.58,0,54.48,MEDIUM_RISK,MEDIUM
37.83,13.22,6.73,80.22,0,45.22,MEDIUM_RISK,MEDIUM
27.94,1.59,35.89,60.72,0,10.77,LOW_RISK,HIGH
11.13,11.49,21.43,75.58,0,30.7,LOW_RISK,HIGH
12.53,15.18,28.77,100.0,1,56.21,HIGH_RISK,LOW
20.54,13.79,29.17,77.58,0,37.66,MEDIUM_RISK,MEDIUM
32.43,14.79,22.49,100.0,0,59.99,HIGH_RISK,LOW
19.44,9.23,45.0,60.59,0,29.43,LOW_RISK,HIGH
20.25,2.09,31.74,50.34,0,19.95,LOW_RISK,HIGH
50.81,4.61,36.11,100.0,1,68.1,HIGH_RISK,LOW
9.37,14.98,13.74,54.03,0,28.55,LOW_RISK,HIGH
43.58,7.46,34.47,24.58,1,55.21,HIGH_RISK,LOW
37.29,10.09,32.11,65.55,0,47.14,MEDIUM_RISK,MEDIUM
32.24,8.08,24.17,88.12,0,53.93,MEDIUM_RISK,MEDIUM
36.73,0.62,12.41,44.39,0,30.52,LOW_RISK,HIGH
26.37,6.29,20.49,72.2,0,28.09,LOW_RISK,HIGH
27.09,7.41,24.26,66.5,0,24.71,LOW_RISK,HIGH
59.01,11.09,25.56,70.03,0,51.82,MEDIUM_RISK,MEDIUM
10.6,6.42,42.98,77.03,0,21.65,LOW_RISK,HIGH
36.24,0.32,14.84,64.48,0,34.1,LOW_RISK,HIGH
47.07,6.37,22.7,100.0,0,56.97,HIGH_RISK,LOW
10.28,2.13,23.07,64.39,0,8.42,LOW_RISK,HIGH
36.24,2.11,20.8,80.67,0,42.77,MEDIUM_RISK,MEDIUM
45.06,4.74,37.44,57.37,1,58.02,HIGH_RISK,LOW
39.88,4.52,25.69,49.55,0,36.12,MEDIUM_RISK,MEDIUM
8.21,2.74,31.84,48.61,0,13.35,LOW_RISK,HIGH
29.12,1.96,28.07,56.99,0,19.54,LOW_RISK,HIGH
49.26,2.15,25.88,69.94,0,42.34,MEDIUM_RISK,MEDIUM
23.07,23.64,35.92,43.84,0,37.45,MEDIUM_RISK,MEDIUM
61.8,4.59,20.01,81.27,1,69.46,HIGH_RISK,LOW
16.48,10.4,41.85,40.83,0,30.79,LOW_RISK,HIGH
46.69,4.3,38.8,31.53,0,41.65,MEDIUM_RISK,MEDIUM
39.99,8.52,35.77,80.72,0,54.73,MEDIUM_RISK,MEDIUM
6.0,2.26,25.22,40.81,0,12.96,LOW_RISK,HIGH
12.52,10.64,36.09,60.28,0,19.14,LOW_RISK,HIGH
12.36,0.77,19.35,57.98,0,10.0,LOW_RISK,HIGH
33.3,8.78,21.42,68.26,0,44.23,MEDIUM_RISK,MEDIUM
59.36,5.69,30.75,91.19,1,66.59,HIGH_RISK,LOW
33.82,1.3,37.25,27.47,0,29.42,LOW_RISK,HIGH
23.32,5.79,27.2,100.0,0,29.16,LOW_RISK,HIGH
11.93,7.43,33.06,37.3,0,16.07,LOW_RISK,HIGH
11.52,4.77,16.9,79.74,0,25.87,LOW_RISK,HIGH
34.34,1.28,26.45,28.95,0,30.71,LOW_RISK,HIGH
40.69,4.12,40.07,100.0,0,49.72,MEDIUM_RISK,MEDIUM
32.76,4.5,26.95,76.08,0,35.76,MEDIUM_RISK,MEDIUM
9.2,6.33,19.79,52.57,0,22.77,LOW_RISK,HIGH
29.21,9.28,31.31,63.42,0,24.3,LOW_RISK,HIGH
27.62,12.27,30.7,49.52,0,26.07,LOW_RISK,HIGH
15.12,4.01,36.28,63.07,0,23.8,LOW_RISK,HIGH
32.81,19.58,15.69,74.66,0,59.03,HIGH_RISK,LOW
21.95,1.37,33.09,26.27,0,15.33,LOW_RISK,HIGH
22.11,4.16,26.66,100.0,0,27.04,LOW_RISK,HIGH
20.3,12.14,37.12,66.11,0,33.83,LOW_RISK,HIGH
12.49,3.48,41.11,76.01,0,20.9,LOW_RISK,HIGH
32.49,7.85,16.88,52.9,0,35.64,MEDIUM_RISK,MEDIUM
18.05,1.18,11.16,50.86,0,17.6,LOW_RISK,HIGH
10.93,1.87,29.2,100.0,0,9.75,LOW_RISK,HIGH
13.13,6.78,32.44,42.73,0,14.3,LOW_RISK,HIGH
13.84,17.57,32.53,78.63,0,36.72,MEDIUM_RISK,MEDIUM
12.72,2.61,42.22,74.46,0,25.92,LOW_RISK,HIGH
80.0,10.42,33.64,100.0,1,83.24,HIGH_RISK,LOW
29.46,12.36,21.26,47.99,0,32.11,LOW_RISK,HIGH
30.14,2.32,29.13,20.95,0,33.06,LOW_RISK,HIGH
13.3,4.66,39.82,70.7,0,22.68,LOW_RISK,HIGH
31.26,7.64,16.36,66.41,0,32.92,LOW_RISK,HIGH
30.2,15.15,29.18,56.96,1,63.73,HIGH_RISK,LOW
22.73,7.55,12.89,37.19,0,15.89,LOW_RISK,HIGH
21.6,6.78,40.28,52.61,0,24.18,LOW_RISK,HIGH
15.68,16.27,38.45,61.03,1,55.61,HIGH_RISK,LOW
6.07,5.08,39.93,73.59,0,23.9,LOW_RISK,HIGH
8.19,11.69,26.49,58.72,0,25.44,LOW_RISK,HIGH
25.17,21.01,23.55,81.24,0,44.77,MEDIUM_RISK,MEDIUM
36.81,6.93,24.76,87.19,0,51.54,MEDIUM_RISK,MEDIUM
12.4,3.69,17.67,56.09,0,13.9,LOW_RISK,HIGH
66.72,11.72,23.39,49.92,1,69.03,HIGH_RISK,LOW
11.85,3.12,29.88,88.04,0,26.62,LOW_RISK,HIGH
26.77,5.64,28.1,60.17,1,34.34,LOW_RISK,HIGH
9.58,5.28,30.0,59.28,0,9.71,LOW_RISK,HIGH
44.35,6.18,42.74,85.95,1,67.94,HIGH_RISK,LOW
10.68,13.51,16.26,89.44,0,40.02,MEDIUM_RISK,MEDIUM
48.83,3.19,41.63,61.66,1,55.94,HIGH_RISK,LOW
30.84,2.3,33.46,76.92,0,41.96,MEDIUM_RISK,MEDIUM
4.33,8.59,25.39,56.2,0,31.0,LOW_RISK,HIGH
40.7,6.64,41.28,78.41,1,63.97,HIGH_RISK,LOW
7.37,6.73,32.09,75.11,0,19.75,LOW_RISK,HIGH
23.44,3.45,36.23,81.49,0,32.33,LOW_RISK,HIGH
56.18,4.42,31.51,68.33,0,41.48,MEDIUM_RISK,MEDIUM
14.9,14.63,20.49,37.35,0,21.39,LOW_RISK,HIGH
7.46,7.7,33.07,41.34,0,11.87,LOW_RISK,HIGH
31.31,7.1,20.03,67.2,0,36.96,MEDIUM_RISK,MEDIUM
11.3,2.68,29.99,98.69,1,39.14,MEDIUM_RISK,MEDIUM
20.31,2.29,26.87,58.11,0,25.83,LOW_RISK,HIGH
47.36,8.5,19.43,66.64,0,49.52,MEDIUM_RISK,MEDIUM
30.5,3.05,18.06,76.67,0,37.61,MEDIUM_RISK,MEDIUM
48.92,2.55,20.15,88.54,0,53.99,MEDIUM_RISK,MEDIUM
11.1,8.3,18.59,84.38,1,51.18,MEDIUM_RISK,MEDIUM
14.12,4.67,45.0,84.47,0,15.99,LOW_RISK,HIGH
12.91,9.47,20.04,78.52,1,49.3,MEDIUM_RISK,MEDIUM
15.9,9.29,22.25,71.4,0,39.56,MEDIUM_RISK,MEDIUM
26.32,3.65,29.72,40.66,1,33.94,LOW_RISK,HIGH
8.3,6.17,18.21,41.37,0,11.11,LOW_RISK,HIGH
20.76,5.12,16.45,51.48,0,25.96,LOW_RISK,HIGH
29.57,3.23,32.66,66.7,0,19.23,LOW_RISK,HIGH
17.81,7.22,40.33,74.87,0,32.48,LOW_RISK,HIGH
12.22,10.48,29.22,39.18,0,19.45,LOW_RISK,HIGH
30.97,17.36,25.96,39.84,0,50.17,MEDIUM_RISK,MEDIUM
17.26,6.49,26.15,54.01,0,29.97,LOW_RISK,HIGH
19.54,8.18,35.14,81.86,0,42.38,MEDIUM_RISK,MEDIUM
45.91,8.82,20.53,62.57,1,64.71,HIGH_RISK,LOW
17.52,5.16,35.29,76.18,0,29.8,LOW_RISK,HIGH
47.71,4.33,30.96,53.81,0,42.15,MEDIUM_RISK,MEDIUM
21.88,1.81,28.25,69.74,0,11.75,LOW_RISK,HIGH
80.0,0.53,27.44,77.34,1,58.3,HIGH_RISK,LOW
55.77,8.95,27.92,51.26,0,52.78,MEDIUM_RISK,MEDIUM
17.14,8.0,40.72,85.94,0,33.45,LOW_RISK,HIGH
24.91,3.13,32.4,67.32,0,22.97,LOW_RISK,HIGH
29.05,9.77,25.88,100.0,0,43.79,MEDIUM_RISK,MEDIUM
25.29,0.5,14.48,81.51,0,19.41,LOW_RISK,HIGH
32.32,6.13,27.13,50.53,0,32.66,LOW_RISK,HIGH
28.18,6.38,34.46,61.25,0,16.17,LOW_RISK,HIGH
44.46,6.22,28.7,95.21,0,46.76,MEDIUM_RISK,MEDIUM
27.92,15.97,26.11,54.88,1,59.97,HIGH_RISK,LOW
2.69,0.69,19.82,45.94,0,9.51,LOW_RISK,HIGH
11.27,4.14,29.1,42.0,0,14.63,LOW_RISK,HIGH
22.45,2.63,31.64,81.11,0,30.62,LOW_RISK,HIGH
27.05,4.79,27.67,90.21,0,30.51,LOW_RISK,HIGH
11.83,16.32,37.66,61.64,0,34.54,LOW_RISK,HIGH
14.24,10.84,30.81,57.91,0,25.57,LOW_RISK,HIGH
56.54,3.02,35.84,100.0,0,54.13,MEDIUM_RISK,MEDIUM
22.95,6.04,18.94,74.19,1,43.17,MEDIUM_RISK,MEDIUM
27.96,4.51,19.87,96.07,1,48.67,MEDIUM_RISK,MEDIUM
32.01,18.88,33.1,57.77,0,51.24,MEDIUM_RISK,MEDIUM
15.3,10.36,26.47,25.88,0,21.77,LOW_RISK,HIGH
20.92,0.83,21.29,78.7,0,23.79,LOW_RISK,HIGH
17.74,19.21,13.24,84.6,1,62.29,HIGH_RISK,LOW
25.36,4.76,31.83,20.05,0,19.05,LOW_RISK,HIGH
26.18,15.03,28.88,52.93,0,34.82,LOW_RISK,HIGH
31.94,19.68,33.5,85.4,0,58.47,HIGH_RISK,LOW
9.98,4.7,28.54,100.0,0,18.73,LOW_RISK,HIGH
23.52,11.39,24.47,60.47,1,47.24,MEDIUM_RISK,MEDIUM
17.93,9.91,23.37,64.79,0,30.35,LOW_RISK,HIGH
28.29,5.14,29.33,70.97,0,26.62,LOW_RISK,HIGH
21.47,15.71,22.04,87.28,0,53.78,MEDIUM_RISK,MEDIUM
16.18,11.55,20.5,55.56,0,25.31,LOW_RISK,HIGH
16.04,5.28,29.0,36.56,0,12.41,LOW_RISK,HIGH
53.23,6.92,15.76,85.97,0,51.46,MEDIUM_RISK,MEDIUM
14.24,2.62,25.6,67.54,0,14.04,LOW_RISK,HIGH
12.67,20.81,20.6,77.67,1,43.12,MEDIUM_RISK,MEDIUM
13.53,3.96,20.15,37.58,0,15.41,LOW_RISK,HIGH
45.61,2.88,29.16,55.92,0,41.91,MEDIUM_RISK,MEDIUM
14.39,0.79,28.48,27.27,0,1.53,LOW_RISK,HIGH
34.67,3.02,41.08,90.02,0,44.44,MEDIUM_RISK,MEDIUM
10.73,12.66,17.15,86.32,0,44.52,MEDIUM_RISK,MEDIUM
24.98,5.16,29.59,82.08,0,25.52,LOW_RISK,HIGH
10.67,1.36,23.72,65.4,0,0.0,LOW_RISK,HIGH
59.62,8.16,30.65,40.98,1,55.82,HIGH_RISK,LOW
24.43,7.15,27.84,79.18,0,24.29,LOW_RISK,HIGH
15.32,2.88,22.38,85.9,0,36.51,MEDIUM_RISK,MEDIUM
25.26,9.76,26.5,71.73,0,28.69,LOW_RISK,HIGH
25.88,12.61,23.39,81.14,0,39.82,MEDIUM_RISK,MEDIUM
22.46,1.58,22.43,79.01,0,18.8,LOW_RISK,HIGH
8.13,7.82,37.75,50.78,0,11.38,LOW_RISK,HIGH
23.73,5.42,20.89,84.76,0,27.33,LOW_RISK,HIGH
44.34,9.09,31.81,57.64,0,43.08,MEDIUM_RISK,MEDIUM
14.35,4.06,33.22,71.83,0,24.31,LOW_RISK,HIGH
11.94,3.08,22.15,76.58,1,30.1,LOW_RISK,HIGH
30.05,6.01,20.33,89.36,0,45.55,MEDIUM_RISK,MEDIUM
60.31,7.06,35.05,63.81,0,49.18,MEDIUM_RISK,MEDIUM
56.85,8.02,29.12,70.09,0,61.33,HIGH_RISK,LOW
29.15,2.74,31.9,37.67,0,24.44,LOW_RISK,HIGH
3.18,9.87,25.36,76.11,0,22.76,LOW_RISK,HIGH
22.17,6.01,38.88,55.6,0,22.17,LOW_RISK,HIGH
19.26,12.08,36.01,56.55,0,34.26,LOW_RISK,HIGH
18.38,3.23,25.55,46.41,0,16.89,LOW_RISK,HIGH
30.51,7.15,28.36,43.22,0,31.44,LOW_RISK,HIGH
7.74,2.37,35.28,51.63,0,21.52,LOW_RISK,HIGH
28.6,8.83,31.77,69.43,0,34.0,LOW_RISK,HIGH
54.9,8.11,22.27,94.62,1,77.28,HIGH_RISK,LOW
57.68,3.65,24.37,78.14,1,62.55,HIGH_RISK,LOW
35.32,2.48,20.08,58.3,0,32.66,LOW_RISK,HIGH
35.37,7.82,25.93,68.63,0,32.97,LOW_RISK,HIGH
30.63,13.04,32.52,64.08,0,41.5,MEDIUM_RISK,MEDIUM
39.44,6.91,14.74,86.29,0,45.0,MEDIUM_RISK,MEDIUM
22.97,5.69,32.01,59.56,0,29.89,LOW_RISK,HIGH
56.62,0.77,20.2,58.07,1,56.2,HIGH_RISK,LOW
80.0,7.7,23.9,33.35,0,48.3,MEDIUM_RISK,MEDIUM
14.73,5.12,29.63,72.77,0,17.36,LOW_RISK,HIGH
33.55,1.47,41.47,72.87,0,42.94,MEDIUM_RISK,MEDIUM
58.29,3.88,37.58,42.48,1,62.58,HIGH_RISK,LOW
34.2,9.25,26.56,69.23,0,41.58,MEDIUM_RISK,MEDIUM
31.78,1.01,30.01,83.81,0,24.81,LOW_RISK,HIGH
24.95,13.85,34.0,63.74,0,40.96,MEDIUM_RISK,MEDIUM
5.73,2.99,27.68,68.73,0,14.47,LOW_RISK,HIGH
18.95,3.37,40.3,39.85,0,23.06,LOW_RISK,HIGH
28.74,3.14,20.27,60.34,0,19.89,LOW_RISK,HIGH
13.47,3.51,32.88,47.96,0,16.02,LOW_RISK,HIGH
38.6,13.44,11.3,80.6,0,46.7,MEDIUM_RISK,MEDIUM
14.13,4.41,27.93,63.87,0,22.39,LOW_RISK,HIGH
10.39,8.95,22.42,71.39,0,23.01,LOW_RISK,HIGH
12.39,11.55,25.74,78.2,0,22.67,LOW_RISK,HIGH
5.48,15.43,31.41,71.44,0,36.43,MEDIUM_RISK,MEDIUM
35.68,5.95,33.31,39.84,0,39.02,MEDIUM_RISK,MEDIUM
21.07,3.23,19.98,61.8,0,25.56,LOW_RISK,HIGH
19.35,3.07,24.75,86.87,1,46.33,MEDIUM_RISK,MEDIUM
14.92,2.33,9.92,74.3,0,26.66,LOW_RISK,HIGH
12.39,1.73,29.87,100.0,0,17.29,LOW_RISK,HIGH
14.46,7.71,25.47,53.18,0,18.5,LOW_RISK,HIGH
32.6,4.72,28.26,45.47,0,32.17,LOW_RISK,HIGH
43.76,4.87,31.04,57.55,0,32.03,LOW_RISK,HIGH
31.39,11.26,30.49,44.87,0,38.49,MEDIUM_RISK,MEDIUM
40.31,4.01,32.96,81.98,0,38.35,MEDIUM_RISK,MEDIUM
3.19,12.51,18.12,82.63,0,25.09,LOW_RISK,HIGH
23.7,1.24,24.77,48.32,0,15.93,LOW_RISK,HIGH
23.85,4.49,27.97,89.54,1,48.15,MEDIUM_RISK,MEDIUM
19.88,11.58,35.74,71.82,0,40.72,MEDIUM_RISK,MEDIUM
25.58,3.7,19.57,60.64,0,22.86,LOW_RISK,HIGH
41.43,12.39,14.1,32.48,1,61.56,HIGH_RISK,LOW
28.55,2.18,28.66,51.35,0,13.99,LOW_RISK,HIGH
22.22,6.18,31.03,49.57,0,25.72,LOW_RISK,HIGH
42.87,2.02,21.8,65.05,0,38.15,MEDIUM_RISK,MEDIUM
28.25,10.79,27.27,50.95,0,33.44,LOW_RISK,HIGH
56.14,2.47,22.02,52.03,1,58.39,HIGH_RISK,LOW
44.78,6.15,38.77,81.65,1,56.37,HIGH_RISK,LOW
15.62,3.71,22.6,89.25,0,28.04,LOW_RISK,HIGH
14.3,5.53,17.78,50.3,0,24.97,LOW_RISK,HIGH
32.1,9.87,32.06,73.39,0,57.41,HIGH_RISK,LOW
6.51,8.7,30.68,54.26,0,21.27,LOW_RISK,HIGH
4.87,7.32,22.83,44.1,0,11.97,LOW_RISK,HIGH
30.68,3.4,21.39,42.85,0,35.11,MEDIUM_RISK,MEDIUM
80.0,8.34,40.11,76.12,1,79.0,HIGH_RISK,LOW
24.29,1.43,27.41,80.78,0,27.16,LOW_RISK,HIGH
34.77,5.56,25.84,77.69,0,40.36,MEDIUM_RISK,MEDIUM
29.4,7.66,20.19,53.11,0,16.79,LOW_RISK,HIGH
9.66,10.81,29.31,84.0,0,28.19,LOW_RISK,HIGH
40.71,3.13,45.0,80.33,0,41.1,MEDIUM_RISK,MEDIUM
8.71,1.39,27.2,72.08,0,12.51,LOW_RISK,HIGH
29.77,0.91,27.76,30.16,0,10.81,LOW_RISK,HIGH
7.89,5.22,23.84,51.65,0,14.81,LOW_RISK,HIGH
42.61,5.73,33.05,50.85,0,32.27,LOW_RISK,HIGH
14.15,3.25,45.0,54.89,0,12.15,LOW_RISK,HIGH
9.56,1.43,27.48,87.06,0,16.87,LOW_RISK,HIGH
63.4,1.45,24.24,75.98,0,43.17,MEDIUM_RISK,MEDIUM
65.33,6.42,22.0,100.0,0,62.54,HIGH_RISK,LOW
24.47,14.83,22.21,53.04,0,29.69,LOW_RISK,HIGH
15.03,6.66,24.05,21.15,0,24.97,LOW_RISK,HIGH
7.86,2.13,20.86,69.33,0,11.97,LOW_RISK,HIGH
21.39,6.73,22.55,82.08,0,26.69,LOW_RISK,HIGH
42.34,1.52,25.98,55.32,1,45.77,MEDIUM_RISK,MEDIUM
20.04,0.65,16.78,80.99,0,26.38,LOW_RISK,HIGH
16.25,2.51,35.28,37.38,0,24.06,LOW_RISK,HIGH
10.96,6.79,29.36,39.23,0,12.53,LOW_RISK,HIGH
20.98,8.34,26.47,78.31,0,30.84,LOW_RISK,HIGH
42.35,12.31,29.15,66.73,1,62.39,HIGH_RISK,LOW
11.94,3.87,16.64,65.84,0,7.56,LOW_RISK,HIGH
48.11,6.26,29.45,78.67,0,54.84,MEDIUM_RISK,MEDIUM
16.44,19.34,10.9,42.75,0,38.43,MEDIUM_RISK,MEDIUM
9.96,6.4,23.41,83.35,0,27.25,LOW_RISK,HIGH
22.49,5.04,45.0,76.51,0,28.23,LOW_RISK,HIGH
80.0,8.47,13.39,91.49,0,66.73,HIGH_RISK,LOW
16.56,7.83,38.64,55.96,0,29.28,LOW_RISK,HIGH
31.66,12.65,25.93,61.8,0,43.75,MEDIUM_RISK,MEDIUM
24.21,5.53,29.52,61.36,0,23.18,LOW_RISK,HIGH
5.7,2.03,35.56,100.0,0,21.82,LOW_RISK,HIGH
11.45,5.27,12.53,66.58,0,11.5,LOW_RISK,HIGH
80.0,9.42,42.28,76.03,0,66.74,HIGH_RISK,LOW
20.57,4.75,10.53,87.12,0,27.56,LOW_RISK,HIGH
13.15,7.15,26.73,54.91,0,14.35,LOW_RISK,HIGH
17.23,10.59,10.82,40.83,0,35.07,MEDIUM_RISK,MEDIUM
18.69,4.84,42.12,81.63,0,30.06,LOW_RISK,HIGH
8.94,11.2,31.15,71.79,0,29.86,LOW_RISK,HIGH
21.04,14.49,30.83,100.0,0,39.99,MEDIUM_RISK,MEDIUM
29.4,8.08,18.41,88.27,0,44.6,MEDIUM_RISK,MEDIUM
9.52,4.11,15.0,73.27,0,21.9,LOW_RISK,HIGH
24.47,5.02,23.09,72.14,0,27.64,LOW_RISK,HIGH
25.15,4.9,18.24,65.65,1,32.88,LOW_RISK,HIGH
16.53,11.42,32.29,45.44,0,30.87,LOW_RISK,HIGH
29.05,24.55,21.59,88.22,1,61.36,HIGH_RISK,LOW
22.61,9.54,22.48,81.47,0,40.71,MEDIUM_RISK,MEDIUM
43.29,0.46,12.93,64.54,1,42.92,MEDIUM_RISK,MEDIUM
19.87,4.01,22.2,100.0,0,32.32,LOW_RISK,HIGH
28.7,5.07,21.65,61.65,0,18.92,LOW_RISK,HIGH
31.53,10.84,32.01,71.75,0,56.51,HIGH_RISK,LOW
37.21,18.3,18.94,66.36,0,53.74,MEDIUM_RISK,MEDIUM
38.54,10.45,22.44,100.0,1,69.15,HIGH_RISK,LOW
43.23,1.91,28.38,100.0,1,49.69,MEDIUM_RISK,MEDIUM
3.83,1.92,26.62,63.39,0,9.1,LOW_RISK,HIGH
39.26,3.04,29.35,52.27,0,31.75,LOW_RISK,HIGH
9.14,8.41,15.93,34.92,0,19.78,LOW_RISK,HIGH
28.41,19.84,25.71,75.36,0,44.73,MEDIUM_RISK,MEDIUM
7.72,1.5,18.25,48.75,0,0.82,LOW_RISK,HIGH
37.4,15.36,31.6,82.39,0,53.18,MEDIUM_RISK,MEDIUM
18.14,21.0,27.78,61.76,0,40.52,MEDIUM_RISK,MEDIUM
29.25,8.91,28.43,57.28,0,42.85,MEDIUM_RISK,MEDIUM
27.53,4.17,24.99,52.38,0,20.62,LOW_RISK,HIGH
11.03,4.73,31.06,94.85,0,28.98,LOW_RISK,HIGH
14.53,14.32,21.81,65.85,0,14.56,LOW_RISK,HIGH
49.86,1.85,19.56,35.77,1,44.58,MEDIUM_RISK,MEDIUM
8.24,10.4,31.51,71.89,0,27.02,LOW_RISK,HIGH
18.3,9.47,37.69,70.07,0,36.54,MEDIUM_RISK,MEDIUM
41.05,2.1,34.84,88.01,0,45.12,MEDIUM_RISK,MEDIUM
43.2,11.1,39.27,78.61,1,70.89,HIGH_RISK,LOW
23.32,7.65,31.71,35.26,0,20.06,LOW_RISK,HIGH
27.83,3.27,28.61,69.7,0,21.84,LOW_RISK,HIGH
31.94,3.07,21.33,43.83,0,32.36,LOW_RISK,HIGH
31.82,0.68,19.9,48.6,0,27.12,LOW_RISK,HIGH
6.72,6.03,27.92,80.64,0,19.52,LOW_RISK,HIGH
24.21,9.91,35.91,52.05,0,29.76,LOW_RISK,HIGH
35.29,18.38,27.74,57.54,0,40.89,MEDIUM_RISK,MEDIUM
15.16,19.41,36.35,45.31,0,33.43,LOW_RISK,HIGH
20.54,14.19,23.36,64.16,0,33.55,LOW_RISK,HIGH
10.6,2.28,17.54,49.01,0,15.27,LOW_RISK,HIGH
8.08,1.62,21.08,93.19,1,30.75,LOW_RISK,HIGH
46.2,9.58,44.41,51.85,0,49.85,MEDIUM_RISK,MEDIUM
13.79,4.71,27.79,20.0,0,0.0,LOW_RISK,HIGH
11.62,8.83,36.37,52.6,0,25.55,LOW_RISK,HIGH
42.36,15.48,41.57,73.71,0,58.57,HIGH_RISK,LOW
18.38,1.44,31.01,84.33,0,25.16,LOW_RISK,HIGH
23.35,3.73,31.12,81.03,0,26.43,LOW_RISK,HIGH
34.97,5.54,28.09,63.2,0,34.01,LOW_RISK,HIGH
31.7,14.09,20.77,100.0,0,59.22,HIGH_RISK,LOW
17.21,15.82,10.85,37.88,0,37.56,MEDIUM_RISK,MEDIUM
26.88,3.49,7.42,51.25,0,26.6,LOW_RISK,HIGH
26.24,7.83,22.0,46.91,0,21.48,LOW_RISK,HIGH
38.6,7.87,36.52,69.27,0,37.31,MEDIUM_RISK,MEDIUM
12.56,9.16,32.43,68.35,0,22.84,LOW_RISK,HIGH
15.13,3.81,27.1,81.28,0,26.39,LOW_RISK,HIGH
16.74,18.09,35.88,93.83,1,61.22,HIGH_RISK,LOW
18.09,3.18,20.79,60.98,0,24.68,LOW_RISK,HIGH
34.63,2.55,24.12,77.88,1,60.08,HIGH_RISK,LOW
16.94,5.2,14.88,54.1,0,18.04,LOW_RISK,HIGH
21.49,5.8,39.02,77.18,0,32.68,LOW_RISK,HIGH
19.15,1.98,29.34,100.0,1,38.64,MEDIUM_RISK,MEDIUM
28.96,8.6,29.27,71.81,0,38.75,MEDIUM_RISK,MEDIUM
14.06,6.72,10.99,56.03,0,5.78,LOW_RISK,HIGH
12.47,16.02,26.24,55.77,1,39.08,MEDIUM_RISK,MEDIUM
78.41,13.59,21.01,48.69,0,59.23,HIGH_RISK,LOW
26.62,13.49,30.0,62.0,0,35.25,MEDIUM_RISK,MEDIUM
12.71,25.22,25.2,40.26,0,37.65,MEDIUM_RISK,MEDIUM
15.74,1.96,36.73,69.27,0,18.52,LOW_RISK,HIGH
10.14,9.6,31.26,51.17,0,24.44,LOW_RISK,HIGH
23.21,2.06,36.46,41.8,0,25.19,LOW_RISK,HIGH
20.54,4.43,25.48,61.31,0,28.96,LOW_RISK,HIGH
16.07,7.18,38.57,79.99,0,35.82,MEDIUM_RISK,MEDIUM
47.63,7.72,28.35,50.9,0,41.99,MEDIUM_RISK,MEDIUM
12.78,3.55,20.17,55.82,0,16.16,LOW_RISK,HIGH
27.68,6.05,20.04,66.32,0,27.76,LOW_RISK,HIGH
47.44,23.66,25.2,42.18,1,67.76,HIGH_RISK,LOW
11.04,6.1,45.0,59.84,0,19.63,LOW_RISK,HIGH
15.18,15.48,40.57,73.96,0,45.19,MEDIUM_RISK,MEDIUM
6.86,6.37,10.98,90.44,0,30.59,LOW_RISK,HIGH
12.78,2.45,30.13,54.87,0,11.15,LOW_RISK,HIGH
6.24,5.34,19.25,89.32,0,30.42,LOW_RISK,HIGH
22.33,8.52,24.9,58.93,0,39.33,MEDIUM_RISK,MEDIUM
21.42,15.07,18.63,100.0,1,55.42,HIGH_RISK,LOW
16.26,7.3,16.7,67.0,0,28.81,LOW_RISK,HIGH
3.54,17.49,36.25,78.79,1,55.37,HIGH_RISK,LOW
10.16,6.36,32.81,50.88,0,11.26,LOW_RISK,HIGH
24.26,10.79,32.57,53.53,0,31.78,LOW_RISK,HIGH
9.38,2.88,18.9,76.96,0,20.63,LOW_RISK,HIGH
6.09,2.44,32.97,53.79,0,8.42,LOW_RISK,HIGH
50.37,8.96,26.13,70.34,0,55.44,HIGH_RISK,LOW
19.03,3.62,20.99,93.44,0,32.1,LOW_RISK,HIGH
20.68,14.21,11.4,54.67,0,37.18,MEDIUM_RISK,MEDIUM
6.37,1.17,40.2,100.0,1,31.31,LOW_RISK,HIGH
22.16,9.67,19.94,42.1,0,23.61,LOW_RISK,HIGH
20.52,7.51,11.55,87.94,0,28.25,LOW_RISK,HIGH
13.69,4.02,22.69,75.63,0,20.78,LOW_RISK,HIGH
25.03,6.35,33.22,35.15,0,19.71,LOW_RISK,HIGH
7.63,4.97,20.61,79.66,0,15.29,LOW_RISK,HIGH
12.3,4.46,32.72,66.08,0,14.52,LOW_RISK,HIGH
9.92,4.09,19.78,46.72,0,9.53,LOW_RISK,HIGH
58.55,3.23,40.61,60.31,0,54.45,MEDIUM_RISK,MEDIUM
23.74,4.75,24.19,50.85,0,27.33,LOW_RISK,HIGH
41.97,12.65,19.48,48.82,1,55.78,HIGH_RISK,LOW
18.16,1.8,21.87,38.98,0,10.28,LOW_RISK,HIGH
7.35,3.15,30.67,60.43,0,11.54,LOW_RISK,HIGH
14.99,17.05,14.38,91.47,0,40.8,MEDIUM_RISK,MEDIUM
10.08,9.97,25.13,100.0,0,29.08,LOW_RISK,HIGH
17.56,18.31,8.86,81.87,1,56.16,HIGH_RISK,LOW
35.59,5.02,11.89,97.04,0,38.21,MEDIUM_RISK,MEDIUM
25.79,8.71,25.55,94.33,0,41.38,MEDIUM_RISK,MEDIUM
41.99,0.74,21.24,78.04,1,46.77,MEDIUM_RISK,MEDIUM
15.03,3.74,12.19,35.81,0,28.38,LOW_RISK,HIGH
24.44,7.41,37.59,80.51,0,37.63,MEDIUM_RISK,MEDIUM
30.19,16.35,22.17,87.07,0,59.49,HIGH_RISK,LOW
19.42,5.73,28.22,39.01,0,15.19,LOW_RISK,HIGH
4.48,0.65,34.77,89.38,1,32.14,LOW_RISK,HIGH
39.86,2.82,36.6,61.0,0,36.97,MEDIUM_RISK,MEDIUM
2.67,5.48,31.62,81.65,0,11.93,LOW_RISK,HIGH
9.42,10.56,33.08,63.08,0,27.28,LOW_RISK,HIGH
30.1,7.77,21.03,94.53,0,44.38,MEDIUM_RISK,MEDIUM
9.15,3.0,23.32,47.4,0,20.33,LOW_RISK,HIGH
22.28,2.95,14.06,83.33,0,32.61,LOW_RISK,HIGH
30.15,4.47,23.43,41.61,0,24.81,LOW_RISK,HIGH
26.05,14.83,24.15,84.96,0,35.28,MEDIUM_RISK,MEDIUM
15.49,10.65,34.64,70.26,0,34.37,LOW_RISK,HIGH
33.3,9.74,22.24,71.15,0,54.17,MEDIUM_RISK,MEDIUM
16.6,10.35,34.33,53.28,0,30.98,LOW_RISK,HIGH
3.72,9.95,33.31,66.54,0,27.81,LOW_RISK,HIGH
23.76,5.8,33.9,94.47,0,33.36,LOW_RISK,HIGH
60.56,5.75,35.19,72.89,1,71.34,HIGH_RISK,LOW
19.4,3.57,16.24,64.35,0,27.14,LOW_RISK,HIGH
14.4,3.39,17.65,100.0,0,29.04,LOW_RISK,HIGH
10.23,3.56,23.96,41.77,0,7.49,LOW_RISK,HIGH
38.13,7.89,19.46,33.21,0,36.78,MEDIUM_RISK,MEDIUM
20.26,1.36,29.35,73.75,0,20.68,LOW_RISK,HIGH
22.01,13.87,42.62,32.26,0,32.79,LOW_RISK,HIGH
30.24,5.18,18.84,67.12,0,38.11,MEDIUM_RISK,MEDIUM
23.23,12.19,21.87,54.33,0,35.21,MEDIUM_RISK,MEDIUM
18.45,2.95,22.76,42.01,0,17.94,LOW_RISK,HIGH
36.84,2.44,16.03,30.35,0,28.4,LOW_RISK,HIGH
41.58,2.61,34.26,54.85,0,41.16,MEDIUM_RISK,MEDIUM
54.74,13.97,24.24,49.14,0,45.8,MEDIUM_RISK,MEDIUM
33.55,4.2,23.87,58.65,0,29.72,LOW_RISK,HIGH
14.14,2.86,22.48,66.93,0,8.45,LOW_RISK,HIGH
30.27,5.02,41.03,100.0,0,53.36,MEDIUM_RISK,MEDIUM
18.25,5.98,33.34,71.71,0,28.91,LOW_RISK,HIGH
41.86,3.7,20.58,57.98,0,36.18,MEDIUM_RISK,MEDIUM
23.51,5.95,15.04,23.21,0,29.35,LOW_RISK,HIGH
23.94,18.44,35.88,54.48,0,39.11,MEDIUM_RISK,MEDIUM
48.32,4.02,42.02,91.38,1,65.33,HIGH_RISK,LOW
12.72,25.65,32.85,42.04,1,53.22,MEDIUM_RISK,MEDIUM
31.39,5.77,27.51,59.43,0,33.87,LOW_RISK,HIGH
14.75,3.13,20.18,100.0,0,31.51,LOW_RISK,HIGH
45.24,3.94,30.42,100.0,0,52.48,MEDIUM_RISK,MEDIUM
61.55,13.79,42.38,50.38,1,78.42,HIGH_RISK,LOW
69.6,3.48,26.69,48.06,0,44.07,MEDIUM_RISK,MEDIUM
21.58,1.91,18.94,90.25,0,21.0,LOW_RISK,HIGH
28.41,5.83,31.98,74.88,0,31.38,LOW_RISK,HIGH
17.36,3.81,36.73,65.59,0,26.37,LOW_RISK,HIGH
60.06,13.61,37.53,79.04,1,79.18,HIGH_RISK,LOW
18.06,4.45,31.08,25.13,0,13.19,LOW_RISK,HIGH
14.01,2.06,22.99,37.44,0,13.96,LOW_RISK,HIGH
31.99,15.96,15.93,38.14,0,50.29,MEDIUM_RISK,MEDIUM
36.41,0.94,25.65,70.28,0,34.85,LOW_RISK,HIGH
20.68,6.96,39.83,68.44,0,20.79,LOW_RISK,HIGH
9.54,3.77,30.54,67.69,0,5.59,LOW_RISK,HIGH
67.77,3.99,22.2,81.5,1,74.26,HIGH_RISK,LOW
41.01,7.41,37.97,73.37,1,55.67,HIGH_RISK,LOW
17.83,10.62,29.16,50.07,0,31.43,LOW_RISK,HIGH
8.34,11.75,23.87,36.27,0,24.65,LOW_RISK,HIGH
37.62,16.9,5.0,85.07,1,79.63,HIGH_RISK,LOW
11.25,7.06,31.6,57.4,0,20.59,LOW_RISK,HIGH
16.38,8.77,17.15,65.32,0,35.95,MEDIUM_RISK,MEDIUM
12.07,0.75,21.42,84.15,0,4.75,LOW_RISK,HIGH
41.31,3.21,27.56,78.56,0,39.85,MEDIUM_RISK,MEDIUM
13.62,4.86,30.43,97.88,0,24.88,LOW_RISK,HIGH
17.29,4.72,8.01,43.67,0,25.5,LOW_RISK,HIGH
14.54,16.4,29.5,88.12,0,40.13,MEDIUM_RISK,MEDIUM
32.61,5.92,15.84,94.77,0,49.72,MEDIUM_RISK,MEDIUM
7.33,5.62,6.29,59.16,0,24.29,LOW_RISK,HIGH
14.9,13.89,33.52,98.86,0,28.56,LOW_RISK,HIGH
26.52,11.99,22.53,52.62,0,35.38,MEDIUM_RISK,MEDIUM
30.75,15.66,42.79,58.84,0,52.9,MEDIUM_RISK,MEDIUM
13.51,3.0,25.33,93.6,0,24.74,LOW_RISK,HIGH
8.98,2.67,25.16,32.78,0,6.4,LOW_RISK,HIGH
32.85,8.01,24.54,100.0,0,49.81,MEDIUM_RISK,MEDIUM
5.02,2.3,40.06,66.86,0,19.79,LOW_RISK,HIGH
21.55,4.43,34.7,78.8,0,24.84,LOW_RISK,HIGH
0.99,12.46,27.29,54.81,0,22.2,LOW_RISK,HIGH
20.74,17.48,23.33,86.37,0,47.83,MEDIUM_RISK,MEDIUM
8.39,8.91,20.88,54.8,0,20.26,LOW_RISK,HIGH
18.22,1.54,38.37,62.3,0,14.91,LOW_RISK,HIGH
23.21,1.36,33.31,58.08,0,18.77,LOW_RISK,HIGH
7.53,4.75,19.12,50.7,0,13.17,LOW_RISK,HIGH
32.23,6.55,28.77,80.51,0,39.49,MEDIUM_RISK,MEDIUM
34.46,17.79,27.35,95.13,1,78.11,HIGH_RISK,LOW
16.67,1.36,15.86,48.52,0,18.77,LOW_RISK,HIGH
56.92,6.1,36.79,60.53,1,55.86,HIGH_RISK,LOW
14.78,2.95,27.65,52.2,0,8.42,LOW_RISK,HIGH
18.54,6.86,32.2,59.87,0,27.08,LOW_RISK,HIGH
26.51,3.32,27.68,98.36,0,30.28,LOW_RISK,HIGH
25.74,11.79,32.96,45.6,0,34.77,LOW_RISK,HIGH
12.89,10.32,27.72,93.72,0,34.67,LOW_RISK,HIGH
2.91,4.02,27.93,44.89,0,12.31,LOW_RISK,HIGH
28.35,9.96,27.28,84.41,0,40.91,MEDIUM_RISK,MEDIUM
17.82,4.79,24.45,58.97,0,24.69,LOW_RISK,HIGH
21.95,3.78,18.52,20.0,0,14.54,LOW_RISK,HIGH
18.49,15.24,37.69,51.31,1,58.32,HIGH_RISK,LOW
6.14,1.57,39.92,65.73,0,13.67,LOW_RISK,HIGH
21.13,10.81,27.76,46.49,0,25.85,LOW_RISK,HIGH
12.81,16.73,26.99,70.1,1,50.02,MEDIUM_RISK,MEDIUM
10.59,12.12,25.38,76.51,0,30.11,LOW_RISK,HIGH
25.13,11.74,28.61,84.21,0,40.21,MEDIUM_RISK,MEDIUM
42.88,7.31,24.09,55.69,0,36.28,MEDIUM_RISK,MEDIUM
17.21,7.27,16.9,48.42,1,39.63,MEDIUM_RISK,MEDIUM
27.97,12.38,10.92,59.2,0,29.73,LOW_RISK,HIGH
24.08,11.68,25.11,33.8,0,30.45,LOW_RISK,HIGH
6.36,5.91,23.03,54.15,0,16.82,LOW_RISK,HIGH
38.35,5.03,35.87,60.33,0,34.18,LOW_RISK,HIGH
46.57,2.93,27.75,82.88,1,60.17,HIGH_RISK,LOW
20.24,6.84,12.6,73.12,0,24.27,LOW_RISK,HIGH
8.78,7.8,32.07,69.92,0,11.19,LOW_RISK,HIGH
46.77,2.09,31.28,97.99,1,69.51,HIGH_RISK,LOW
11.7,3.21,29.88,48.17,0,11.9,LOW_RISK,HIGH
34.27,10.69,30.05,89.95,0,51.32,MEDIUM_RISK,MEDIUM
33.76,1.98,31.75,76.74,0,35.3,MEDIUM_RISK,MEDIUM
32.65,1.61,29.94,72.15,0,36.84,MEDIUM_RISK,MEDIUM
63.91,0.53,14.18,77.31,0,52.07,MEDIUM_RISK,MEDIUM
13.36,0.52,30.8,48.96,0,5.21,LOW_RISK,HIGH
13.89,11.4,18.06,55.19,0,17.54,LOW_RISK,HIGH
12.93,3.59,24.41,90.58,0,23.18,LOW_RISK,HIGH
14.66,4.85,27.41,63.56,0,12.55,LOW_RISK,HIGH
26.54,3.58,24.89,68.56,0,26.7,LOW_RISK,HIGH
29.69,4.19,9.65,84.5,0,32.05,LOW_RISK,HIGH
15.02,3.26,21.39,38.31,0,19.21,LOW_RISK,HIGH
53.43,10.39,22.4,47.71,0,53.51,MEDIUM_RISK,MEDIUM
32.53,10.94,23.78,100.0,0,55.95,HIGH_RISK,LOW
26.56,4.45,12.76,100.0,0,34.09,LOW_RISK,HIGH
20.87,6.93,13.1,72.57,0,28.32,LOW_RISK,HIGH
29.17,3.36,31.0,60.31,0,30.59,LOW_RISK,HIGH
28.72,4.08,16.38,100.0,0,33.1,LOW_RISK,HIGH
22.27,1.99,26.61,72.26,0,18.78,LOW_RISK,HIGH
17.38,3.36,35.73,72.6,0,39.83,MEDIUM_RISK,MEDIUM
9.55,8.2,23.15,57.97,0,21.25,LOW_RISK,HIGH
58.26,22.47,31.3,45.17,1,73.55,HIGH_RISK,LOW
25.29,21.84,22.11,89.32,1,62.77,HIGH_RISK,LOW
23.28,1.26,37.03,20.91,0,11.51,LOW_RISK,HIGH
31.99,23.84,23.64,70.62,0,49.78,MEDIUM_RISK,MEDIUM
46.99,0.9,25.33,83.78,0,40.96,MEDIUM_RISK,MEDIUM
10.79,12.17,21.2,64.21,0,22.96,LOW_RISK,HIGH
6.97,8.77,29.53,77.86,0,28.84,LOW_RISK,HIGH
22.4,2.71,24.33,40.55,0,21.6,LOW_RISK,HIGH
18.54,19.66,19.86,97.05,0,51.12,MEDIUM_RISK,MEDIUM
32.78,10.42,20.87,49.94,0,41.92,MEDIUM_RISK,MEDIUM
30.05,10.76,21.08,80.07,0,44.1,MEDIUM_RISK,MEDIUM
13.11,12.46,32.4,63.5,0,24.85,LOW_RISK,HIGH
23.04,0.6,36.4,50.42,0,7.41,LOW_RISK,HIGH
14.74,6.44,28.87,92.65,1,39.75,MEDIUM_RISK,MEDIUM
11.79,2.77,27.83,50.51,0,11.86,LOW_RISK,HIGH
57.38,2.92,14.62,98.4,1,68.02,HIGH_RISK,LOW
14.64,13.12,40.16,53.96,0,24.5,LOW_RISK,HIGH
29.89,4.14,27.82,99.86,1,45.91,MEDIUM_RISK,MEDIUM
80.0,6.02,30.84,71.9,1,69.41,HIGH_RISK,LOW
29.49,12.41,33.82,95.94,0,43.42,MEDIUM_RISK,MEDIUM
5.78,5.69,25.11,66.15,0,6.18,LOW_RISK,HIGH
20.42,8.53,21.65,72.79,0,39.36,MEDIUM_RISK,MEDIUM
20.13,8.88,32.48,63.24,0,29.94,LOW_RISK,HIGH
14.77,2.26,35.52,79.34,0,21.15,LOW_RISK,HIGH
12.11,8.75,28.91,62.71,0,19.94,LOW_RISK,HIGH
5.62,7.02,24.96,48.47,0,17.06,LOW_RISK,HIGH
17.9,1.48,21.19,76.79,0,11.38,LOW_RISK,HIGH
54.47,21.26,21.59,57.43,1,71.0,HIGH_RISK,LOW
27.8,7.64,36.35,92.28,1,48.84,MEDIUM_RISK,MEDIUM
16.13,12.73,27.06,63.71,0,27.93,LOW_RISK,HIGH
19.06,11.0,23.48,88.01,0,41.27,MEDIUM_RISK,MEDIUM
37.65,1.95,29.05,78.06,0,30.79,LOW_RISK,HIGH
29.99,7.32,45.0,42.02,0,19.63,LOW_RISK,HIGH
28.33,5.31,19.5,50.42,0,18.35,LOW_RISK,HIGH
13.44,11.83,22.54,84.09,0,29.79,LOW_RISK,HIGH
14.83,26.77,21.15,33.18,0,26.31,LOW_RISK,HIGH
25.82,8.21,20.99,87.26,1,54.24,MEDIUM_RISK,MEDIUM
48.16,10.05,18.94,98.26,0,58.35,HIGH_RISK,LOW
21.71,21.56,45.0,72.85,0,47.37,MEDIUM_RISK,MEDIUM
20.2,11.68,37.39,56.79,0,29.33,LOW_RISK,HIGH
29.83,7.98,17.75,70.16,0,29.8,LOW_RISK,HIGH
6.38,18.91,25.76,29.71,1,47.49,MEDIUM_RISK,MEDIUM
30.58,2.57,32.41,69.53,0,29.05,LOW_RISK,HIGH
8.39,6.89,22.08,61.98,0,13.32,LOW_RISK,HIGH
55.46,9.98,38.21,61.01,0,56.02,HIGH_RISK,LOW
25.3,2.19,16.33,46.0,0,20.38,LOW_RISK,HIGH
6.12,4.97,10.57,60.99,0,16.84,LOW_RISK,HIGH
22.82,9.32,34.01,51.62,0,33.01,LOW_RISK,HIGH
37.14,7.2,36.1,81.08,0,46.28,MEDIUM_RISK,MEDIUM
11.13,3.71,22.35,53.17,0,24.84,LOW_RISK,HIGH
12.05,6.38,31.03,71.66,0,16.03,LOW_RISK,HIGH
29.37,3.31,16.7,49.89,0,23.09,LOW_RISK,HIGH
33.29,3.08,25.6,78.48,0,37.48,MEDIUM_RISK,MEDIUM
18.34,3.27,31.86,49.28,0,16.6,LOW_RISK,HIGH
14.45,10.25,31.15,90.68,0,33.96,LOW_RISK,HIGH
6.86,3.68,26.91,78.27,0,18.55,LOW_RISK,HIGH
14.61,3.63,20.27,89.02,0,18.17,LOW_RISK,HIGH
33.05,13.23,39.61,32.17,0,51.73,MEDIUM_RISK,MEDIUM
6.34,6.6,29.58,100.0,0,20.48,LOW_RISK,HIGH
12.15,1.62,16.59,25.08,0,2.38,LOW_RISK,HIGH
25.03,5.36,30.64,92.78,0,38.41,MEDIUM_RISK,MEDIUM
10.2,9.99,31.39,51.1,0,20.67,LOW_RISK,HIGH
12.01,7.03,45.0,44.88,0,18.06,LOW_RISK,HIGH
22.56,4.08,29.31,87.46,1,48.31,MEDIUM_RISK,MEDIUM
26.86,6.17,20.65,80.99,0,28.56,LOW_RISK,HIGH
18.74,11.08,18.45,56.28,0,31.86,LOW_RISK,HIGH
16.65,0.8,39.24,25.94,0,20.37,LOW_RISK,HIGH
52.9,4.69,19.35,73.4,1,65.53,HIGH_RISK,LOW
69.55,2.67,32.75,61.58,1,69.09,HIGH_RISK,LOW
21.87,10.2,45.0,54.33,0,41.63,MEDIUM_RISK,MEDIUM
1.89,1.85,20.3,54.74,0,5.95,LOW_RISK,HIGH
27.63,2.1,23.15,90.3,0,33.04,LOW_RISK,HIGH
37.57,4.94,17.82,49.74,0,34.66,LOW_RISK,HIGH
3.77,0.68,22.24,59.39,1,25.24,LOW_RISK,HIGH
18.38,3.78,26.32,100.0,0,33.47,LOW_RISK,HIGH
26.32,7.44,26.83,33.99,0,20.28,LOW_RISK,HIGH
10.11,2.85,39.5,75.19,0,17.16,LOW_RISK,HIGH
39.88,9.75,19.48,94.24,0,58.68,HIGH_RISK,LOW
22.15,0.02,11.42,78.33,0,29.65,LOW_RISK,HIGH
31.92,9.56,34.61,79.33,0,55.46,HIGH_RISK,LOW
3.67,9.7,31.78,53.84,0,23.28,LOW_RISK,HIGH
53.74,8.27,16.27,67.01,0,52.12,MEDIUM_RISK,MEDIUM
26.43,2.52,27.05,76.74,0,33.24,LOW_RISK,HIGH
45.95,10.55,34.43,87.33,0,55.77,HIGH_RISK,LOW
29.39,2.92,17.47,70.44,0,31.56,LOW_RISK,HIGH
67.71,2.12,38.56,53.33,0,56.42,HIGH_RISK,LOW
10.11,4.28,33.12,81.39,0,18.91,LOW_RISK,HIGH
77.06,10.25,19.75,39.35,1,74.29,HIGH_RISK,LOW
20.3,5.25,26.52,100.0,0,30.67,LOW_RISK,HIGH
39.78,18.79,22.05,88.34,0,70.77,HIGH_RISK,LOW
35.9,7.1,23.9,48.86,0,36.59,MEDIUM_RISK,MEDIUM
5.84,1.94,33.2,64.58,0,3.07,LOW_RISK,HIGH
62.06,12.05,29.49,42.78,0,53.48,MEDIUM_RISK,MEDIUM
19.62,8.34,25.44,71.24,0,39.44,MEDIUM_RISK,MEDIUM
10.33,6.85,34.69,72.97,0,12.87,LOW_RISK,HIGH
23.1,7.55,23.56,88.47,0,35.61,MEDIUM_RISK,MEDIUM
38.26,27.41,27.02,76.84,0,63.55,HIGH_RISK,LOW
33.5,8.16,21.71,100.0,0,57.76,HIGH_RISK,LOW
15.45,11.25,29.04,81.86,0,31.06,LOW_RISK,HIGH
12.84,4.12,10.09,60.99,0,15.34,LOW_RISK,HIGH
10.01,22.69,44.59,79.9,0,45.38,MEDIUM_RISK,MEDIUM
37.33,8.66,21.4,69.3,0,44.57,MEDIUM_RISK,MEDIUM
46.3,9.91,13.04,71.32,0,55.19,HIGH_RISK,LOW
14.4,13.09,18.57,53.68,0,19.75,LOW_RISK,HIGH
10.93,5.48,38.64,72.59,0,21.26,LOW_RISK,HIGH
23.56,8.85,18.47,66.76,0,34.89,LOW_RISK,HIGH
23.74,3.69,29.53,68.4,0,24.82,LOW_RISK,HIGH
9.89,5.07,45.0,93.73,0,29.7,LOW_RISK,HIGH
5.13,3.3,32.9,71.15,0,21.64,LOW_RISK,HIGH
32.28,9.19,17.12,65.83,0,39.72,MEDIUM_RISK,MEDIUM
37.03,3.71,32.28,48.35,0,34.42,LOW_RISK,HIGH
42.2,5.0,23.67,57.0,0,38.48,MEDIUM_RISK,MEDIUM
12.81,14.84,19.94,90.26,0,28.75,LOW_RISK,HIGH
39.38,1.89,24.02,74.97,0,36.84,MEDIUM_RISK,MEDIUM
32.56,23.39,21.83,53.59,1,69.33,HIGH_RISK,LOW
43.67,10.89,24.51,78.74,0,56.18,HIGH_RISK,LOW
11.75,4.8,15.16,87.25,0,28.83,LOW_RISK,HIGH
11.38,6.44,43.66,83.73,0,18.01,LOW_RISK,HIGH
9.97,13.92,25.65,29.6,0,21.59,LOW_RISK,HIGH
32.17,15.66,17.74,59.94,0,55.22,HIGH_RISK,LOW
15.91,3.9,28.12,59.19,0,22.2,LOW_RISK,HIGH
15.94,2.68,24.52,84.79,0,27.93,LOW_RISK,HIGH
27.26,1.88,33.78,52.97,0,22.82,LOW_RISK,HIGH
39.51,14.37,35.15,100.0,1,72.32,HIGH_RISK,LOW
36.31,5.2,26.4,61.7,0,36.04,MEDIUM_RISK,MEDIUM
75.4,9.79,25.39,69.68,0,56.06,HIGH_RISK,LOW
30.64,8.37,18.45,100.0,0,58.88,HIGH_RISK,LOW
39.93,2.29,23.94,91.51,0,45.28,MEDIUM_RISK,MEDIUM
5.07,8.19,21.98,80.51,0,25.74,LOW_RISK,HIGH
15.46,2.67,18.51,100.0,0,36.91,MEDIUM_RISK,MEDIUM
10.41,6.37,16.45,86.98,1,47.41,MEDIUM_RISK,MEDIUM
18.53,3.92,29.09,58.51,0,26.82,LOW_RISK,HIGH
20.78,3.06,28.42,100.0,0,37.9,MEDIUM_RISK,MEDIUM
12.88,3.37,28.99,33.56,0,10.22,LOW_RISK,HIGH
23.33,3.09,17.28,73.17,0,24.17,LOW_RISK,HIGH
43.65,3.76,23.62,36.31,0,37.47,MEDIUM_RISK,MEDIUM
19.39,4.53,25.31,55.18,0,17.4,LOW_RISK,HIGH
38.99,6.45,25.56,69.37,0,30.22,LOW_RISK,HIGH
24.07,10.67,21.66,61.99,0,35.55,MEDIUM_RISK,MEDIUM
47.02,2.92,43.18,37.28,0,41.62,MEDIUM_RISK,MEDIUM
54.75,3.37,26.26,46.63,1,54.31,MEDIUM_RISK,MEDIUM
41.91,13.72,34.47,28.85,1,60.0,HIGH_RISK,LOW
20.17,2.54,30.94,76.35,0,25.35,LOW_RISK,HIGH
16.66,0.71,27.33,35.46,0,11.21,LOW_RISK,HIGH
35.48,15.16,37.31,48.86,0,53.91,MEDIUM_RISK,MEDIUM
20.24,7.39,29.23,28.67,0,15.1,LOW_RISK,HIGH
26.24,2.77,18.92,33.83,0,19.56,LOW_RISK,HIGH
19.09,7.15,11.48,68.74,0,25.27,LOW_RISK,HIGH
20.31,5.11,30.76,93.85,0,32.44,LOW_RISK,HIGH
55.8,6.68,30.32,20.0,1,58.55,HIGH_RISK,LOW
3.78,5.3,30.44,59.05,0,14.71,LOW_RISK,HIGH
32.95,2.44,20.99,67.33,0,33.1,LOW_RISK,HIGH
29.95,5.78,27.35,42.37,0,20.84,LOW_RISK,HIGH
48.5,14.47,32.92,73.8,1,73.33,HIGH_RISK,LOW
50.94,10.38,26.31,88.31,0,57.45,HIGH_RISK,LOW
12.67,2.99,34.59,90.33,1,50.74,MEDIUM_RISK,MEDIUM
41.19,4.55,33.95,81.01,0,42.76,MEDIUM_RISK,MEDIUM
33.41,11.25,42.8,100.0,0,56.77,HIGH_RISK,LOW
26.75,6.98,17.98,83.43,0,24.87,LOW_RISK,HIGH
11.81,5.92,15.8,73.96,0,27.5,LOW_RISK,HIGH
7.56,5.47,16.09,55.33,0,14.61,LOW_RISK,HIGH
18.59,2.94,29.9,66.42,0,22.04,LOW_RISK,HIGH
17.79,7.45,13.6,73.46,0,31.6,LOW_RISK,HIGH
15.46,3.41,23.7,52.61,0,16.28,LOW_RISK,HIGH
9.54,10.56,12.63,41.17,0,18.43,LOW_RISK,HIGH
24.49,5.09,8.21,53.63,0,21.56,LOW_RISK,HIGH
24.72,4.4,19.77,90.64,1,41.84,MEDIUM_RISK,MEDIUM
4.05,9.71,28.55,71.57,0,26.73,LOW_RISK,HIGH
16.38,11.41,22.97,40.89,0,29.98,LOW_RISK,HIGH
9.72,10.19,25.05,67.97,0,22.75,LOW_RISK,HIGH
12.17,5.92,33.08,72.42,0,26.99,LOW_RISK,HIGH
35.58,20.3,12.91,37.63,0,46.71,MEDIUM_RISK,MEDIUM
12.23,11.61,32.23,93.27,0,39.08,MEDIUM_RISK,MEDIUM
18.67,21.9,33.18,72.28,1,65.14,HIGH_RISK,LOW
3.23,8.99,23.27,86.17,0,31.18,LOW_RISK,HIGH
20.32,1.35,23.68,62.4,0,10.72,LOW_RISK,HIGH
15.63,6.43,30.58,82.47,0,27.28,LOW_RISK,HIGH
17.3,5.86,33.21,76.06,0,28.92,LOW_RISK,HIGH
9.47,3.53,26.27,20.0,0,3.64,LOW_RISK,HIGH
14.46,8.13,37.46,60.02,0,33.82,LOW_RISK,HIGH
25.87,7.56,21.48,76.14,0,30.22,LOW_RISK,HIGH
20.5,13.11,24.75,56.56,0,31.19,LOW_RISK,HIGH
13.77,9.47,35.31,55.96,0,19.42,LOW_RISK,HIGH
21.4,3.91,39.8,78.95,0,29.96,LOW_RISK,HIGH
17.65,7.58,17.45,42.0,0,17.72,LOW_RISK,HIGH
31.88,1.84,42.84,83.05,0,38.57,MEDIUM_RISK,MEDIUM
31.83,3.05,32.84,100.0,1,63.2,HIGH_RISK,LOW
33.04,9.25,27.51,46.26,0,41.4,MEDIUM_RISK,MEDIUM
24.68,11.01,17.12,53.6,0,35.11,MEDIUM_RISK,MEDIUM
32.86,10.91,34.61,84.83,0,46.36,MEDIUM_RISK,MEDIUM
8.18,10.4,33.07,90.17,0,36.3,MEDIUM_RISK,MEDIUM
18.94,3.03,25.69,44.18,0,25.34,LOW_RISK,HIGH
32.42,5.73,42.58,64.56,0,33.66,LOW_RISK,HIGH
9.42,2.13,22.42,55.04,0,12.0,LOW_RISK,HIGH
10.25,4.58,17.29,59.94,0,15.74,LOW_RISK,HIGH
13.89,1.81,16.21,96.83,0,15.48,LOW_RISK,HIGH
21.94,5.94,34.19,55.78,0,25.3,LOW_RISK,HIGH
25.55,0.87,11.5,90.17,0,27.82,LOW_RISK,HIGH
35.4,7.82,23.4,65.19,0,35.77,MEDIUM_RISK,MEDIUM
48.26,3.5,26.94,70.97,0,49.22,MEDIUM_RISK,MEDIUM
12.28,0.76,14.59,100.0,0,19.05,LOW_RISK,HIGH
4.09,0.55,38.76,75.52,0,9.63,LOW_RISK,HIGH
24.15,8.7,28.01,45.24,0,28.7,LOW_RISK,HIGH
28.65,7.99,17.33,55.52,0,31.83,LOW_RISK,HIGH
11.89,3.24,28.63,71.43,0,16.75,LOW_RISK,HIGH
46.03,13.78,36.88,100.0,0,64.46,HIGH_RISK,LOW
11.25,2.97,20.78,93.8,0,18.18,LOW_RISK,HIGH
14.41,5.6,25.78,61.68,0,17.39,LOW_RISK,HIGH
33.38,1.11,33.84,73.64,0,32.63,LOW_RISK,HIGH
22.13,2.74,34.63,46.92,0,23.48,LOW_RISK,HIGH
30.87,1.67,29.93,81.61,0,33.84,LOW_RISK,HIGH
0.8,8.96,45.0,55.46,0,25.97,LOW_RISK,HIGH
15.56,4.31,20.38,65.71,0,22.75,LOW_RISK,HIGH
13.01,3.81,24.85,58.91,0,13.71,LOW_RISK,HIGH
14.1,3.36,35.8,70.37,0,23.57,LOW_RISK,HIGH
12.75,2.93,17.69,41.66,0,15.26,LOW_RISK,HIGH
21.31,6.31,20.91,71.69,0,30.35,LOW_RISK,HIGH
66.0,10.42,21.9,83.84,0,58.2,HIGH_RISK,LOW
31.66,5.63,21.1,57.31,0,35.19,MEDIUM_RISK,MEDIUM
27.78,11.21,22.43,82.82,0,33.5,LOW_RISK,HIGH
10.33,3.19,20.93,48.28,0,10.29,LOW_RISK,HIGH
33.64,6.41,26.19,64.37,0,35.03,MEDIUM_RISK,MEDIUM
52.1,4.37,8.62,100.0,1,66.86,HIGH_RISK,LOW
40.63,2.14,21.83,67.54,0,35.92,MEDIUM_RISK,MEDIUM
17.57,16.43,30.44,52.39,0,41.42,MEDIUM_RISK,MEDIUM
12.09,4.37,31.36,41.26,0,19.91,LOW_RISK,HIGH
21.47,3.61,31.19,67.02,0,20.47,LOW_RISK,HIGH
29.83,15.78,23.18,59.88,0,41.23,MEDIUM_RISK,MEDIUM
18.03,6.32,32.35,96.89,0,27.43,LOW_RISK,HIGH
17.11,1.66,24.79,76.03,0,22.59,LOW_RISK,HIGH
20.12,19.5,17.44,56.64,0,46.0,MEDIUM_RISK,MEDIUM
30.06,13.74,31.39,76.94,0,47.84,MEDIUM_RISK,MEDIUM
19.28,8.12,25.06,58.26,0,33.77,LOW_RISK,HIGH
16.6,6.37,26.59,80.37,0,27.7,LOW_RISK,HIGH
14.44,6.57,15.37,78.52,0,20.3,LOW_RISK,HIGH
11.02,8.59,26.39,74.49,0,29.91,LOW_RISK,HIGH
64.64,3.98,31.23,46.69,1,62.33,HIGH_RISK,LOW
7.15,1.65,22.27,54.48,0,5.77,LOW_RISK,HIGH
14.18,2.67,37.72,65.42,0,14.06,LOW_RISK,HIGH
34.38,9.75,20.3,55.78,0,38.52,MEDIUM_RISK,MEDIUM
20.9,4.05,20.99,89.99,0,32.21,LOW_RISK,HIGH
38.4,11.43,15.02,68.51,0,49.89,MEDIUM_RISK,MEDIUM
41.29,2.58,13.77,88.51,1,63.02,HIGH_RISK,LOW
16.63,6.93,17.35,32.59,0,18.55,LOW_RISK,HIGH
44.36,14.26,24.68,68.3,1,58.45,HIGH_RISK,LOW
6.48,6.96,21.36,94.56,0,24.05,LOW_RISK,HIGH
23.84,4.02,25.7,64.42,0,22.45,LOW_RISK,HIGH
11.88,1.77,30.55,71.91,0,6.87,LOW_RISK,HIGH
64.1,7.66,41.85,66.76,0,46.83,MEDIUM_RISK,MEDIUM
26.54,9.24,16.85,41.89,0,24.78,LOW_RISK,HIGH
6.97,1.28,15.91,83.81,0,13.54,LOW_RISK,HIGH
59.93,2.66,13.51,100.0,0,57.36,HIGH_RISK,LOW
21.21,8.91,43.72,76.0,0,38.6,MEDIUM_RISK,MEDIUM
24.88,17.23,28.39,69.19,1,56.64,HIGH_RISK,LOW
23.72,3.84,24.24,61.29,0,25.96,LOW_RISK,HIGH
13.16,4.18,17.67,83.69,0,20.22,LOW_RISK,HIGH
32.05,3.66,24.26,65.12,0,34.75,LOW_RISK,HIGH
24.5,7.24,40.76,45.58,0,28.54,LOW_RISK,HIGH
21.1,8.37,15.96,84.12,0,43.17,MEDIUM_RISK,MEDIUM
19.45,3.45,35.28,77.83,0,30.12,LOW_RISK,HIGH
23.22,5.66,45.0,66.77,0,24.31,LOW_RISK,HIGH
52.97,3.43,33.19,66.29,0,42.0,MEDIUM_RISK,MEDIUM
11.86,6.4,38.64,85.5,0,27.5,LOW_RISK,HIGH
80.0,4.5,29.0,55.58,0,51.58,MEDIUM_RISK,MEDIUM
17.67,2.55,24.03,49.06,0,23.78,LOW_RISK,HIGH
36.42,8.38,16.35,53.02,0,45.55,MEDIUM_RISK,MEDIUM
22.86,6.1,27.78,49.39,0,16.95,LOW_RISK,HIGH
37.72,8.7,26.16,55.73,0,40.78,MEDIUM_RISK,MEDIUM
46.37,13.06,29.67,79.63,0,60.3,HIGH_RISK,LOW
66.21,13.69,26.5,52.89,1,65.6,HIGH_RISK,LOW
42.65,1.46,26.77,77.92,0,31.93,LOW_RISK,HIGH
8.75,9.15,35.24,33.08,0,19.45,LOW_RISK,HIGH
15.51,0.76,16.33,20.0,0,13.14,LOW_RISK,HIGH
37.42,3.54,33.61,87.11,0,51.64,MEDIUM_RISK,MEDIUM
10.49,9.99,26.35,52.7,0,25.95,LOW_RISK,HIGH
12.66,2.98,19.85,82.03,0,24.43,LOW_RISK,HIGH
16.76,3.5,29.42,100.0,1,54.24,MEDIUM_RISK,MEDIUM
24.06,4.57,36.34,54.69,0,14.31,LOW_RISK,HIGH
27.23,13.46,19.58,81.85,0,43.59,MEDIUM_RISK,MEDIUM
10.93,5.14,31.95,52.87,0,11.38,LOW_RISK,HIGH
4.32,2.02,21.4,20.0,0,15.53,LOW_RISK,HIGH
20.39,2.0,27.63,46.21,0,20.4,LOW_RISK,HIGH
39.5,9.62,12.25,41.17,0,45.17,MEDIUM_RISK,MEDIUM
15.24,3.35,24.31,54.25,0,34.79,LOW_RISK,HIGH
30.1,3.98,26.45,56.81,0,42.76,MEDIUM_RISK,MEDIUM
37.49,18.26,20.43,67.85,1,72.67,HIGH_RISK,LOW
34.19,10.55,34.8,64.2,0,50.63,MEDIUM_RISK,MEDIUM
26.91,6.12,34.27,54.23,0,27.25,LOW_RISK,HIGH
39.81,2.93,20.42,41.0,0,40.07,MEDIUM_RISK,MEDIUM
9.37,2.43,31.79,100.0,1,40.74,MEDIUM_RISK,MEDIUM
33.99,8.22,23.84,58.74,0,48.74,MEDIUM_RISK,MEDIUM
34.38,2.35,28.43,58.08,0,27.17,LOW_RISK,HIGH
21.49,5.42,26.97,91.71,0,36.0,MEDIUM_RISK,MEDIUM
65.04,15.07,28.71,99.92,1,90.47,HIGH_RISK,LOW
22.56,10.6,37.23,71.1,0,34.2,LOW_RISK,HIGH
43.9,8.92,13.81,54.51,1,61.18,HIGH_RISK,LOW
16.2,10.37,30.5,91.91,0,35.84,MEDIUM_RISK,MEDIUM
31.36,9.32,44.55,51.54,0,47.58,MEDIUM_RISK,MEDIUM
8.18,5.42,34.52,100.0,0,25.02,LOW_RISK,HIGH
14.03,8.12,15.6,100.0,0,33.01,LOW_RISK,HIGH
35.6,6.0,21.89,45.29,0,32.99,LOW_RISK,HIGH
9.24,6.5,32.35,64.79,0,14.19,LOW_RISK,HIGH
12.17,4.2,27.23,75.7,0,20.08,LOW_RISK,HIGH
14.42,5.64,16.14,100.0,1,42.04,MEDIUM_RISK,MEDIUM
44.65,8.69,19.59,60.78,0,46.81,MEDIUM_RISK,MEDIUM
28.26,7.76,26.19,54.31,0,18.19,LOW_RISK,HIGH
1.46,5.34,23.53,53.47,0,13.34,LOW_RISK,HIGH
25.49,2.86,39.98,41.42,0,18.96,LOW_RISK,HIGH
14.92,13.98,45.0,60.83,0,26.0,LOW_RISK,HIGH
27.85,0.82,26.3,100.0,0,27.42,LOW_RISK,HIGH
17.47,2.52,16.02,59.88,0,28.54,LOW_RISK,HIGH
11.38,20.63,26.08,47.71,0,27.98,LOW_RISK,HIGH
30.28,13.84,25.8,87.3,1,66.47,HIGH_RISK,LOW
11.44,5.81,35.97,61.27,0,8.83,LOW_RISK,HIGH
7.67,6.08,30.87,69.18,0,12.75,LOW_RISK,HIGH
15.06,1.04,26.01,84.64,0,21.48,LOW_RISK,HIGH
28.31,0.72,26.56,57.04,0,12.81,LOW_RISK,HIGH
32.39,5.27,25.41,66.74,0,26.62,LOW_RISK,HIGH
19.2,6.18,21.41,57.49,0,25.03,LOW_RISK,HIGH
44.72,25.0,21.83,67.24,0,50.88,MEDIUM_RISK,MEDIUM
2.57,19.42,33.24,60.96,1,46.76,MEDIUM_RISK,MEDIUM
15.37,3.2,18.97,64.58,0,18.11,LOW_RISK,HIGH
8.29,14.0,34.25,46.05,0,21.31,LOW_RISK,HIGH
9.42,18.41,14.69,77.07,1,51.61,MEDIUM_RISK,MEDIUM
12.03,9.2,30.16,79.04,0,27.94,LOW_RISK,HIGH
22.89,3.46,26.05,50.01,0,25.1,LOW_RISK,HIGH
9.56,1.43,32.16,83.52,0,13.73,LOW_RISK,HIGH
23.86,1.8,33.95,79.06,0,23.99,LOW_RISK,HIGH
40.33,8.39,39.46,65.79,0,52.01,MEDIUM_RISK,MEDIUM
43.47,0.83,33.91,100.0,0,34.81,LOW_RISK,HIGH
53.06,5.11,34.75,68.55,1,51.26,MEDIUM_RISK,MEDIUM
29.65,9.4,15.08,52.94,0,32.79,LOW_RISK,HIGH
21.58,9.36,21.27,79.18,0,41.43,MEDIUM_RISK,MEDIUM
21.84,4.62,25.04,100.0,0,27.19,LOW_RISK,HIGH
4.71,2.08,34.5,61.61,0,10.23,LOW_RISK,HIGH
7.44,18.31,19.59,79.54,0,32.69,LOW_RISK,HIGH
45.76,10.25,20.63,52.93,0,49.94,MEDIUM_RISK,MEDIUM
20.02,3.71,24.84,75.84,0,23.42,LOW_RISK,HIGH
2.56,7.45,31.57,55.62,0,21.95,LOW_RISK,HIGH
53.36,1.9,26.42,100.0,1,58.39,HIGH_RISK,LOW
7.83,10.56,33.25,68.91,0,25.0,LOW_RISK,HIGH
17.54,2.45,35.52,100.0,0,31.17,LOW_RISK,HIGH
8.53,2.07,15.38,81.47,0,18.4,LOW_RISK,HIGH
16.7,3.47,29.66,81.74,0,33.77,LOW_RISK,HIGH
12.08,4.09,22.14,44.69,0,4.97,LOW_RISK,HIGH
26.52,10.08,23.56,92.87,0,39.35,MEDIUM_RISK,MEDIUM
19.88,2.41,24.48,85.61,1,47.12,MEDIUM_RISK,MEDIUM
32.4,4.32,29.87,55.38,0,40.85,MEDIUM_RISK,MEDIUM
29.2,1.39,33.71,53.63,0,16.38,LOW_RISK,HIGH
9.52,2.67,45.0,71.12,0,29.32,LOW_RISK,HIGH
23.14,5.95,26.67,67.73,0,22.73,LOW_RISK,HIGH
17.42,7.28,6.86,58.41,0,17.63,LOW_RISK,HIGH
9.45,3.6,30.9,75.08,0,2.07,LOW_RISK,HIGH
13.51,10.78,11.77,98.23,0,37.6,MEDIUM_RISK,MEDIUM
21.28,7.59,33.87,84.76,0,24.97,LOW_RISK,HIGH
31.23,5.14,19.6,94.34,0,51.16,MEDIUM_RISK,MEDIUM
32.12,6.57,20.96,81.62,0,38.24,MEDIUM_RISK,MEDIUM
31.67,2.65,26.38,93.14,0,42.52,MEDIUM_RISK,MEDIUM
43.45,14.8,20.56,52.28,0,41.27,MEDIUM_RISK,MEDIUM
12.47,3.43,43.15,96.52,0,36.76,MEDIUM_RISK,MEDIUM
13.42,6.17,25.5,100.0,0,25.46,LOW_RISK,HIGH
28.56,12.59,27.93,81.52,0,34.84,LOW_RISK,HIGH
40.83,9.08,27.75,100.0,1,70.81,HIGH_RISK,LOW
14.87,1.16,24.38,52.05,0,9.53,LOW_RISK,HIGH
15.07,2.03,30.39,37.02,0,23.58,LOW_RISK,HIGH
43.88,5.36,25.52,61.75,0,37.06,MEDIUM_RISK,MEDIUM
3.45,7.82,23.19,84.6,0,24.98,LOW_RISK,HIGH
37.9,12.03,30.6,62.13,0,37.03,MEDIUM_RISK,MEDIUM
45.88,17.77,30.44,71.73,1,82.42,HIGH_RISK,LOW
11.14,8.19,23.47,62.25,0,29.67,LOW_RISK,HIGH
47.61,8.09,30.34,81.93,1,62.3,HIGH_RISK,LOW
27.9,8.1,31.95,71.67,0,37.79,MEDIUM_RISK,MEDIUM
26.71,7.4,45.0,75.72,0,38.45,MEDIUM_RISK,MEDIUM
70.28,3.59,22.58,33.35,0,39.35,MEDIUM_RISK,MEDIUM
17.19,7.24,32.23,79.53,0,26.49,LOW_RISK,HIGH
16.78,3.61,19.64,85.63,0,33.49,LOW_RISK,HIGH
29.17,4.18,20.79,81.69,0,33.27,LOW_RISK,HIGH
9.48,7.75,19.35,72.32,0,20.09,LOW_RISK,HIGH
20.33,13.24,18.59,64.52,0,27.0,LOW_RISK,HIGH
45.64,1.62,35.49,86.3,1,67.12,HIGH_RISK,LOW
26.2,11.42,32.56,63.23,0,36.8,MEDIUM_RISK,MEDIUM
15.46,7.51,33.41,61.0,0,26.05,LOW_RISK,HIGH
15.24,9.47,24.68,51.65,0,39.22,MEDIUM_RISK,MEDIUM
57.86,15.09,26.39,46.57,1,77.23,HIGH_RISK,LOW
0.96,5.39,29.41,94.42,0,22.66,LOW_RISK,HIGH
35.27,7.9,15.73,38.22,0,34.14,LOW_RISK,HIGH
23.39,3.52,32.53,73.73,0,32.95,LOW_RISK,HIGH
12.06,11.57,25.22,70.87,0,28.2,LOW_RISK,HIGH
43.8,18.28,33.06,64.23,1,71.96,HIGH_RISK,LOW
22.93,14.17,33.25,96.98,1,55.32,HIGH_RISK,LOW
28.91,8.16,12.69,69.51,0,31.72,LOW_RISK,HIGH
16.17,1.13,27.75,76.84,0,14.31,LOW_RISK,HIGH
20.06,15.91,24.7,47.84,0,39.81,MEDIUM_RISK,MEDIUM
24.61,20.86,23.66,87.07,0,51.67,MEDIUM_RISK,MEDIUM
6.92,6.77,25.83,63.86,0,16.89,LOW_RISK,HIGH
25.66,18.33,15.69,81.99,0,43.37,MEDIUM_RISK,MEDIUM
19.95,1.69,23.1,99.92,1,40.11,MEDIUM_RISK,MEDIUM
75.28,16.07,21.36,68.52,1,81.88,HIGH_RISK,LOW
33.43,0.42,29.63,87.19,0,33.98,LOW_RISK,HIGH
8.76,6.29,37.36,91.46,0,26.06,LOW_RISK,HIGH
32.1,5.48,28.75,74.64,0,36.25,MEDIUM_RISK,MEDIUM
19.99,2.26,18.21,47.34,0,13.92,LOW_RISK,HIGH
4.44,5.41,22.15,52.89,0,19.21,LOW_RISK,HIGH
6.98,3.53,39.73,77.04,0,21.01,LOW_RISK,HIGH
58.32,9.31,8.57,67.32,0,50.96,MEDIUM_RISK,MEDIUM
11.91,3.58,23.42,61.18,0,10.48,LOW_RISK,HIGH
48.69,16.29,22.92,37.88,1,69.98,HIGH_RISK,LOW
3.44,13.49,19.76,64.85,0,19.83,LOW_RISK,HIGH
17.55,13.7,32.92,75.8,0,35.48,MEDIUM_RISK,MEDIUM
31.32,3.22,31.07,77.3,0,47.76,MEDIUM_RISK,MEDIUM
14.78,13.14,38.99,95.05,0,32.42,LOW_RISK,HIGH
41.61,3.46,19.63,41.19,0,30.17,LOW_RISK,HIGH
24.66,2.22,33.13,40.08,0,26.08,LOW_RISK,HIGH
11.06,6.74,23.53,69.02,0,14.13,LOW_RISK,HIGH
50.02,1.92,32.24,62.62,0,38.92,MEDIUM_RISK,MEDIUM
20.04,4.57,18.43,55.07,0,28.43,LOW_RISK,HIGH
15.01,1.61,32.72,57.04,0,10.07,LOW_RISK,HIGH
16.44,6.54,39.11,56.08,0,27.43,LOW_RISK,HIGH
30.46,2.58,35.54,74.42,0,46.28,MEDIUM_RISK,MEDIUM
26.12,13.53,36.73,49.32,0,28.64,LOW_RISK,HIGH
6.88,8.24,22.24,53.7,0,25.19,LOW_RISK,HIGH
32.57,5.3,16.55,55.36,0,36.11,MEDIUM_RISK,MEDIUM
15.88,4.29,30.81,70.07,0,29.9,LOW_RISK,HIGH
27.58,9.82,33.75,55.08,0,30.22,LOW_RISK,HIGH
8.53,11.08,39.08,100.0,0,29.32,LOW_RISK,HIGH
26.31,2.21,30.2,44.49,1,36.32,MEDIUM_RISK,MEDIUM
26.91,13.12,33.26,60.46,0,29.94,LOW_RISK,HIGH
27.71,4.79,21.08,49.33,0,20.81,LOW_RISK,HIGH
37.35,3.15,11.59,69.8,0,41.07,MEDIUM_RISK,MEDIUM
27.03,8.96,35.85,75.82,0,36.37,MEDIUM_RISK,MEDIUM
10.42,5.02,12.78,67.79,0,19.07,LOW_RISK,HIGH
11.45,2.71,24.12,100.0,0,29.49,LOW_RISK,HIGH
55.25,2.4,28.36,80.7,1,58.72,HIGH_RISK,LOW
12.79,7.57,19.84,80.34,0,21.88,LOW_RISK,HIGH
1.17,17.39,29.63,53.52,1,45.55,MEDIUM_RISK,MEDIUM
24.82,6.96,45.0,74.39,0,33.95,LOW_RISK,HIGH
37.16,5.4,21.78,62.43,1,60.63,HIGH_RISK,LOW
45.7,3.66,32.81,100.0,0,53.22,MEDIUM_RISK,MEDIUM
15.87,5.98,28.57,38.6,1,34.31,LOW_RISK,HIGH
16.57,19.0,35.35,58.84,0,34.36,LOW_RISK,HIGH
21.9,4.26,27.78,71.25,0,30.03,LOW_RISK,HIGH
24.59,6.06,30.03,75.03,0,23.83,LOW_RISK,HIGH
34.69,1.63,24.04,45.21,0,28.31,LOW_RISK,HIGH
8.52,4.75,26.26,86.01,0,29.85,LOW_RISK,HIGH
53.64,1.01,23.89,95.57,0,47.47,MEDIUM_RISK,MEDIUM
26.5,4.43,35.99,58.63,0,27.62,LOW_RISK,HIGH
28.88,2.3,23.74,52.61,0,27.94,LOW_RISK,HIGH
6.12,0.39,25.09,50.62,0,5.52,LOW_RISK,HIGH
9.7,2.21,34.88,66.33,0,16.21,LOW_RISK,HIGH
19.57,3.79,15.05,53.52,0,25.66,LOW_RISK,HIGH
27.7,8.85,28.71,90.83,0,38.54,MEDIUM_RISK,MEDIUM
33.94,2.89,35.6,50.22,0,38.85,MEDIUM_RISK,MEDIUM
28.03,1.88,33.22,52.88,0,13.0,LOW_RISK,HIGH
41.82,4.54,27.59,72.72,0,39.54,MEDIUM_RISK,MEDIUM
19.24,7.56,42.02,91.14,0,36.58,MEDIUM_RISK,MEDIUM
22.83,8.8,36.44,63.41,0,35.93,MEDIUM_RISK,MEDIUM
28.6,2.06,25.43,60.33,0,18.16,LOW_RISK,HIGH
36.1,3.88,25.48,49.97,0,32.1,LOW_RISK,HIGH
11.41,0.72,35.7,96.78,0,12.67,LOW_RISK,HIGH
4.61,10.79,37.95,70.27,0,26.48,LOW_RISK,HIGH
11.44,5.53,15.78,58.03,0,10.93,LOW_RISK,HIGH
22.98,9.44,25.26,53.38,0,33.64,LOW_RISK,HIGH
44.02,4.71,32.11,94.91,0,49.42,MEDIUM_RISK,MEDIUM
68.15,13.47,22.26,100.0,1,74.34,HIGH_RISK,LOW
26.58,2.39,28.85,86.57,0,30.94,LOW_RISK,HIGH
7.66,2.68,32.12,100.0,0,25.69,LOW_RISK,HIGH
17.47,4.35,13.42,84.02,0,30.9,LOW_RISK,HIGH
22.35,1.65,27.95,91.51,0,27.09,LOW_RISK,HIGH
16.4,16.23,13.72,48.82,0,40.5,MEDIUM_RISK,MEDIUM
24.18,0.37,40.21,71.8,0,27.8,LOW_RISK,HIGH
40.46,2.88,35.71,55.89,0,38.43,MEDIUM_RISK,MEDIUM
9.27,1.57,17.73,63.03,0,10.01,LOW_RISK,HIGH
19.14,3.14,31.3,86.39,1,52.9,MEDIUM_RISK,MEDIUM
11.34,2.4,33.98,21.57,0,11.58,LOW_RISK,HIGH
13.48,0.9,24.72,73.88,0,9.39,LOW_RISK,HIGH
8.38,3.21,29.18,25.95,0,13.17,LOW_RISK,HIGH
13.28,18.5,20.94,83.97,0,38.22,MEDIUM_RISK,MEDIUM
16.8,2.53,17.89,100.0,0,40.04,MEDIUM_RISK,MEDIUM
9.46,2.4,43.06,72.94,0,22.53,LOW_RISK,HIGH
25.37,8.65,41.5,32.47,0,27.4,LOW_RISK,HIGH
18.5,4.46,23.25,52.85,0,21.38,LOW_RISK,HIGH
17.84,11.09,30.42,70.9,0,39.19,MEDIUM_RISK,MEDIUM
32.0,1.24,28.39,91.34,0,41.87,MEDIUM_RISK,MEDIUM
19.58,8.39,31.96,100.0,0,42.71,MEDIUM_RISK,MEDIUM
19.28,4.13,20.5,89.05,0,28.99,LOW_RISK,HIGH
14.96,10.1,28.2,39.63,0,23.43,LOW_RISK,HIGH
6.38,2.73,28.19,62.49,0,13.98,LOW_RISK,HIGH
17.09,10.62,22.33,100.0,1,59.1,HIGH_RISK,LOW
39.61,5.44,30.83,95.22,1,67.18,HIGH_RISK,LOW
9.86,4.32,8.08,69.93,0,16.9,LOW_RISK,HIGH
42.87,3.03,27.39,56.4,0,35.14,MEDIUM_RISK,MEDIUM
13.42,5.19,15.3,88.49,1,48.46,MEDIUM_RISK,MEDIUM
41.23,6.91,34.73,50.26,1,49.17,MEDIUM_RISK,MEDIUM
10.1,18.51,25.94,62.76,0,31.55,LOW_RISK,HIGH
21.39,4.89,27.89,67.87,0,30.38,LOW_RISK,HIGH
8.86,12.47,25.96,49.65,0,26.45,LOW_RISK,HIGH
17.15,2.09,29.12,46.92,0,14.22,LOW_RISK,HIGH
14.76,15.09,20.78,83.38,0,43.39,MEDIUM_RISK,MEDIUM
26.84,2.32,36.52,63.55,0,22.99,LOW_RISK,HIGH
12.11,12.06,32.5,52.07,0,23.3,LOW_RISK,HIGH
23.93,4.12,30.49,70.91,0,29.46,LOW_RISK,HIGH
9.49,4.33,43.01,66.41,0,21.75,LOW_RISK,HIGH
39.21,7.45,36.67,68.23,0,36.91,MEDIUM_RISK,MEDIUM
14.79,2.38,32.0,83.05,0,13.53,LOW_RISK,HIGH
13.49,6.76,26.27,64.48,0,22.77,LOW_RISK,HIGH
33.13,14.43,21.63,28.39,0,46.23,MEDIUM_RISK,MEDIUM
25.67,3.22,25.86,77.89,0,30.22,LOW_RISK,HIGH
68.36,8.06,31.66,54.15,0,53.18,MEDIUM_RISK,MEDIUM
30.53,11.44,27.8,70.56,0,48.69,MEDIUM_RISK,MEDIUM
16.1,0.39,43.44,63.45,0,16.3,LOW_RISK,HIGH
9.27,16.0,42.54,86.86,0,39.34,MEDIUM_RISK,MEDIUM
33.84,24.63,28.47,53.18,0,54.82,MEDIUM_RISK,MEDIUM
17.1,5.83,27.19,88.95,0,33.13,LOW_RISK,HIGH
43.45,12.77,18.68,80.68,0,52.55,MEDIUM_RISK,MEDIUM
65.36,15.81,24.74,94.29,0,74.36,HIGH_RISK,LOW
34.87,7.04,21.4,96.56,0,42.0,MEDIUM_RISK,MEDIUM
36.76,0.09,15.55,70.53,0,38.83,MEDIUM_RISK,MEDIUM
20.07,5.37,28.59,46.7,0,21.18,LOW_RISK,HIGH
48.28,4.08,29.69,77.35,1,57.56,HIGH_RISK,LOW
20.18,5.53,38.26,61.59,0,18.59,LOW_RISK,HIGH
24.11,5.44,33.43,52.14,0,24.69,LOW_RISK,HIGH
11.71,10.62,26.67,64.72,0,23.62,LOW_RISK,HIGH
10.86,4.05,36.1,50.08,0,17.46,LOW_RISK,HIGH
11.64,10.57,37.96,39.22,0,20.3,LOW_RISK,HIGH
18.44,10.12,9.51,89.86,0,45.69,MEDIUM_RISK,MEDIUM
20.71,5.03,32.54,100.0,0,41.79,MEDIUM_RISK,MEDIUM
56.64,10.4,28.67,59.46,0,53.06,MEDIUM_RISK,MEDIUM
26.0,4.62,31.97,60.0,0,23.19,LOW_RISK,HIGH
39.18,12.08,24.49,54.38,0,42.23,MEDIUM_RISK,MEDIUM
25.92,7.0,22.23,69.19,0,23.96,LOW_RISK,HIGH
12.79,4.41,31.55,62.38,0,9.28,LOW_RISK,HIGH
12.7,7.83,28.19,53.56,0,14.22,LOW_RISK,HIGH
13.3,3.68,35.45,54.28,0,17.75,LOW_RISK,HIGH
68.11,3.33,24.09,93.65,0,54.05,MEDIUM_RISK,MEDIUM
57.16,13.52,17.15,48.08,1,66.46,HIGH_RISK,LOW
9.01,1.27,25.57,93.29,0,12.39,LOW_RISK,HIGH
47.37,10.09,30.15,60.27,1,64.82,HIGH_RISK,LOW
16.64,13.21,24.97,72.83,0,40.52,MEDIUM_RISK,MEDIUM
45.4,5.94,40.43,81.28,0,51.0,MEDIUM_RISK,MEDIUM
16.02,6.83,23.54,57.67,0,26.1,LOW_RISK,HIGH
21.88,4.17,45.0,47.81,0,21.17,LOW_RISK,HIGH
19.05,4.34,35.24,37.9,0,22.53,LOW_RISK,HIGH
28.56,8.5,33.42,70.9,0,40.77,MEDIUM_RISK,MEDIUM
9.54,2.06,39.32,82.12,0,25.28,LOW_RISK,HIGH
17.15,5.29,40.81,66.53,0,23.87,LOW_RISK,HIGH
3.26,3.01,25.05,63.96,1,24.62,LOW_RISK,HIGH
33.67,13.21,22.32,69.41,0,48.36,MEDIUM_RISK,MEDIUM
38.72,10.48,26.88,71.18,0,54.5,MEDIUM_RISK,MEDIUM
53.22,3.39,17.08,49.39,0,39.23,MEDIUM_RISK,MEDIUM
12.77,1.52,13.36,100.0,1,27.47,LOW_RISK,HIGH
34.39,21.25,27.91,57.72,1,58.54,HIGH_RISK,LOW
5.01,13.08,38.85,64.63,0,30.16,LOW_RISK,HIGH
14.79,6.53,22.31,60.88,0,13.04,LOW_RISK,HIGH
25.04,7.32,43.78,100.0,0,30.19,LOW_RISK,HIGH
21.66,5.19,26.18,100.0,1,48.79,MEDIUM_RISK,MEDIUM
18.94,1.5,36.92,97.37,0,25.76,LOW_RISK,HIGH
33.67,3.6,30.99,36.82,0,27.76,LOW_RISK,HIGH
21.14,7.74,27.74,20.07,0,21.77,LOW_RISK,HIGH
15.74,0.31,28.41,58.01,0,24.65,LOW_RISK,HIGH
48.86,10.32,32.98,33.45,0,51.15,MEDIUM_RISK,MEDIUM
44.19,4.31,24.13,75.06,1,60.22,HIGH_RISK,LOW
29.75,10.13,21.65,88.42,1,54.05,MEDIUM_RISK,MEDIUM
3.27,6.43,9.72,49.24,0,11.4,LOW_RISK,HIGH
7.23,6.21,13.98,85.34,0,22.08,LOW_RISK,HIGH
72.16,0.55,19.5,64.62,0,37.78,MEDIUM_RISK,MEDIUM
16.97,7.36,19.78,70.44,0,35.41,MEDIUM_RISK,MEDIUM
30.67,2.65,29.02,89.8,0,42.89,MEDIUM_RISK,MEDIUM
15.36,9.48,33.96,97.28,0,48.35,MEDIUM_RISK,MEDIUM
27.18,15.95,32.35,43.89,0,29.82,LOW_RISK,HIGH
48.49,22.43,24.52,80.64,0,64.86,HIGH_RISK,LOW
23.44,7.15,28.09,52.44,0,16.18,LOW_RISK,HIGH
45.34,3.07,16.67,59.11,0,42.3,MEDIUM_RISK,MEDIUM
4.12,13.9,19.37,45.89,0,17.97,LOW_RISK,HIGH
7.91,8.03,29.0,43.93,0,16.68,LOW_RISK,HIGH
16.24,4.16,38.61,66.65,0,31.76,LOW_RISK,HIGH
44.62,8.22,23.42,63.28,1,57.82,HIGH_RISK,LOW
32.64,6.79,28.73,100.0,0,36.49,MEDIUM_RISK,MEDIUM
48.26,3.71,21.39,47.1,1,59.76,HIGH_RISK,LOW
19.42,3.37,34.02,67.94,1,39.73,MEDIUM_RISK,MEDIUM
37.5,2.34,30.24,24.98,1,43.56,MEDIUM_RISK,MEDIUM
12.38,5.33,27.57,67.98,0,13.38,LOW_RISK,HIGH
26.41,0.85,31.14,48.87,0,8.52,LOW_RISK,HIGH
26.42,17.61,16.92,65.82,0,46.81,MEDIUM_RISK,MEDIUM
16.34,8.99,16.81,62.08,0,36.31,MEDIUM_RISK,MEDIUM
15.52,5.3,23.18,63.14,0,20.63,LOW_RISK,HIGH
5.29,1.92,34.78,77.91,0,7.12,LOW_RISK,HIGH
40.68,7.68,20.55,47.44,1,48.41,MEDIUM_RISK,MEDIUM
32.15,2.2,10.18,63.96,0,32.74,LOW_RISK,HIGH
51.9,2.44,37.99,73.45,1,69.71,HIGH_RISK,LOW
29.43,4.25,24.68,94.35,0,37.54,MEDIUM_RISK,MEDIUM
26.12,2.5,25.23,53.17,0,12.31,LOW_RISK,HIGH
46.81,11.39,28.55,68.71,0,52.51,MEDIUM_RISK,MEDIUM
28.6,4.78,17.62,66.95,0,30.83,LOW_RISK,HIGH
15.25,8.06,27.31,70.53,0,35.51,MEDIUM_RISK,MEDIUM
80.0,6.37,39.0,57.48,1,59.94,HIGH_RISK,LOW
6.62,9.29,17.37,62.49,0,23.94,LOW_RISK,HIGH
0.86,3.35,24.03,90.32,0,14.3,LOW_RISK,HIGH
40.78,4.06,33.28,86.32,1,60.39,HIGH_RISK,LOW
73.19,1.36,25.13,59.87,0,40.33,MEDIUM_RISK,MEDIUM
34.0,5.02,34.29,59.95,0,35.52,MEDIUM_RISK,MEDIUM
24.06,5.62,15.59,63.34,0,24.5,LOW_RISK,HIGH
27.65,16.61,33.73,30.0,0,32.67,LOW_RISK,HIGH
32.91,12.25,30.97,85.88,1,75.6,HIGH_RISK,LOW
37.46,15.17,36.37,50.56,0,50.66,MEDIUM_RISK,MEDIUM
34.14,8.72,26.28,62.25,0,44.93,MEDIUM_RISK,MEDIUM
4.64,4.99,7.6,100.0,0,22.74,LOW_RISK,HIGH
17.11,4.8,12.39,52.76,0,25.39,LOW_RISK,HIGH
11.47,6.05,30.59,96.81,1,41.71,MEDIUM_RISK,MEDIUM
14.44,8.25,31.06,83.04,0,31.61,LOW_RISK,HIGH
32.06,6.28,18.67,65.43,0,37.26,MEDIUM_RISK,MEDIUM
36.68,4.17,19.65,52.94,0,38.18,MEDIUM_RISK,MEDIUM
14.95,3.44,20.75,98.58,0,30.1,LOW_RISK,HIGH
22.33,8.55,23.04,98.75,0,37.83,MEDIUM_RISK,MEDIUM
48.31,5.06,5.0,98.46,0,57.74,HIGH_RISK,LOW
19.47,10.28,23.03,76.97,0,32.28,LOW_RISK,HIGH
46.3,4.85,28.7,60.62,0,41.08,MEDIUM_RISK,MEDIUM
8.67,3.46,31.11,89.0,0,24.29,LOW_RISK,HIGH
35.13,18.68,12.79,100.0,0,61.11,HIGH_RISK,LOW
18.23,6.54,20.63,46.8,0,22.47,LOW_RISK,HIGH
10.87,2.14,7.75,38.31,0,17.01,LOW_RISK,HIGH
16.67,9.06,23.72,38.1,0,27.52,LOW_RISK,HIGH
40.81,8.98,34.91,60.73,0,43.87,MEDIUM_RISK,MEDIUM
15.3,2.71,25.56,41.45,0,21.01,LOW_RISK,HIGH
49.54,9.66,34.72,100.0,0,57.97,HIGH_RISK,LOW
9.68,3.05,20.83,68.56,0,11.98,LOW_RISK,HIGH
24.5,1.5,22.08,82.56,0,21.79,LOW_RISK,HIGH
48.14,4.37,29.78,63.66,0,37.29,MEDIUM_RISK,MEDIUM
29.42,5.01,26.29,44.33,0,16.92,LOW_RISK,HIGH
27.98,5.94,38.17,97.1,0,33.1,LOW_RISK,HIGH
17.47,6.17,30.38,64.26,0,16.65,LOW_RISK,HIGH
12.83,6.14,17.01,34.13,0,14.15,LOW_RISK,HIGH
19.92,3.11,26.55,100.0,0,37.4,MEDIUM_RISK,MEDIUM
32.32,21.5,17.51,61.29,0,53.11,MEDIUM_RISK,MEDIUM
16.84,2.67,26.65,100.0,0,38.07,MEDIUM_RISK,MEDIUM
15.9,7.53,29.96,66.87,0,16.41,LOW_RISK,HIGH
8.88,8.43,21.19,84.12,0,24.08,LOW_RISK,HIGH
8.23,7.52,27.32,79.5,0,22.21,LOW_RISK,HIGH
65.3,22.51,18.24,89.72,1,87.53,HIGH_RISK,LOW
20.36,21.05,30.53,100.0,1,62.24,HIGH_RISK,LOW
19.87,10.13,28.1,88.32,1,58.69,HIGH_RISK,LOW
24.65,8.44,15.57,60.77,0,34.19,LOW_RISK,HIGH
26.51,1.27,25.59,34.0,0,18.85,LOW_RISK,HIGH
14.2,20.14,31.44,91.18,0,43.65,MEDIUM_RISK,MEDIUM
42.71,4.17,28.83,45.96,1,43.65,MEDIUM_RISK,MEDIUM
39.05,3.87,24.98,58.14,0,32.41,LOW_RISK,HIGH
30.52,7.77,18.54,57.8,0,39.64,MEDIUM_RISK,MEDIUM
44.92,7.21,37.09,43.79,0,30.68,LOW_RISK,HIGH
10.01,27.4,32.14,43.33,0,32.36,LOW_RISK,HIGH
6.91,7.63,43.67,37.84,0,19.72,LOW_RISK,HIGH
22.23,8.01,41.5,66.16,0,31.22,LOW_RISK,HIGH
19.46,8.57,26.52,33.82,0,29.84,LOW_RISK,HIGH
25.7,2.92,23.73,100.0,0,41.14,MEDIUM_RISK,MEDIUM
38.02,11.0,15.76,20.0,0,48.64,MEDIUM_RISK,MEDIUM
24.52,5.73,28.18,43.49,0,14.73,LOW_RISK,HIGH
32.26,3.85,26.32,68.08,1,47.67,MEDIUM_RISK,MEDIUM
24.97,4.92,25.32,86.81,1,49.2,MEDIUM_RISK,MEDIUM
51.18,3.45,38.14,28.39,1,63.44,HIGH_RISK,LOW
13.74,5.84,18.82,72.03,0,12.59,LOW_RISK,HIGH
64.1,6.92,12.82,67.48,0,51.34,MEDIUM_RISK,MEDIUM
26.81,9.23,41.22,89.7,1,63.31,HIGH_RISK,LOW
7.23,0.54,31.16,73.71,0,12.96,LOW_RISK,HIGH
10.64,6.52,19.27,70.73,0,19.79,LOW_RISK,HIGH
18.13,8.44,23.61,100.0,0,42.72,MEDIUM_RISK,MEDIUM
21.62,7.5,22.07,93.38,0,37.8,MEDIUM_RISK,MEDIUM
36.99,4.71,25.85,66.73,0,38.05,MEDIUM_RISK,MEDIUM
7.65,8.21,29.42,72.05,0,29.9,LOW_RISK,HIGH
31.31,4.33,29.14,70.11,0,39.34,MEDIUM_RISK,MEDIUM
29.58,5.0,20.32,49.26,0,19.29,LOW_RISK,HIGH
16.24,6.29,34.24,88.33,0,40.35,MEDIUM_RISK,MEDIUM
16.36,1.81,26.47,68.37,0,13.16,LOW_RISK,HIGH
22.32,8.68,30.49,20.0,0,34.52,LOW_RISK,HIGH
28.23,12.03,29.96,53.0,0,32.15,LOW_RISK,HIGH
17.27,0.6,34.5,74.77,0,23.23,LOW_RISK,HIGH
34.88,8.59,38.28,82.32,0,46.47,MEDIUM_RISK,MEDIUM
27.44,7.21,10.6,81.02,0,31.3,LOW_RISK,HIGH
10.66,8.24,32.34,75.81,0,23.63,LOW_RISK,HIGH
11.56,3.76,29.64,33.55,0,15.02,LOW_RISK,HIGH
12.62,5.06,29.34,55.94,0,13.13,LOW_RISK,HIGH
36.17,1.69,28.19,69.49,1,42.04,MEDIUM_RISK,MEDIUM
32.85,3.07,21.33,65.4,1,48.51,MEDIUM_RISK,MEDIUM
51.1,2.94,21.53,100.0,0,55.97,HIGH_RISK,LOW
14.41,1.8,35.06,60.08,0,9.24,LOW_RISK,HIGH
8.26,8.41,30.15,87.08,1,48.86,MEDIUM_RISK,MEDIUM
27.69,4.72,31.36,93.16,0,35.76,MEDIUM_RISK,MEDIUM
16.21,6.24,18.62,71.49,0,31.63,LOW_RISK,HIGH
11.84,5.92,37.77,41.83,0,11.01,LOW_RISK,HIGH
69.24,23.18,16.83,54.21,0,69.75,HIGH_RISK,LOW
19.65,9.56,26.3,100.0,0,41.18,MEDIUM_RISK,MEDIUM
24.55,3.28,20.44,63.67,0,23.65,LOW_RISK,HIGH
30.59,4.18,19.94,70.51,0,44.53,MEDIUM_RISK,MEDIUM
8.59,2.11,31.88,88.25,0,25.66,LOW_RISK,HIGH
32.08,3.6,30.18,28.83,0,28.87,LOW_RISK,HIGH
49.58,6.12,12.29,56.52,0,37.81,MEDIUM_RISK,MEDIUM
35.01,7.54,16.72,69.27,0,47.96,MEDIUM_RISK,MEDIUM
25.45,6.87,32.66,66.55,0,24.18,LOW_RISK,HIGH
40.63,3.96,27.74,88.36,0,46.01,MEDIUM_RISK,MEDIUM
33.44,8.17,26.85,49.27,0,41.43,MEDIUM_RISK,MEDIUM
52.47,2.54,33.73,39.58,1,55.83,HIGH_RISK,LOW
33.42,8.69,29.03,56.33,0,39.28,MEDIUM_RISK,MEDIUM
18.66,3.58,28.82,100.0,0,28.76,LOW_RISK,HIGH
16.3,3.62,33.74,91.81,0,27.8,LOW_RISK,HIGH
10.05,8.52,33.13,44.57,0,19.76,LOW_RISK,HIGH
32.43,12.05,13.05,60.83,0,49.95,MEDIUM_RISK,MEDIUM
6.85,4.7,18.48,52.19,0,14.54,LOW_RISK,HIGH
22.95,21.55,37.85,86.21,0,54.18,MEDIUM_RISK,MEDIUM
5.97,8.27,34.56,81.55,0,26.96,LOW_RISK,HIGH
13.48,5.97,25.3,92.79,0,27.13,LOW_RISK,HIGH
38.15,1.92,16.38,46.63,0,28.41,LOW_RISK,HIGH
11.84,3.87,31.16,52.03,0,18.75,LOW_RISK,HIGH
25.28,9.17,31.41,77.74,0,40.26,MEDIUM_RISK,MEDIUM
6.66,7.23,42.17,67.31,0,11.89,LOW_RISK,HIGH
15.69,3.5,18.3,90.71,1,44.68,MEDIUM_RISK,MEDIUM
7.07,11.73,29.0,99.94,0,34.02,LOW_RISK,HIGH
14.52,2.76,30.07,45.09,0,13.07,LOW_RISK,HIGH
17.69,9.22,28.86,50.83,0,35.67,MEDIUM_RISK,MEDIUM
22.82,5.39,27.52,75.63,0,25.36,LOW_RISK,HIGH
45.21,6.65,22.31,61.18,0,40.66,MEDIUM_RISK,MEDIUM
18.39,7.25,26.82,88.17,0,36.47,MEDIUM_RISK,MEDIUM
5.43,4.99,26.97,63.52,0,15.73,LOW_RISK,HIGH
33.26,9.02,38.23,62.36,0,42.52,MEDIUM_RISK,MEDIUM
50.62,4.4,27.4,28.99,1,52.65,MEDIUM_RISK,MEDIUM
26.61,13.5,16.79,60.86,0,32.83,LOW_RISK,HIGH
22.54,9.65,39.41,79.69,0,36.83,MEDIUM_RISK,MEDIUM
35.63,6.14,24.35,37.93,0,35.31,MEDIUM_RISK,MEDIUM
25.24,2.32,22.67,33.82,0,20.87,LOW_RISK,HIGH
14.8,16.17,33.86,76.18,0,35.6,MEDIUM_RISK,MEDIUM
20.7,3.51,20.03,78.04,0,28.65,LOW_RISK,HIGH
33.08,25.02,26.33,56.22,0,54.03,MEDIUM_RISK,MEDIUM
16.21,16.84,25.38,62.71,1,55.61,HIGH_RISK,LOW
19.32,4.98,22.14,68.41,0,24.55,LOW_RISK,HIGH
30.02,2.61,24.13,61.85,0,31.31,LOW_RISK,HIGH
56.84,14.93,35.37,67.42,0,51.69,MEDIUM_RISK,MEDIUM
29.81,10.73,30.67,69.58,0,30.62,LOW_RISK,HIGH
27.82,0.26,30.74,61.75,0,24.57,LOW_RISK,HIGH
23.4,5.28,22.72,45.0,0,19.03,LOW_RISK,HIGH
17.73,2.37,26.25,72.47,0,29.54,LOW_RISK,HIGH
13.72,18.92,29.57,85.58,1,60.38,HIGH_RISK,LOW
22.33,9.47,27.04,45.37,0,22.99,LOW_RISK,HIGH
41.87,1.59,21.11,48.33,1,38.11,MEDIUM_RISK,MEDIUM
15.29,19.82,33.37,50.95,0,43.55,MEDIUM_RISK,MEDIUM
17.4,23.04,22.47,61.91,1,51.95,MEDIUM_RISK,MEDIUM
6.38,1.28,32.31,66.51,0,6.14,LOW_RISK,HIGH
3.71,3.5,35.79,80.91,0,16.06,LOW_RISK,HIGH
3.23,6.1,15.86,36.25,0,12.28,LOW_RISK,HIGH
14.01,9.27,32.77,82.94,0,34.21,LOW_RISK,HIGH
4.34,6.58,25.69,67.69,0,19.0,LOW_RISK,HIGH
29.38,18.32,20.79,34.3,1,65.18,HIGH_RISK,LOW
22.84,8.41,33.03,68.55,0,34.4,LOW_RISK,HIGH
13.51,1.2,22.16,76.07,0,8.85,LOW_RISK,HIGH
7.97,6.28,29.59,48.87,0,8.76,LOW_RISK,HIGH
24.93,18.66,16.42,89.28,0,48.43,MEDIUM_RISK,MEDIUM
9.0,14.3,30.43,78.4,0,36.1,MEDIUM_RISK,MEDIUM
31.61,13.76,34.69,57.66,0,37.89,MEDIUM_RISK,MEDIUM
25.6,2.81,30.24,42.02,0,25.8,LOW_RISK,HIGH
50.86,3.38,32.78,69.48,1,63.4,HIGH_RISK,LOW
21.77,1.0,10.75,82.61,0,24.7,LOW_RISK,HIGH
15.37,1.58,25.53,96.53,0,24.82,LOW_RISK,HIGH
51.81,12.85,22.78,50.45,0,54.63,MEDIUM_RISK,MEDIUM
44.71,11.06,26.38,62.78,0,46.01,MEDIUM_RISK,MEDIUM
27.54,12.56,31.21,51.82,1,47.34,MEDIUM_RISK,MEDIUM
38.13,2.12,29.58,46.57,0,34.44,LOW_RISK,HIGH
20.42,0.96,21.87,60.42,0,11.06,LOW_RISK,HIGH
18.19,0.47,29.14,84.57,0,19.81,LOW_RISK,HIGH
35.33,8.83,33.02,93.99,0,55.65,HIGH_RISK,LOW
4.6,4.23,31.79,85.47,0,20.48,LOW_RISK,HIGH
45.11,2.26,16.85,65.39,0,33.03,LOW_RISK,HIGH
32.68,2.68,29.18,89.97,0,51.9,MEDIUM_RISK,MEDIUM
21.1,2.75,26.48,53.42,0,26.26,LOW_RISK,HIGH
14.01,9.2,36.14,44.41,0,19.0,LOW_RISK,HIGH
52.5,5.88,11.08,68.85,1,59.23,HIGH_RISK,LOW
10.7,4.39,31.05,46.95,0,12.18,LOW_RISK,HIGH
10.05,12.36,30.89,66.38,0,25.77,LOW_RISK,HIGH
25.02,2.44,19.1,55.2,0,20.4,LOW_RISK,HIGH
44.02,2.61,36.3,31.74,0,36.6,MEDIUM_RISK,MEDIUM
8.31,6.29,39.56,32.9,0,18.24,LOW_RISK,HIGH
25.27,3.1,31.58,82.93,0,21.02,LOW_RISK,HIGH
23.84,1.24,23.53,67.33,0,12.83,LOW_RISK,HIGH
24.51,15.22,25.58,30.67,1,52.57,MEDIUM_RISK,MEDIUM
18.51,7.04,36.79,55.2,0,24.11,LOW_RISK,HIGH
28.43,1.02,19.69,48.83,0,14.2,LOW_RISK,HIGH
13.13,12.85,28.8,57.44,0,28.8,LOW_RISK,HIGH
31.6,7.66,31.69,81.34,0,42.69,MEDIUM_RISK,MEDIUM
12.15,9.01,29.82,74.35,0,29.56,LOW_RISK,HIGH
59.3,5.03,33.15,32.43,1,60.79,HIGH_RISK,LOW
21.36,5.51,22.43,94.51,0,37.22,MEDIUM_RISK,MEDIUM
23.9,0.81,31.47,63.33,0,14.18,LOW_RISK,HIGH
10.61,4.3,18.3,48.28,0,7.03,LOW_RISK,HIGH
14.56,11.46,17.29,81.13,0,26.51,LOW_RISK,HIGH
24.65,10.9,27.51,98.36,0,41.94,MEDIUM_RISK,MEDIUM
9.99,7.44,29.38,41.7,0,7.98,LOW_RISK,HIGH
54.99,2.3,36.29,100.0,0,47.85,MEDIUM_RISK,MEDIUM
23.43,2.66,16.93,34.84,0,24.82,LOW_RISK,HIGH
14.31,2.78,23.86,90.16,1,40.39,MEDIUM_RISK,MEDIUM
20.04,6.69,28.49,100.0,0,37.08,MEDIUM_RISK,MEDIUM
15.89,10.65,28.61,54.89,0,34.38,LOW_RISK,HIGH
58.1,7.78,25.68,69.12,1,59.03,HIGH_RISK,LOW
14.59,3.55,41.2,80.9,0,14.99,LOW_RISK,HIGH
6.11,1.29,20.39,52.43,0,13.93,LOW_RISK,HIGH
17.34,5.95,22.89,100.0,1,44.32,MEDIUM_RISK,MEDIUM
29.57,7.86,18.44,70.13,0,30.21,LOW_RISK,HIGH
22.08,5.43,26.61,44.28,0,14.99,LOW_RISK,HIGH
23.93,11.15,40.24,64.9,0,35.13,MEDIUM_RISK,MEDIUM
5.86,15.8,33.52,45.03,1,37.4,MEDIUM_RISK,MEDIUM
5.65,5.64,31.51,60.33,0,17.94,LOW_RISK,HIGH
10.89,4.61,26.98,26.8,0,15.94,LOW_RISK,HIGH
16.18,17.52,24.82,57.39,0,42.7,MEDIUM_RISK,MEDIUM
22.31,5.21,18.54,86.21,0,39.22,MEDIUM_RISK,MEDIUM
20.46,8.57,24.83,66.08,0,31.9,LOW_RISK,HIGH
32.72,4.98,19.41,67.98,0,36.53,MEDIUM_RISK,MEDIUM
18.89,10.86,21.5,65.63,0,26.64,LOW_RISK,HIGH
24.49,2.3,23.57,51.62,0,23.1,LOW_RISK,HIGH
17.97,3.72,36.3,95.52,1,45.84,MEDIUM_RISK,MEDIUM
39.35,11.98,23.8,56.14,0,48.56,MEDIUM_RISK,MEDIUM
17.47,8.64,23.68,56.02,0,25.43,LOW_RISK,HIGH
14.03,5.99,36.31,90.76,0,21.99,LOW_RISK,HIGH
35.11,31.5,28.04,85.78,0,61.46,HIGH_RISK,LOW
25.74,4.11,40.11,68.6,0,30.37,LOW_RISK,HIGH
11.72,9.46,30.89,93.48,0,31.8,LOW_RISK,HIGH
28.05,3.03,15.42,64.53,0,29.74,LOW_RISK,HIGH
19.08,0.95,16.75,68.42,0,18.77,LOW_RISK,HIGH
25.48,18.51,38.83,71.67,0,47.85,MEDIUM_RISK,MEDIUM
14.9,1.51,18.3,93.02,0,12.25,LOW_RISK,HIGH
6.53,11.87,14.24,93.13,0,27.98,LOW_RISK,HIGH
31.93,3.18,14.54,100.0,0,39.44,MEDIUM_RISK,MEDIUM
12.79,8.3,35.33,37.02,0,12.55,LOW_RISK,HIGH
18.03,6.93,30.18,67.33,0,23.23,LOW_RISK,HIGH
10.76,1.83,30.07,71.38,0,12.62,LOW_RISK,HIGH
73.08,0.75,18.58,60.26,1,53.38,MEDIUM_RISK,MEDIUM
55.59,12.33,21.5,48.87,0,47.74,MEDIUM_RISK,MEDIUM
27.63,3.16,35.91,69.35,0,23.16,LOW_RISK,HIGH
35.91,4.33,36.52,70.57,0,29.57,LOW_RISK,HIGH
20.9,6.65,17.45,97.06,1,50.86,MEDIUM_RISK,MEDIUM
17.74,2.47,33.27,52.58,0,27.42,LOW_RISK,HIGH
21.16,7.82,20.05,60.46,0,23.71,LOW_RISK,HIGH
3.22,13.07,22.65,76.88,0,31.32,LOW_RISK,HIGH
30.07,11.63,19.45,82.24,0,47.23,MEDIUM_RISK,MEDIUM
36.55,1.84,20.82,66.83,0,25.46,LOW_RISK,HIGH
65.17,6.05,19.94,66.92,0,46.65,MEDIUM_RISK,MEDIUM
26.8,5.5,17.52,100.0,0,35.98,MEDIUM_RISK,MEDIUM
19.58,3.6,20.45,57.33,0,17.17,LOW_RISK,HIGH
52.33,1.56,34.73,61.88,0,38.26,MEDIUM_RISK,MEDIUM
21.34,17.43,13.78,63.43,0,40.72,MEDIUM_RISK,MEDIUM
26.04,3.82,39.77,64.47,0,20.4,LOW_RISK,HIGH
10.6,5.71,28.97,100.0,0,25.26,LOW_RISK,HIGH
9.05,3.6,30.85,74.35,0,20.41,LOW_RISK,HIGH
9.06,13.58,27.19,54.04,0,27.11,LOW_RISK,HIGH
18.09,1.38,25.93,81.8,0,19.14,LOW_RISK,HIGH
33.28,2.73,28.83,73.58,0,44.05,MEDIUM_RISK,MEDIUM
55.92,3.68,14.72,70.93,0,52.47,MEDIUM_RISK,MEDIUM
42.72,11.36,35.74,83.54,0,55.31,HIGH_RISK,LOW
62.68,3.0,28.41,70.66,1,70.71,HIGH_RISK,LOW
21.98,1.44,22.15,43.65,0,11.49,LOW_RISK,HIGH
15.44,4.29,28.21,87.3,0,41.81,MEDIUM_RISK,MEDIUM
49.15,13.3,17.33,33.4,1,65.27,HIGH_RISK,LOW
36.63,4.18,20.57,58.58,0,34.87,LOW_RISK,HIGH
8.71,0.49,33.19,41.15,0,10.46,LOW_RISK,HIGH
11.4,9.96,13.01,93.7,1,57.37,HIGH_RISK,LOW
52.84,5.17,21.29,46.9,1,46.32,MEDIUM_RISK,MEDIUM
19.57,2.01,36.38,54.43,0,26.48,LOW_RISK,HIGH
5.57,3.03,25.95,83.34,0,24.06,LOW_RISK,HIGH
33.15,4.68,5.0,37.19,0,39.37,MEDIUM_RISK,MEDIUM
48.64,2.77,17.33,56.25,0,39.76,MEDIUM_RISK,MEDIUM
22.26,20.04,37.57,65.95,0,40.25,MEDIUM_RISK,MEDIUM
13.15,2.59,20.5,53.15,0,16.62,LOW_RISK,HIGH
16.21,1.71,22.39,51.13,0,17.9,LOW_RISK,HIGH
33.49,3.67,29.03,100.0,0,41.18,MEDIUM_RISK,MEDIUM
25.13,5.52,33.27,74.92,0,27.39,LOW_RISK,HIGH
9.79,5.94,26.3,76.19,1,37.6,MEDIUM_RISK,MEDIUM
17.52,6.24,15.75,72.01,0,35.03,MEDIUM_RISK,MEDIUM
16.75,9.84,38.36,58.06,0,32.17,LOW_RISK,HIGH
10.49,14.27,29.93,53.91,0,21.56,LOW_RISK,HIGH
56.95,0.56,24.63,100.0,0,40.04,MEDIUM_RISK,MEDIUM
40.11,4.18,21.81,58.18,0,35.24,MEDIUM_RISK,MEDIUM
26.04,7.52,26.05,95.21,0,29.44,LOW_RISK,HIGH
18.29,9.62,31.64,78.37,0,32.04,LOW_RISK,HIGH
7.84,4.89,20.51,64.21,0,14.78,LOW_RISK,HIGH
47.34,9.97,36.92,55.77,1,69.35,HIGH_RISK,LOW
30.73,0.81,27.46,71.93,0,27.35,LOW_RISK,HIGH
7.92,9.54,34.48,88.2,0,41.93,MEDIUM_RISK,MEDIUM
24.11,6.25,28.7,56.68,0,20.68,LOW_RISK,HIGH
40.01,10.2,21.9,60.37,0,42.87,MEDIUM_RISK,MEDIUM
34.48,5.9,27.09,72.44,0,37.18,MEDIUM_RISK,MEDIUM
38.63,18.87,38.08,83.0,0,61.56,HIGH_RISK,LOW
12.55,1.91,25.41,43.43,0,4.54,LOW_RISK,HIGH
29.09,5.4,23.32,92.5,0,31.33,LOW_RISK,HIGH
11.15,1.76,17.23,45.43,0,0.0,LOW_RISK,HIGH
17.76,10.78,33.33,90.54,0,49.89,MEDIUM_RISK,MEDIUM
60.59,2.56,33.45,72.01,0,52.8,MEDIUM_RISK,MEDIUM
51.69,2.37,21.68,63.14,0,39.02,MEDIUM_RISK,MEDIUM
31.46,13.0,23.44,79.53,0,48.72,MEDIUM_RISK,MEDIUM
29.33,10.43,45.0,34.03,0,36.95,MEDIUM_RISK,MEDIUM
27.78,1.21,7.41,81.05,0,25.46,LOW_RISK,HIGH
19.4,3.9,17.22,100.0,0,34.41,LOW_RISK,HIGH
25.55,5.75,42.71,67.74,0,22.3,LOW_RISK,HIGH
22.49,8.1,37.53,67.15,0,30.77,LOW_RISK,HIGH
18.6,10.0,27.1,78.65,0,33.14,LOW_RISK,HIGH
31.95,1.26,17.02,63.47,0,26.63,LOW_RISK,HIGH
47.8,6.1,30.37,40.57,0,46.89,MEDIUM_RISK,MEDIUM
15.56,3.23,32.05,86.89,0,31.6,LOW_RISK,HIGH
22.32,14.6,32.8,68.69,0,37.13,MEDIUM_RISK,MEDIUM
43.55,8.59,21.93,51.07,1,51.88,MEDIUM_RISK,MEDIUM
46.28,22.27,34.29,69.47,0,60.21,HIGH_RISK,LOW
10.12,6.82,29.54,90.26,1,35.72,MEDIUM_RISK,MEDIUM
12.17,2.93,21.65,81.88,0,24.6,LOW_RISK,HIGH
15.21,1.14,23.5,100.0,1,38.85,MEDIUM_RISK,MEDIUM
6.35,12.14,22.5,63.29,0,26.92,LOW_RISK,HIGH
23.28,9.65,19.43,33.34,0,35.7,MEDIUM_RISK,MEDIUM
28.96,15.18,32.39,95.11,1,68.51,HIGH_RISK,LOW
75.94,3.72,15.29,55.7,0,50.5,MEDIUM_RISK,MEDIUM
19.37,6.89,35.82,41.18,0,22.3,LOW_RISK,HIGH
56.9,4.94,31.53,69.83,1,59.43,HIGH_RISK,LOW
49.39,2.33,36.9,21.96,1,58.23,HIGH_RISK,LOW
29.54,1.94,31.05,83.97,0,21.91,LOW_RISK,HIGH
7.41,5.7,28.18,72.1,0,21.47,LOW_RISK,HIGH
36.91,2.69,22.12,54.07,0,34.76,LOW_RISK,HIGH
20.67,4.02,31.7,22.91,0,24.45,LOW_RISK,HIGH
20.8,1.12,24.39,97.75,0,23.71,LOW_RISK,HIGH
54.59,11.71,27.65,55.98,1,64.22,HIGH_RISK,LOW
12.62,2.76,26.02,64.06,0,14.63,LOW_RISK,HIGH
15.34,8.84,40.06,70.69,0,50.11,MEDIUM_RISK,MEDIUM
22.65,3.78,8.27,70.95,0,36.82,MEDIUM_RISK,MEDIUM
44.29,3.04,24.2,81.12,0,41.75,MEDIUM_RISK,MEDIUM
31.21,7.51,22.35,92.11,0,56.04,HIGH_RISK,LOW
17.43,1.55,19.2,20.0,0,10.48,LOW_RISK,HIGH
20.13,6.86,31.01,65.69,0,19.22,LOW_RISK,HIGH
24.5,0.93,36.86,92.89,0,27.36,LOW_RISK,HIGH
36.92,7.33,37.74,67.83,0,33.28,LOW_RISK,HIGH
35.95,7.6,20.82,50.2,0,31.46,LOW_RISK,HIGH
12.33,8.51,25.76,44.48,0,18.68,LOW_RISK,HIGH
5.65,3.23,20.92,76.77,0,17.53,LOW_RISK,HIGH
10.99,15.19,18.95,89.45,1,62.6,HIGH_RISK,LOW
11.63,1.42,38.79,64.28,0,10.66,LOW_RISK,HIGH
9.55,13.32,34.47,57.56,0,26.33,LOW_RISK,HIGH
33.57,5.49,33.48,44.23,0,34.76,LOW_RISK,HIGH
39.36,31.86,35.84,66.97,0,57.68,HIGH_RISK,LOW
11.87,9.6,32.57,43.71,1,39.38,MEDIUM_RISK,MEDIUM
12.75,9.01,36.94,80.7,0,33.5,LOW_RISK,HIGH
20.02,3.96,23.0,97.39,0,30.57,LOW_RISK,HIGH
30.98,18.08,19.52,79.41,1,79.29,HIGH_RISK,LOW
54.07,6.25,38.1,50.43,0,44.23,MEDIUM_RISK,MEDIUM
6.03,3.64,35.06,57.97,1,30.38,LOW_RISK,HIGH
10.1,4.41,14.91,75.94,0,17.75,LOW_RISK,HIGH
25.17,2.6,23.69,32.06,0,18.39,LOW_RISK,HIGH
13.9,10.48,31.7,80.47,0,24.61,LOW_RISK,HIGH
40.19,2.76,27.89,40.18,0,35.49,MEDIUM_RISK,MEDIUM
15.14,19.99,17.16,60.68,1,60.22,HIGH_RISK,LOW
26.52,3.83,33.32,65.14,0,21.67,LOW_RISK,HIGH
9.37,9.67,38.28,79.79,0,38.52,MEDIUM_RISK,MEDIUM
33.41,0.99,19.24,85.64,0,40.22,MEDIUM_RISK,MEDIUM
26.12,3.14,32.04,59.99,0,18.76,LOW_RISK,HIGH
21.06,21.82,12.49,92.84,1,69.29,HIGH_RISK,LOW
47.38,10.63,23.4,67.66,0,48.82,MEDIUM_RISK,MEDIUM
49.24,7.27,18.98,59.29,1,56.39,HIGH_RISK,LOW
21.31,7.13,25.49,54.42,0,20.92,LOW_RISK,HIGH
22.01,2.34,14.75,100.0,0,42.9,MEDIUM_RISK,MEDIUM
33.24,4.64,15.64,57.41,0,33.88,LOW_RISK,HIGH
40.86,9.57,30.52,67.1,0,45.15,MEDIUM_RISK,MEDIUM
44.4,2.82,14.16,49.27,0,31.97,LOW_RISK,HIGH
41.44,4.68,33.66,21.31,0,36.55,MEDIUM_RISK,MEDIUM
14.38,5.35,25.64,68.18,0,15.22,LOW_RISK,HIGH
15.14,11.63,32.22,58.0,0,35.3,MEDIUM_RISK,MEDIUM
14.88,1.74,36.06,61.98,0,4.94,LOW_RISK,HIGH
31.98,20.58,17.45,72.68,1,70.96,HIGH_RISK,LOW
16.4,2.32,40.69,53.09,0,25.31,LOW_RISK,HIGH
30.69,3.39,24.68,30.87,0,22.57,LOW_RISK,HIGH
8.03,1.39,20.16,66.4,0,5.99,LOW_RISK,HIGH
31.46,5.11,29.55,74.53,0,44.08,MEDIUM_RISK,MEDIUM
10.74,6.11,18.31,70.47,0,17.18,LOW_RISK,HIGH
10.97,7.7,20.6,100.0,0,23.04,LOW_RISK,HIGH
10.7,10.47,14.13,24.51,1,41.19,MEDIUM_RISK,MEDIUM
33.23,13.42,16.01,62.22,1,63.22,HIGH_RISK,LOW
21.08,4.05,39.9,65.49,0,31.05,LOW_RISK,HIGH
17.83,9.47,31.11,42.72,0,26.52,LOW_RISK,HIGH
30.78,6.31,30.22,43.36,0,32.99,LOW_RISK,HIGH
9.18,7.7,29.51,20.15,0,14.24,LOW_RISK,HIGH
7.14,4.21,30.48,61.79,0,12.64,LOW_RISK,HIGH
13.57,9.14,19.76,63.7,0,22.79,LOW_RISK,HIGH
28.93,4.72,25.66,72.33,0,16.43,LOW_RISK,HIGH
12.08,1.77,27.01,74.41,0,13.73,LOW_RISK,HIGH
26.53,5.52,34.12,47.34,0,15.24,LOW_RISK,HIGH
29.31,2.36,32.65,82.83,0,29.1,LOW_RISK,HIGH
25.78,7.78,33.21,63.82,0,22.37,LOW_RISK,HIGH
71.46,9.83,30.32,60.42,0,49.92,MEDIUM_RISK,MEDIUM
32.62,7.69,25.85,71.31,0,43.04,MEDIUM_RISK,MEDIUM
71.66,20.45,17.45,55.8,1,77.74,HIGH_RISK,LOW
65.94,4.65,22.29,39.43,0,49.76,MEDIUM_RISK,MEDIUM
18.1,11.91,33.02,68.95,0,36.28,MEDIUM_RISK,MEDIUM
29.49,5.5,9.63,41.34,0,17.65,LOW_RISK,HIGH
4.1,6.38,20.42,60.46,0,9.56,LOW_RISK,HIGH
8.74,6.04,11.76,59.99,0,10.37,LOW_RISK,HIGH
3.2,21.2,30.96,36.45,0,30.88,LOW_RISK,HIGH
25.76,9.97,22.93,69.33,0,26.81,LOW_RISK,HIGH
33.26,14.64,11.31,100.0,0,59.01,HIGH_RISK,LOW
34.83,3.61,45.0,39.78,0,35.91,MEDIUM_RISK,MEDIUM
2.47,5.85,15.87,67.26,0,15.43,LOW_RISK,HIGH
6.91,14.55,31.22,68.15,0,24.39,LOW_RISK,HIGH
20.6,7.61,32.35,72.51,0,26.74,LOW_RISK,HIGH
44.31,6.69,30.91,67.42,0,37.12,MEDIUM_RISK,MEDIUM
21.02,13.51,35.7,69.71,0,40.72,MEDIUM_RISK,MEDIUM
28.83,1.02,31.19,58.18,0,12.56,LOW_RISK,HIGH
7.69,13.26,26.66,57.45,0,18.96,LOW_RISK,HIGH
13.07,10.91,18.45,89.21,0,33.64,LOW_RISK,HIGH
31.15,17.63,30.63,35.09,0,46.05,MEDIUM_RISK,MEDIUM
24.97,5.66,30.72,48.39,1,32.09,LOW_RISK,HIGH
80.0,4.75,19.34,66.86,0,51.91,MEDIUM_RISK,MEDIUM
21.85,3.77,31.51,67.39,0,23.37,LOW_RISK,HIGH
21.93,9.96,27.06,66.6,0,34.24,LOW_RISK,HIGH
21.96,11.56,14.92,67.1,0,30.41,LOW_RISK,HIGH
14.31,1.52,33.56,41.0,0,6.03,LOW_RISK,HIGH
15.95,4.32,23.85,100.0,0,31.61,LOW_RISK,HIGH
40.86,2.03,11.6,76.08,0,39.27,MEDIUM_RISK,MEDIUM
19.98,1.72,11.53,69.35,0,20.95,LOW_RISK,HIGH
42.39,4.38,39.42,72.63,0,45.53,MEDIUM_RISK,MEDIUM
24.2,12.1,29.83,69.17,1,43.77,MEDIUM_RISK,MEDIUM
14.53,4.46,28.18,47.87,0,14.54,LOW_RISK,HIGH
44.48,2.51,10.85,73.85,0,35.91,MEDIUM_RISK,MEDIUM
50.2,3.89,11.09,62.18,1,56.24,HIGH_RISK,LOW
21.49,9.12,16.68,67.57,0,34.79,LOW_RISK,HIGH
54.6,1.07,24.6,37.59,0,37.93,MEDIUM_RISK,MEDIUM
3.68,2.49,26.59,86.34,0,25.98,LOW_RISK,HIGH
12.16,3.29,36.06,100.0,0,20.89,LOW_RISK,HIGH
9.0,18.07,27.03,55.21,1,43.14,MEDIUM_RISK,MEDIUM
14.81,10.62,17.28,57.44,0,23.5,LOW_RISK,HIGH
17.79,27.17,34.17,65.96,0,40.66,MEDIUM_RISK,MEDIUM
24.5,3.55,17.81,100.0,0,33.78,LOW_RISK,HIGH
2.09,5.24,31.27,60.57,0,11.18,LOW_RISK,HIGH
42.38,19.45,21.31,53.5,1,68.71,HIGH_RISK,LOW
12.57,9.18,28.41,71.6,0,25.72,LOW_RISK,HIGH
8.29,8.64,19.54,74.07,0,32.83,LOW_RISK,HIGH
37.21,16.32,27.46,62.16,1,66.74,HIGH_RISK,LOW
6.05,5.59,34.82,37.28,0,11.85,LOW_RISK,HIGH
44.48,4.4,39.48,52.32,1,56.7,HIGH_RISK,LOW
49.54,6.73,30.29,36.72,0,42.03,MEDIUM_RISK,MEDIUM
4.63,15.24,29.54,43.26,1,37.02,MEDIUM_RISK,MEDIUM
14.53,4.01,31.89,40.44,0,11.36,LOW_RISK,HIGH
2.2,8.32,38.73,82.07,0,27.95,LOW_RISK,HIGH
29.53,9.19,27.57,51.22,0,27.39,LOW_RISK,HIGH
33.46,0.27,33.91,45.93,0,24.77,LOW_RISK,HIGH
38.19,7.22,19.35,82.59,0,40.06,MEDIUM_RISK,MEDIUM
7.98,5.33,35.64,72.84,0,23.82,LOW_RISK,HIGH
15.97,5.13,35.69,83.28,0,32.4,LOW_RISK,HIGH
14.25,23.11,37.19,86.79,1,54.07,MEDIUM_RISK,MEDIUM
20.32,2.59,14.95,100.0,0,34.8,LOW_RISK,HIGH
35.9,6.34,27.8,84.12,0,40.84,MEDIUM_RISK,MEDIUM
19.42,14.65,12.12,84.66,0,37.67,MEDIUM_RISK,MEDIUM
15.06,8.24,25.78,83.68,0,49.53,MEDIUM_RISK,MEDIUM
44.08,0.79,25.54,68.48,0,22.28,LOW_RISK,HIGH
7.52,2.0,27.09,67.42,0,10.28,LOW_RISK,HIGH
15.4,11.38,24.52,67.55,0,32.34,LOW_RISK,HIGH
35.89,4.73,34.76,50.48,0,27.41,LOW_RISK,HIGH
13.71,2.26,33.31,58.99,0,8.93,LOW_RISK,HIGH
0.79,9.54,33.34,70.72,0,30.43,LOW_RISK,HIGH
28.8,10.02,34.54,58.85,0,39.89,MEDIUM_RISK,MEDIUM
3.2,14.92,22.37,48.08,0,23.59,LOW_RISK,HIGH
17.38,4.08,27.19,70.63,0,30.9,LOW_RISK,HIGH
18.56,13.9,25.77,53.47,0,33.13,LOW_RISK,HIGH
33.0,8.82,23.83,70.81,0,48.39,MEDIUM_RISK,MEDIUM
5.57,7.13,30.8,57.11,0,21.74,LOW_RISK,HIGH
27.0,6.05,33.7,86.14,0,35.13,MEDIUM_RISK,MEDIUM
19.51,8.24,27.44,99.99,0,49.98,MEDIUM_RISK,MEDIUM
46.07,1.72,12.63,69.92,1,54.99,MEDIUM_RISK,MEDIUM
26.17,0.83,28.97,68.74,1,25.61,LOW_RISK,HIGH
29.28,8.43,19.61,70.08,0,36.49,MEDIUM_RISK,MEDIUM
20.75,7.6,19.96,82.38,0,29.38,LOW_RISK,HIGH
60.61,4.84,24.85,43.09,1,63.06,HIGH_RISK,LOW
10.85,0.49,25.26,66.86,0,2.82,LOW_RISK,HIGH
28.09,4.32,29.09,20.0,0,20.07,LOW_RISK,HIGH
29.81,7.55,36.73,60.02,0,21.97,LOW_RISK,HIGH
36.11,7.63,42.61,100.0,0,50.76,MEDIUM_RISK,MEDIUM
21.12,3.57,43.4,74.19,0,36.33,MEDIUM_RISK,MEDIUM
8.83,9.77,27.75,72.44,0,30.58,LOW_RISK,HIGH
6.04,7.28,36.53,65.74,0,23.86,LOW_RISK,HIGH
5.92,2.94,28.93,83.67,0,20.22,LOW_RISK,HIGH
6.16,6.58,22.05,70.13,1,37.96,MEDIUM_RISK,MEDIUM
28.96,2.65,36.37,87.21,1,47.94,MEDIUM_RISK,MEDIUM
15.42,11.58,35.45,100.0,1,62.36,HIGH_RISK,LOW
9.77,9.54,15.28,84.93,0,31.43,LOW_RISK,HIGH
44.43,5.91,21.11,97.78,0,47.68,MEDIUM_RISK,MEDIUM
24.12,13.07,21.75,57.52,0,34.86,LOW_RISK,HIGH
7.09,11.78,30.68,86.13,0,29.79,LOW_RISK,HIGH
31.72,15.23,17.33,80.08,1,73.11,HIGH_RISK,LOW
16.72,13.54,27.0,62.19,0,28.42,LOW_RISK,HIGH
55.6,6.05,15.91,77.27,0,42.83,MEDIUM_RISK,MEDIUM
3.33,8.03,27.97,66.38,0,21.89,LOW_RISK,HIGH
15.11,2.02,16.04,57.99,0,22.31,LOW_RISK,HIGH
43.34,8.42,28.64,76.83,0,44.44,MEDIUM_RISK,MEDIUM
13.8,9.99,28.56,83.41,0,21.98,LOW_RISK,HIGH
10.35,9.14,34.16,83.44,0,33.02,LOW_RISK,HIGH
17.45,5.7,25.79,72.64,0,28.64,LOW_RISK,HIGH
39.1,12.14,28.65,30.15,0,40.14,MEDIUM_RISK,MEDIUM
39.59,0.42,41.22,68.3,0,33.4,LOW_RISK,HIGH
8.93,28.55,31.21,66.16,0,32.9,LOW_RISK,HIGH
10.75,11.65,17.61,42.06,0,22.72,LOW_RISK,HIGH
16.7,4.04,18.37,64.61,0,15.14,LOW_RISK,HIGH
35.01,7.11,17.59,86.09,0,50.14,MEDIUM_RISK,MEDIUM
20.55,12.22,30.6,64.11,0,29.34,LOW_RISK,HIGH
21.46,2.3,10.36,83.26,0,30.85,LOW_RISK,HIGH
26.59,16.32,17.65,100.0,1,70.46,HIGH_RISK,LOW
24.04,1.15,28.5,76.1,0,19.08,LOW_RISK,HIGH
35.56,2.79,29.33,83.22,0,40.38,MEDIUM_RISK,MEDIUM
10.34,14.29,23.93,30.93,0,11.2,LOW_RISK,HIGH
33.27,2.8,17.24,76.82,0,36.03,MEDIUM_RISK,MEDIUM
11.94,5.62,25.35,58.7,0,18.87,LOW_RISK,HIGH
33.07,6.73,25.06,27.33,0,33.57,LOW_RISK,HIGH
37.66,17.55,26.23,51.56,0,51.1,MEDIUM_RISK,MEDIUM
12.74,7.42,16.1,100.0,0,25.44,LOW_RISK,HIGH
30.77,8.52,10.38,32.07,0,47.6,MEDIUM_RISK,MEDIUM
43.7,2.64,23.74,43.17,0,29.84,LOW_RISK,HIGH
24.64,14.28,24.8,63.19,0,34.89,LOW_RISK,HIGH
25.08,3.62,32.26,40.77,0,25.44,LOW_RISK,HIGH
21.12,5.29,27.73,76.8,0,30.17,LOW_RISK,HIGH
41.06,5.65,27.47,89.41,0,46.99,MEDIUM_RISK,MEDIUM
6.08,2.4,40.69,88.68,0,26.67,LOW_RISK,HIGH
11.27,6.0,35.45,78.14,0,23.43,LOW_RISK,HIGH
18.82,5.48,34.51,100.0,1,46.06,MEDIUM_RISK,MEDIUM
16.08,12.63,21.04,45.54,1,48.07,MEDIUM_RISK,MEDIUM
41.66,5.36,45.0,100.0,1,66.96,HIGH_RISK,LOW
22.34,16.04,22.46,81.81,0,45.22,MEDIUM_RISK,MEDIUM
31.17,4.08,24.62,71.02,0,44.01,MEDIUM_RISK,MEDIUM
1.77,2.87,31.32,99.24,0,27.95,LOW_RISK,HIGH
21.07,5.86,23.96,74.56,0,27.93,LOW_RISK,HIGH
16.45,9.81,27.41,78.11,0,34.94,LOW_RISK,HIGH
49.48,6.93,25.81,44.52,1,50.18,MEDIUM_RISK,MEDIUM
24.69,8.84,21.08,71.54,0,40.61,MEDIUM_RISK,MEDIUM
12.35,3.0,36.46,67.18,0,11.06,LOW_RISK,HIGH
21.63,9.02,26.93,51.42,0,32.33,LOW_RISK,HIGH
13.73,4.61,24.72,70.44,0,16.23,LOW_RISK,HIGH
15.14,1.86,38.39,23.04,0,17.75,LOW_RISK,HIGH
21.08,5.27,31.91,64.44,0,24.44,LOW_RISK,HIGH
16.98,5.9,24.49,46.8,0,28.83,LOW_RISK,HIGH
36.36,21.26,12.21,83.96,0,57.27,HIGH_RISK,LOW
27.93,1.99,31.27,46.22,0,13.51,LOW_RISK,HIGH
17.75,14.88,29.57,66.94,0,32.35,LOW_RISK,HIGH
3.95,6.33,9.74,62.66,0,19.65,LOW_RISK,HIGH
20.74,6.27,16.71,71.08,0,28.9,LOW_RISK,HIGH
11.0,3.1,23.15,59.17,0,15.71,LOW_RISK,HIGH
37.88,5.88,33.92,66.41,0,35.59,MEDIUM_RISK,MEDIUM
36.71,9.45,12.88,73.0,0,50.36,MEDIUM_RISK,MEDIUM
11.85,4.66,27.45,53.82,0,13.31,LOW_RISK,HIGH
6.75,14.89,17.9,56.76,0,21.48,LOW_RISK,HIGH
20.57,19.08,13.37,65.58,0,38.77,MEDIUM_RISK,MEDIUM
33.09,8.64,10.29,49.88,0,41.68,MEDIUM_RISK,MEDIUM
5.03,1.77,30.07,63.0,0,4.9,LOW_RISK,HIGH
21.3,8.91,24.63,66.0,0,32.96,LOW_RISK,HIGH
32.11,5.94,28.96,75.87,0,41.91,MEDIUM_RISK,MEDIUM
14.5,6.73,33.98,74.24,0,20.72,LOW_RISK,HIGH
38.57,7.18,15.12,41.69,0,33.87,LOW_RISK,HIGH
29.37,20.82,16.28,94.96,1,66.6,HIGH_RISK,LOW
43.16,4.05,18.14,38.48,0,30.94,LOW_RISK,HIGH
31.58,17.21,23.98,54.41,0,60.37,HIGH_RISK,LOW
16.53,25.96,27.6,79.35,0,49.8,MEDIUM_RISK,MEDIUM
27.56,9.42,29.47,40.62,0,18.71,LOW_RISK,HIGH
12.47,3.81,31.79,84.59,0,11.53,LOW_RISK,HIGH
10.04,1.63,12.16,93.22,0,8.92,LOW_RISK,HIGH
20.77,10.66,24.19,46.66,0,25.38,LOW_RISK,HIGH
57.69,8.5,18.78,69.57,0,56.34,HIGH_RISK,LOW
34.83,4.03,28.21,50.11,0,37.98,MEDIUM_RISK,MEDIUM
30.01,10.81,19.51,89.94,0,50.49,MEDIUM_RISK,MEDIUM
13.25,4.5,33.78,49.99,0,15.04,LOW_RISK,HIGH
28.85,6.01,18.97,66.19,0,27.29,LOW_RISK,HIGH
80.0,3.09,30.18,33.2,0,39.65,MEDIUM_RISK,MEDIUM
1.53,7.26,36.84,69.54,0,16.54,LOW_RISK,HIGH
50.9,8.24,17.85,32.0,0,51.42,MEDIUM_RISK,MEDIUM
12.7,10.08,26.75,83.28,0,22.43,LOW_RISK,HIGH
16.89,1.21,43.59,78.9,1,36.67,MEDIUM_RISK,MEDIUM
34.9,1.33,13.17,44.92,0,35.77,MEDIUM_RISK,MEDIUM
28.32,2.88,16.64,80.05,0,28.32,LOW_RISK,HIGH
40.62,12.06,20.42,88.56,1,70.62,HIGH_RISK,LOW
8.82,6.81,12.7,84.11,0,25.57,LOW_RISK,HIGH
15.59,3.45,23.69,100.0,0,32.78,LOW_RISK,HIGH
29.4,2.5,25.75,43.93,0,15.97,LOW_RISK,HIGH
21.68,11.51,35.31,63.78,0,34.89,LOW_RISK,HIGH
28.1,2.65,29.82,51.06,0,32.67,LOW_RISK,HIGH
18.46,7.67,29.54,83.55,0,29.12,LOW_RISK,HIGH
33.55,2.87,27.14,61.75,0,34.67,LOW_RISK,HIGH
9.2,2.66,31.93,81.25,0,21.86,LOW_RISK,HIGH
66.87,5.12,27.66,60.57,0,48.56,MEDIUM_RISK,MEDIUM
16.71,1.21,30.88,54.02,0,12.71,LOW_RISK,HIGH
18.98,7.45,19.95,75.15,1,36.92,MEDIUM_RISK,MEDIUM
40.14,3.94,41.37,44.97,0,32.9,LOW_RISK,HIGH
42.09,9.11,25.73,70.77,1,65.21,HIGH_RISK,LOW
17.96,16.95,36.12,89.34,1,63.54,HIGH_RISK,LOW
47.11,3.51,27.44,54.93,0,40.32,MEDIUM_RISK,MEDIUM
31.62,1.59,28.42,59.35,0,26.62,LOW_RISK,HIGH
80.0,21.67,17.86,54.87,0,64.38,HIGH_RISK,LOW
21.53,2.41,25.68,100.0,0,23.47,LOW_RISK,HIGH
1.99,7.4,37.74,53.99,0,18.12,LOW_RISK,HIGH
15.5,7.53,26.79,99.17,0,29.62,LOW_RISK,HIGH
25.17,5.32,31.3,51.85,0,22.43,LOW_RISK,HIGH
18.47,11.05,29.75,79.07,0,42.15,MEDIUM_RISK,MEDIUM
43.84,5.24,26.29,100.0,0,42.73,MEDIUM_RISK,MEDIUM
33.98,3.79,16.12,67.56,0,39.43,MEDIUM_RISK,MEDIUM
8.37,7.28,33.4,92.13,0,31.09,LOW_RISK,HIGH
13.82,1.16,29.68,90.51,0,13.96,LOW_RISK,HIGH
22.71,5.6,44.64,88.74,0,36.7,MEDIUM_RISK,MEDIUM
33.33,0.92,12.22,72.78,0,35.91,MEDIUM_RISK,MEDIUM
12.94,7.52,20.18,74.65,0,22.82,LOW_RISK,HIGH
42.25,23.75,33.07,93.83,1,76.64,HIGH_RISK,LOW
29.94,5.09,29.16,62.95,0,23.43,LOW_RISK,HIGH
49.28,8.12,39.05,60.66,0,46.63,MEDIUM_RISK,MEDIUM
12.98,7.84,45.0,29.67,1,33.26,LOW_RISK,HIGH
26.8,2.76,32.58,76.75,1,39.81,MEDIUM_RISK,MEDIUM
79.79,9.65,15.75,43.6,0,67.26,HIGH_RISK,LOW
17.08,12.53,26.35,93.97,0,41.81,MEDIUM_RISK,MEDIUM
6.96,7.9,17.2,79.55,0,18.65,LOW_RISK,HIGH
55.58,0.36,35.47,80.13,0,35.37,MEDIUM_RISK,MEDIUM
68.26,6.5,36.03,41.77,0,45.94,MEDIUM_RISK,MEDIUM
28.19,8.34,20.15,74.18,0,37.12,MEDIUM_RISK,MEDIUM
36.57,27.2,37.09,53.72,0,62.04,HIGH_RISK,LOW
23.44,2.84,38.61,84.35,0,27.33,LOW_RISK,HIGH
24.77,7.17,27.3,72.99,0,31.97,LOW_RISK,HIGH
12.18,19.98,28.14,91.19,1,56.35,HIGH_RISK,LOW
25.62,2.83,32.5,45.94,0,17.15,LOW_RISK,HIGH
38.94,7.05,34.91,81.35,0,43.11,MEDIUM_RISK,MEDIUM
80.0,11.63,24.16,77.46,0,60.86,HIGH_RISK,LOW
35.22,8.28,25.6,49.89,0,42.97,MEDIUM_RISK,MEDIUM
29.99,2.4,19.36,84.23,0,28.73,LOW_RISK,HIGH
24.46,3.83,35.11,62.8,0,20.01,LOW_RISK,HIGH
38.56,2.32,25.46,58.29,0,39.58,MEDIUM_RISK,MEDIUM
27.74,12.93,23.43,48.71,0,30.56,LOW_RISK,HIGH
19.55,7.9,32.19,82.96,0,32.34,LOW_RISK,HIGH
21.36,7.75,34.7,93.16,0,33.05,LOW_RISK,HIGH
22.78,3.14,22.63,86.67,0,26.57,LOW_RISK,HIGH
45.22,9.4,15.44,39.17,0,44.75,MEDIUM_RISK,MEDIUM
14.52,11.13,31.24,66.87,0,28.9,LOW_RISK,HIGH
20.24,4.3,21.56,52.71,0,20.4,LOW_RISK,HIGH
8.66,14.07,39.68,56.66,0,18.62,LOW_RISK,HIGH
26.34,6.7,30.9,68.58,0,24.48,LOW_RISK,HIGH
16.38,3.79,40.89,47.72,0,17.56,LOW_RISK,HIGH
10.99,18.17,29.63,69.18,0,32.95,LOW_RISK,HIGH
29.18,7.33,28.53,68.18,0,24.77,LOW_RISK,HIGH
41.64,4.44,14.74,46.45,1,52.6,MEDIUM_RISK,MEDIUM
14.36,3.19,36.65,66.35,0,9.07,LOW_RISK,HIGH
22.31,6.47,27.06,64.27,0,20.46,LOW_RISK,HIGH
13.53,2.69,40.63,96.42,0,17.8,LOW_RISK,HIGH
7.14,5.63,23.37,87.67,0,23.55,LOW_RISK,HIGH
21.37,14.74,20.24,76.36,0,33.05,LOW_RISK,HIGH
31.16,9.11,14.95,95.23,0,51.65,MEDIUM_RISK,MEDIUM
28.59,0.54,18.17,81.58,0,8.43,LOW_RISK,HIGH
29.85,11.29,41.54,72.61,0,34.1,LOW_RISK,HIGH
14.31,3.85,39.29,93.68,0,29.36,LOW_RISK,HIGH
17.21,4.58,28.2,60.27,0,13.91,LOW_RISK,HIGH
14.16,31.61,30.04,90.18,1,64.37,HIGH_RISK,LOW
9.25,11.75,32.03,76.33,0,30.35,LOW_RISK,HIGH
25.12,9.29,27.42,73.73,0,41.7,MEDIUM_RISK,MEDIUM
33.28,11.85,26.94,53.08,0,48.18,MEDIUM_RISK,MEDIUM
36.79,9.86,15.33,84.58,0,53.54,MEDIUM_RISK,MEDIUM
20.61,11.18,38.31,74.01,0,35.51,MEDIUM_RISK,MEDIUM
17.85,21.66,28.8,63.29,0,44.37,MEDIUM_RISK,MEDIUM
24.16,0.3,24.05,55.72,0,17.13,LOW_RISK,HIGH
22.37,2.25,30.77,28.03,0,19.42,LOW_RISK,HIGH
13.25,4.27,18.04,57.48,0,18.0,LOW_RISK,HIGH
3.07,8.62,36.14,45.16,0,8.42,LOW_RISK,HIGH
24.9,9.64,34.27,86.47,1,56.05,HIGH_RISK,LOW
13.59,2.86,35.25,99.56,0,20.64,LOW_RISK,HIGH
27.54,8.27,28.53,85.81,0,41.15,MEDIUM_RISK,MEDIUM
26.51,0.71,34.88,20.0,0,7.87,LOW_RISK,HIGH
10.19,11.65,36.33,100.0,1,52.92,MEDIUM_RISK,MEDIUM
32.37,6.57,26.47,65.49,0,29.95,LOW_RISK,HIGH
8.95,5.02,37.25,70.22,0,25.48,LOW_RISK,HIGH
15.36,7.11,21.91,76.26,0,29.99,LOW_RISK,HIGH
17.38,7.1,19.94,75.67,0,30.59,LOW_RISK,HIGH
26.07,7.84,44.51,79.19,0,29.43,LOW_RISK,HIGH
17.93,0.95,18.08,54.67,0,11.64,LOW_RISK,HIGH
11.97,1.47,17.89,54.81,0,8.98,LOW_RISK,HIGH
21.68,9.06,22.92,63.47,0,35.16,MEDIUM_RISK,MEDIUM
33.01,6.56,26.24,69.68,0,34.87,LOW_RISK,HIGH
11.0,27.52,22.55,67.65,0,35.86,MEDIUM_RISK,MEDIUM
59.56,5.39,27.73,45.95,0,35.63,MEDIUM_RISK,MEDIUM
6.25,7.17,28.93,83.76,0,18.0,LOW_RISK,HIGH
17.55,5.7,24.0,86.08,0,24.87,LOW_RISK,HIGH
11.48,2.77,28.95,35.58,0,9.49,LOW_RISK,HIGH
21.22,5.0,32.84,68.27,0,27.6,LOW_RISK,HIGH
9.42,4.33,31.27,70.43,0,22.22,LOW_RISK,HIGH
10.98,2.71,19.93,75.03,0,14.74,LOW_RISK,HIGH
43.6,2.04,11.97,61.46,1,51.47,MEDIUM_RISK,MEDIUM
43.8,8.2,40.65,99.0,1,71.38,HIGH_RISK,LOW
22.22,3.23,36.2,50.29,0,19.69,LOW_RISK,HIGH
21.31,5.29,17.73,63.43,0,18.31,LOW_RISK,HIGH
16.72,7.5,31.29,66.84,0,20.69,LOW_RISK,HIGH
19.8,0.91,26.63,39.86,0,10.27,LOW_RISK,HIGH
21.56,9.35,25.98,30.81,0,26.16,LOW_RISK,HIGH
18.55,3.45,11.56,57.33,0,29.7,LOW_RISK,HIGH
3.11,2.48,25.43,67.75,0,14.46,LOW_RISK,HIGH
17.74,4.67,19.16,20.0,0,19.05,LOW_RISK,HIGH
9.05,6.14,29.53,90.49,0,20.69,LOW_RISK,HIGH
53.57,17.54,27.96,48.82,0,54.04,MEDIUM_RISK,MEDIUM
13.71,10.49,16.75,79.73,0,35.24,MEDIUM_RISK,MEDIUM
23.48,2.69,15.29,100.0,0,38.97,MEDIUM_RISK,MEDIUM
24.93,1.71,28.59,63.42,0,9.41,LOW_RISK,HIGH
48.39,10.61,18.26,62.27,1,71.64,HIGH_RISK,LOW
15.67,8.91,42.09,82.85,0,36.89,MEDIUM_RISK,MEDIUM
23.65,3.75,32.95,86.73,0,26.0,LOW_RISK,HIGH
15.71,3.18,23.8,78.35,0,27.48,LOW_RISK,HIGH
50.02,1.31,31.1,35.87,1,43.45,MEDIUM_RISK,MEDIUM
46.44,5.15,35.11,60.83,0,38.48,MEDIUM_RISK,MEDIUM
36.88,4.74,31.21,50.21,0,38.05,MEDIUM_RISK,MEDIUM
24.86,12.19,21.8,62.95,0,34.45,LOW_RISK,HIGH
17.57,1.69,17.24,70.53,0,25.36,LOW_RISK,HIGH
12.2,5.32,31.7,100.0,0,29.41,LOW_RISK,HIGH
5.88,11.42,7.61,61.85,0,34.88,LOW_RISK,HIGH
11.9,30.93,16.43,100.0,0,42.68,MEDIUM_RISK,MEDIUM
10.57,3.83,25.98,37.09,0,13.92,LOW_RISK,HIGH
65.01,2.83,27.66,91.01,1,70.53,HIGH_RISK,LOW
22.75,4.58,12.05,87.07,0,33.85,LOW_RISK,HIGH
7.92,2.05,28.47,40.71,0,14.41,LOW_RISK,HIGH
10.36,10.21,40.05,52.64,0,26.97,LOW_RISK,HIGH
16.76,1.92,20.4,81.05,0,20.31,LOW_RISK,HIGH
7.66,4.2,19.01,88.75,0,26.24,LOW_RISK,HIGH
46.54,12.4,16.42,63.89,1,70.81,HIGH_RISK,LOW
13.87,0.31,34.85,49.13,0,8.0,LOW_RISK,HIGH
4.54,2.56,24.26,20.0,0,4.98,LOW_RISK,HIGH
25.82,4.74,34.76,89.66,0,33.94,LOW_RISK,HIGH
4.64,6.65,20.97,57.26,0,14.5,LOW_RISK,HIGH
9.72,17.46,22.6,92.71,1,55.51,HIGH_RISK,LOW
7.09,1.01,25.86,41.69,1,18.54,LOW_RISK,HIGH
80.0,7.33,31.02,70.3,1,73.82,HIGH_RISK,LOW
11.41,14.67,36.24,97.59,0,32.1,LOW_RISK,HIGH
48.21,16.05,20.98,40.95,1,69.33,HIGH_RISK,LOW
3.04,5.7,28.11,85.08,0,25.49,LOW_RISK,HIGH
5.08,11.24,22.7,83.15,0,20.33,LOW_RISK,HIGH
23.22,5.81,42.47,37.26,0,23.79,LOW_RISK,HIGH
14.17,6.62,35.5,55.51,0,11.78,LOW_RISK,HIGH
18.67,18.85,34.31,87.1,0,51.01,MEDIUM_RISK,MEDIUM
51.1,1.48,27.36,62.37,1,52.98,MEDIUM_RISK,MEDIUM
16.04,6.08,31.41,95.76,0,32.1,LOW_RISK,HIGH
75.44,13.24,27.47,62.23,0,56.48,HIGH_RISK,LOW
17.1,19.15,30.39,90.31,1,67.09,HIGH_RISK,LOW
31.35,8.1,22.49,94.46,0,53.4,MEDIUM_RISK,MEDIUM
43.06,4.69,29.89,70.42,1,55.97,HIGH_RISK,LOW
11.28,5.2,41.08,55.56,0,17.91,LOW_RISK,HIGH
9.35,15.5,24.11,87.64,0,43.04,MEDIUM_RISK,MEDIUM
19.06,15.89,33.55,94.96,1,73.04,HIGH_RISK,LOW
18.18,8.57,26.98,87.71,1,64.56,HIGH_RISK,LOW
17.15,3.8,23.52,69.77,0,21.0,LOW_RISK,HIGH
29.07,2.45,23.07,99.26,0,35.11,MEDIUM_RISK,MEDIUM
7.25,6.35,34.65,80.69,0,13.37,LOW_RISK,HIGH
33.61,6.54,27.12,63.88,1,56.78,HIGH_RISK,LOW
32.98,8.77,29.02,80.72,0,52.41,MEDIUM_RISK,MEDIUM
10.14,1.77,31.05,79.21,0,15.88,LOW_RISK,HIGH
33.28,15.58,26.42,82.31,1,64.16,HIGH_RISK,LOW
23.55,3.04,37.94,91.37,1,47.54,MEDIUM_RISK,MEDIUM
38.01,9.12,18.95,86.65,1,69.74,HIGH_RISK,LOW
22.5,13.06,33.34,38.52,0,35.74,MEDIUM_RISK,MEDIUM
9.28,11.51,26.72,100.0,0,32.44,LOW_RISK,HIGH
41.81,2.73,29.3,31.23,0,38.57,MEDIUM_RISK,MEDIUM
17.52,10.99,36.59,99.16,0,39.58,MEDIUM_RISK,MEDIUM
39.85,7.56,26.28,64.5,0,35.37,MEDIUM_RISK,MEDIUM
31.1,1.77,40.72,60.49,0,29.2,LOW_RISK,HIGH
47.7,3.5,17.55,50.55,1,60.3,HIGH_RISK,LOW
34.83,13.68,18.51,65.75,0,41.57,MEDIUM_RISK,MEDIUM
48.92,6.57,25.52,90.95,0,48.33,MEDIUM_RISK,MEDIUM
5.76,2.87,44.83,50.34,0,16.28,LOW_RISK,HIGH
57.34,9.91,28.94,33.36,1,67.99,HIGH_RISK,LOW
8.04,3.07,32.24,50.09,0,15.27,LOW_RISK,HIGH
21.42,6.4,33.12,41.96,0,17.6,LOW_RISK,HIGH
26.73,4.01,26.95,61.99,0,25.21,LOW_RISK,HIGH
18.67,7.37,26.04,54.47,0,24.09,LOW_RISK,HIGH
12.05,2.1,15.96,100.0,0,17.71,LOW_RISK,HIGH
62.52,3.33,26.02,61.48,0,46.04,MEDIUM_RISK,MEDIUM
21.9,7.41,28.15,96.54,0,39.28,MEDIUM_RISK,MEDIUM
32.49,9.04,13.96,54.65,0,47.07,MEDIUM_RISK,MEDIUM
36.77,5.36,24.5,51.94,0,35.44,MEDIUM_RISK,MEDIUM
24.44,8.47,27.24,57.91,0,26.95,LOW_RISK,HIGH
27.18,27.52,14.91,27.19,1,53.27,MEDIUM_RISK,MEDIUM
17.85,5.25,27.32,89.56,0,28.86,LOW_RISK,HIGH
18.67,11.67,29.22,46.7,0,33.49,LOW_RISK,HIGH
32.9,8.23,28.28,77.47,0,43.67,MEDIUM_RISK,MEDIUM
11.36,8.53,18.32,87.24,1,49.83,MEDIUM_RISK,MEDIUM
31.2,10.56,26.98,92.68,0,54.01,MEDIUM_RISK,MEDIUM
16.54,7.69,28.92,67.37,0,21.89,LOW_RISK,HIGH
18.63,3.98,34.11,52.12,0,27.54,LOW_RISK,HIGH
35.66,4.36,33.94,92.42,0,45.22,MEDIUM_RISK,MEDIUM
26.9,3.36,23.75,76.46,0,34.43,LOW_RISK,HIGH
63.74,4.7,29.41,70.25,0,47.5,MEDIUM_RISK,MEDIUM
10.61,1.11,32.2,45.93,0,3.86,LOW_RISK,HIGH
17.05,10.34,28.6,79.03,0,41.71,MEDIUM_RISK,MEDIUM
33.65,6.73,27.88,86.3,0,36.38,MEDIUM_RISK,MEDIUM
47.34,4.85,42.65,88.0,1,73.42,HIGH_RISK,LOW
34.07,23.19,20.32,68.8,1,66.74,HIGH_RISK,LOW
24.43,10.55,40.12,31.52,0,37.19,MEDIUM_RISK,MEDIUM
20.61,8.89,28.56,68.1,0,32.09,LOW_RISK,HIGH
11.3,10.06,29.55,64.16,0,24.38,LOW_RISK,HIGH
26.98,6.55,29.45,72.49,0,28.89,LOW_RISK,HIGH
3.28,7.11,31.11,42.29,0,13.92,LOW_RISK,HIGH
69.32,23.01,22.45,70.73,0,71.35,HIGH_RISK,LOW
17.38,9.34,22.52,89.84,0,43.89,MEDIUM_RISK,MEDIUM
18.02,11.35,23.71,80.16,0,40.44,MEDIUM_RISK,MEDIUM
10.09,3.08,26.83,75.97,0,22.58,LOW_RISK,HIGH
14.73,7.14,20.66,92.02,1,37.13,MEDIUM_RISK,MEDIUM
41.02,4.14,33.09,59.17,1,54.09,MEDIUM_RISK,MEDIUM
1.94,10.76,31.66,37.06,0,14.97,LOW_RISK,HIGH
28.09,6.84,37.24,69.64,1,39.54,MEDIUM_RISK,MEDIUM
33.57,1.4,35.6,56.77,0,28.25,LOW_RISK,HIGH
13.86,3.59,24.64,52.02,0,13.7,LOW_RISK,HIGH
17.19,3.45,21.72,100.0,0,39.64,MEDIUM_RISK,MEDIUM
8.98,2.37,24.44,77.9,0,24.29,LOW_RISK,HIGH
18.41,15.11,17.23,70.52,1,61.42,HIGH_RISK,LOW
32.47,7.5,17.42,51.63,0,30.92,LOW_RISK,HIGH
14.09,5.83,36.31,82.06,0,17.6,LOW_RISK,HIGH
8.97,19.78,21.78,29.48,0,31.8,LOW_RISK,HIGH
3.96,11.73,26.94,77.28,0,31.51,LOW_RISK,HIGH
24.81,22.21,19.31,53.37,0,31.94,LOW_RISK,HIGH
4.4,14.55,20.18,96.3,1,57.83,HIGH_RISK,LOW
13.89,0.64,28.65,79.98,0,4.63,LOW_RISK,HIGH
55.67,5.34,27.23,78.44,0,44.37,MEDIUM_RISK,MEDIUM
18.49,19.95,20.98,68.26,0,36.81,MEDIUM_RISK,MEDIUM
46.59,2.77,24.72,93.64,0,49.41,MEDIUM_RISK,MEDIUM
11.05,6.42,24.0,83.37,0,12.93,LOW_RISK,HIGH
28.88,10.48,25.72,76.22,0,44.65,MEDIUM_RISK,MEDIUM
25.54,2.8,29.8,68.97,0,28.63,LOW_RISK,HIGH
17.39,9.78,21.14,55.87,0,34.49,LOW_RISK,HIGH
21.1,10.28,31.38,72.55,0,36.24,MEDIUM_RISK,MEDIUM
49.07,12.22,32.53,87.19,0,60.25,HIGH_RISK,LOW
12.19,6.26,22.46,58.94,0,13.27,LOW_RISK,HIGH
22.21,12.29,28.87,45.43,0,37.1,MEDIUM_RISK,MEDIUM
28.7,10.65,36.82,83.22,0,45.47,MEDIUM_RISK,MEDIUM
14.03,7.6,36.38,85.25,0,18.85,LOW_RISK,HIGH
80.0,7.71,27.4,93.8,0,56.27,HIGH_RISK,LOW
22.23,4.83,26.18,56.48,0,23.1,LOW_RISK,HIGH
44.84,1.43,26.15,58.22,0,25.25,LOW_RISK,HIGH
43.22,4.9,14.16,68.98,1,47.97,MEDIUM_RISK,MEDIUM
15.64,3.16,18.42,69.45,0,22.97,LOW_RISK,HIGH
8.83,7.23,27.76,68.38,0,23.1,LOW_RISK,HIGH
7.32,21.72,23.43,75.95,1,46.93,MEDIUM_RISK,MEDIUM
30.18,3.87,28.64,69.9,0,33.75,LOW_RISK,HIGH
21.82,3.58,24.01,42.75,0,18.34,LOW_RISK,HIGH
40.82,5.89,30.03,83.14,0,46.13,MEDIUM_RISK,MEDIUM
22.9,8.67,17.94,70.51,0,42.93,MEDIUM_RISK,MEDIUM
18.22,2.77,40.61,75.16,0,32.37,LOW_RISK,HIGH
53.4,5.16,32.88,75.51,1,63.46,HIGH_RISK,LOW
23.97,7.75,27.38,94.35,1,53.33,MEDIUM_RISK,MEDIUM
30.08,6.11,32.25,46.15,0,31.62,LOW_RISK,HIGH
12.27,3.33,26.99,48.02,0,13.37,LOW_RISK,HIGH
19.11,14.74,18.56,71.66,0,30.8,LOW_RISK,HIGH
23.52,10.77,18.92,43.1,0,26.41,LOW_RISK,HIGH
27.89,7.26,12.81,42.92,1,35.05,MEDIUM_RISK,MEDIUM
25.36,2.27,31.55,47.42,0,13.4,LOW_RISK,HIGH
35.69,3.2,19.97,35.21,0,31.98,LOW_RISK,HIGH
40.42,10.31,23.32,80.98,0,55.6,HIGH_RISK,LOW
57.42,4.12,38.21,38.11,0,44.74,MEDIUM_RISK,MEDIUM
38.35,5.44,32.1,75.24,0,37.02,MEDIUM_RISK,MEDIUM
38.81,10.16,31.25,72.9,0,48.81,MEDIUM_RISK,MEDIUM
65.43,10.59,32.15,83.83,0,67.08,HIGH_RISK,LOW
22.8,1.23,22.75,58.04,0,22.13,LOW_RISK,HIGH
15.4,0.81,33.15,87.07,0,30.67,LOW_RISK,HIGH
17.88,7.68,16.57,20.0,0,23.07,LOW_RISK,HIGH
21.85,12.93,26.69,73.49,0,33.8,LOW_RISK,HIGH
41.05,1.23,20.13,53.17,0,21.5,LOW_RISK,HIGH
21.64,18.39,31.98,26.99,0,33.46,LOW_RISK,HIGH
9.42,7.94,12.81,84.58,0,20.18,LOW_RISK,HIGH
17.7,8.96,35.84,89.13,0,41.49,MEDIUM_RISK,MEDIUM
7.61,3.55,33.35,94.05,0,27.82,LOW_RISK,HIGH
18.76,15.03,14.19,54.11,1,62.96,HIGH_RISK,LOW
41.73,4.71,26.18,70.18,0,32.4,LOW_RISK,HIGH
18.47,12.51,28.43,99.41,0,32.8,LOW_RISK,HIGH
59.58,21.31,17.4,94.53,1,86.65,HIGH_RISK,LOW
38.5,3.62,33.95,69.7,0,42.43,MEDIUM_RISK,MEDIUM
19.52,10.98,23.67,49.02,0,27.28,LOW_RISK,HIGH
13.27,3.23,19.14,66.85,0,9.65,LOW_RISK,HIGH
29.75,10.45,30.41,72.36,0,37.33,MEDIUM_RISK,MEDIUM
55.16,1.5,26.22,95.51,0,44.58,MEDIUM_RISK,MEDIUM
5.93,7.74,11.81,70.88,0,21.43,LOW_RISK,HIGH
14.01,12.52,30.53,66.34,0,22.59,LOW_RISK,HIGH
18.42,7.93,22.12,71.32,0,31.09,LOW_RISK,HIGH
19.21,1.12,24.63,100.0,0,30.25,LOW_RISK,HIGH
16.44,6.76,31.49,73.65,0,22.34,LOW_RISK,HIGH
15.11,9.54,29.65,68.22,0,25.03,LOW_RISK,HIGH
34.27,5.96,20.5,81.71,0,36.21,MEDIUM_RISK,MEDIUM
31.9,6.3,21.01,72.98,0,35.44,MEDIUM_RISK,MEDIUM
23.85,14.38,27.13,61.7,0,32.63,LOW_RISK,HIGH
20.04,3.56,22.11,74.96,0,26.83,LOW_RISK,HIGH
20.5,13.45,25.91,83.2,0,49.41,MEDIUM_RISK,MEDIUM
17.79,5.17,5.0,52.47,0,25.68,LOW_RISK,HIGH
10.44,36.36,27.81,56.59,0,33.9,LOW_RISK,HIGH
26.63,9.23,18.49,32.53,0,27.53,LOW_RISK,HIGH
27.8,10.79,14.47,78.97,0,39.79,MEDIUM_RISK,MEDIUM
13.89,5.23,31.09,52.1,0,24.47,LOW_RISK,HIGH
2.98,8.87,27.98,63.89,0,27.79,LOW_RISK,HIGH
29.0,4.48,15.88,53.24,0,27.43,LOW_RISK,HIGH
15.0,4.09,32.21,72.4,0,28.27,LOW_RISK,HIGH
22.92,0.79,39.23,42.22,0,19.78,LOW_RISK,HIGH
15.11,6.02,13.65,31.16,0,17.76,LOW_RISK,HIGH
6.51,2.94,28.98,56.01,0,19.89,LOW_RISK,HIGH
32.98,1.11,26.59,41.17,1,44.36,MEDIUM_RISK,MEDIUM
80.0,16.89,33.13,88.54,1,95.89,HIGH_RISK,LOW
14.51,2.82,27.19,83.37,0,21.8,LOW_RISK,HIGH
19.18,4.56,28.13,100.0,0,27.98,LOW_RISK,HIGH
50.64,5.41,29.4,43.78,1,52.53,MEDIUM_RISK,MEDIUM
25.26,22.29,21.11,58.51,1,54.44,MEDIUM_RISK,MEDIUM
16.33,4.18,14.08,74.35,0,27.52,LOW_RISK,HIGH
33.76,3.03,20.17,85.86,1,61.28,HIGH_RISK,LOW
29.95,3.11,35.07,100.0,0,32.31,LOW_RISK,HIGH
27.36,7.4,23.94,66.43,0,19.58,LOW_RISK,HIGH
28.06,5.42,29.04,85.73,0,28.0,LOW_RISK,HIGH
42.27,17.22,45.0,100.0,1,84.28,HIGH_RISK,LOW
19.92,2.63,19.56,44.06,0,24.57,LOW_RISK,HIGH
50.58,2.54,41.32,48.36,0,41.04,MEDIUM_RISK,MEDIUM
29.91,3.18,20.83,31.16,0,18.52,LOW_RISK,HIGH
45.43,10.66,23.02,38.5,1,69.27,HIGH_RISK,LOW
46.76,5.58,21.56,82.86,0,50.63,MEDIUM_RISK,MEDIUM
11.23,15.51,18.5,80.22,1,41.46,MEDIUM_RISK,MEDIUM
29.88,9.94,26.06,57.98,0,25.62,LOW_RISK,HIGH
19.91,7.58,36.56,49.55,0,21.67,LOW_RISK,HIGH
30.69,6.33,22.94,74.22,0,37.12,MEDIUM_RISK,MEDIUM
13.9,8.35,30.01,88.76,0,34.37,LOW_RISK,HIGH
22.28,4.64,7.03,100.0,0,41.64,MEDIUM_RISK,MEDIUM
25.27,0.63,28.28,63.02,0,15.83,LOW_RISK,HIGH
15.58,8.23,23.68,98.84,0,40.47,MEDIUM_RISK,MEDIUM
54.71,3.62,34.03,52.67,0,42.64,MEDIUM_RISK,MEDIUM
24.64,7.03,28.23,90.72,0,29.47,LOW_RISK,HIGH
26.63,2.98,25.3,44.26,0,21.54,LOW_RISK,HIGH
13.84,20.74,35.76,65.33,0,29.74,LOW_RISK,HIGH
18.59,6.65,26.86,75.76,0,27.19,LOW_RISK,HIGH
30.19,4.68,26.29,49.49,0,32.06,LOW_RISK,HIGH
16.49,12.57,37.3,20.0,0,33.65,LOW_RISK,HIGH
7.83,13.39,24.12,68.83,0,29.95,LOW_RISK,HIGH
10.77,10.38,32.57,53.8,0,27.45,LOW_RISK,HIGH
19.6,10.76,35.02,100.0,0,47.67,MEDIUM_RISK,MEDIUM
13.36,7.96,32.46,86.91,1,41.42,MEDIUM_RISK,MEDIUM
19.83,6.98,10.26,62.59,0,29.52,LOW_RISK,HIGH
14.54,2.94,45.0,50.58,0,17.64,LOW_RISK,HIGH
16.29,2.88,38.89,82.62,0,37.22,MEDIUM_RISK,MEDIUM
29.56,13.53,27.86,73.12,0,36.12,MEDIUM_RISK,MEDIUM
5.61,18.33,26.77,60.8,0,32.69,LOW_RISK,HIGH
31.88,2.64,41.58,51.79,0,38.14,MEDIUM_RISK,MEDIUM
29.44,12.3,20.91,45.31,0,20.31,LOW_RISK,HIGH
38.61,16.15,23.18,61.69,1,67.53,HIGH_RISK,LOW
5.15,4.24,22.44,61.22,0,8.08,LOW_RISK,HIGH
6.86,1.62,29.92,43.43,0,4.2,LOW_RISK,HIGH
20.17,6.89,22.43,63.87,0,21.04,LOW_RISK,HIGH
38.47,4.14,41.21,76.34,0,43.09,MEDIUM_RISK,MEDIUM
44.27,5.09,22.78,39.13,0,34.39,LOW_RISK,HIGH
28.45,6.5,30.62,87.02,0,36.05,MEDIUM_RISK,MEDIUM
5.8,19.22,21.4,61.9,1,50.54,MEDIUM_RISK,MEDIUM
6.31,16.0,26.83,87.22,1,47.78,MEDIUM_RISK,MEDIUM
10.04,3.68,37.44,60.89,0,14.09,LOW_RISK,HIGH
20.34,1.57,35.38,56.74,0,20.87,LOW_RISK,HIGH
14.84,3.17,34.96,57.57,0,13.65,LOW_RISK,HIGH
25.88,10.72,37.14,52.15,0,34.93,LOW_RISK,HIGH
25.44,5.46,35.84,69.97,0,25.48,LOW_RISK,HIGH
33.76,4.5,20.62,94.82,0,40.08,MEDIUM_RISK,MEDIUM
13.2,4.27,16.62,65.31,0,13.22,LOW_RISK,HIGH
15.06,10.92,26.91,83.81,0,41.59,MEDIUM_RISK,MEDIUM
8.25,7.79,27.1,86.32,0,27.79,LOW_RISK,HIGH
19.44,5.31,27.9,100.0,1,49.97,MEDIUM_RISK,MEDIUM
6.22,11.13,23.06,100.0,0,28.02,LOW_RISK,HIGH
74.66,2.78,14.66,45.58,0,47.25,MEDIUM_RISK,MEDIUM
28.34,3.19,16.78,66.8,0,27.34,LOW_RISK,HIGH
54.22,3.77,25.93,85.57,0,54.75,MEDIUM_RISK,MEDIUM
9.11,3.21,35.72,73.3,0,19.67,LOW_RISK,HIGH
30.46,3.66,14.77,52.91,0,40.34,MEDIUM_RISK,MEDIUM
26.31,6.57,23.05,49.48,0,18.05,LOW_RISK,HIGH
80.0,14.24,28.52,83.62,0,53.39,MEDIUM_RISK,MEDIUM
15.54,7.18,24.21,57.91,0,17.8,LOW_RISK,HIGH
8.19,9.92,26.48,75.17,0,33.08,LOW_RISK,HIGH
25.14,4.47,25.88,79.15,0,20.43,LOW_RISK,HIGH
21.18,3.02,33.07,60.75,0,24.63,LOW_RISK,HIGH
25.59,32.36,35.96,88.03,1,68.66,HIGH_RISK,LOW
20.11,14.17,22.32,61.05,0,34.28,LOW_RISK,HIGH
6.22,6.46,22.69,90.11,0,24.7,LOW_RISK,HIGH
18.65,4.45,17.03,79.12,0,27.48,LOW_RISK,HIGH
13.42,7.8,26.99,83.84,0,16.12,LOW_RISK,HIGH
17.88,16.64,29.55,66.11,0,36.29,MEDIUM_RISK,MEDIUM
30.97,8.72,16.05,69.23,0,46.42,MEDIUM_RISK,MEDIUM
27.53,7.17,22.48,38.39,0,16.31,LOW_RISK,HIGH
41.57,14.39,34.44,63.34,0,46.55,MEDIUM_RISK,MEDIUM
12.55,8.55,28.96,51.19,0,19.94,LOW_RISK,HIGH
31.87,4.47,33.1,44.69,0,30.71,LOW_RISK,HIGH
36.17,1.3,18.54,34.64,0,26.62,LOW_RISK,HIGH
20.47,5.02,24.9,53.98,0,21.7,LOW_RISK,HIGH
31.59,6.73,22.45,20.0,0,39.27,MEDIUM_RISK,MEDIUM
15.58,5.24,31.86,49.47,0,16.41,LOW_RISK,HIGH
40.1,12.71,32.63,82.54,0,53.63,MEDIUM_RISK,MEDIUM
23.9,3.3,34.23,89.79,0,26.17,LOW_RISK,HIGH
27.44,3.11,29.22,100.0,0,39.72,MEDIUM_RISK,MEDIUM
22.68,11.58,20.39,61.57,0,33.4,LOW_RISK,HIGH
17.12,4.44,32.51,73.5,0,26.32,LOW_RISK,HIGH
20.79,5.12,11.01,94.72,0,31.81,LOW_RISK,HIGH
57.77,13.4,19.57,63.42,0,39.04,MEDIUM_RISK,MEDIUM
26.63,8.79,21.19,100.0,1,58.27,HIGH_RISK,LOW
22.27,3.51,36.91,42.92,0,15.45,LOW_RISK,HIGH
29.45,2.38,17.58,65.07,0,23.76,LOW_RISK,HIGH
19.15,10.49,18.09,83.06,0,32.67,LOW_RISK,HIGH
19.07,14.99,36.48,86.52,0,43.44,MEDIUM_RISK,MEDIUM
63.76,2.63,28.96,57.49,0,45.6,MEDIUM_RISK,MEDIUM
24.25,4.61,24.36,41.68,0,17.05,LOW_RISK,HIGH
4.31,8.29,33.85,42.63,0,21.47,LOW_RISK,HIGH
36.58,3.11,27.58,60.27,0,33.41,LOW_RISK,HIGH
63.39,5.3,5.64,80.14,0,59.65,HIGH_RISK,LOW
15.04,2.84,18.0,57.49,0,27.55,LOW_RISK,HIGH
12.18,1.54,16.54,80.42,0,8.91,LOW_RISK,HIGH
3.7,2.32,6.43,90.03,0,23.57,LOW_RISK,HIGH
20.75,7.35,22.4,53.83,0,24.17,LOW_RISK,HIGH
25.85,6.5,28.54,66.16,0,18.05,LOW_RISK,HIGH
7.47,6.62,30.71,86.04,0,28.05,LOW_RISK,HIGH
25.05,3.48,23.25,100.0,0,29.14,LOW_RISK,HIGH
22.64,2.38,25.62,33.08,0,19.91,LOW_RISK,HIGH
6.64,4.83,27.1,29.51,0,12.52,LOW_RISK,HIGH
19.08,7.72,23.41,64.08,0,19.1,LOW_RISK,HIGH
22.84,2.81,21.27,75.53,0,28.49,LOW_RISK,HIGH
11.62,6.94,30.82,57.31,0,13.47,LOW_RISK,HIGH
21.19,9.67,42.72,41.38,0,35.25,MEDIUM_RISK,MEDIUM
16.01,9.47,23.98,93.52,0,41.48,MEDIUM_RISK,MEDIUM
20.74,2.47,21.88,78.96,0,27.08,LOW_RISK,HIGH
23.75,9.22,13.09,88.43,0,45.46,MEDIUM_RISK,MEDIUM
45.48,8.36,18.86,100.0,1,73.21,HIGH_RISK,LOW
20.69,15.41,45.0,69.68,1,59.48,HIGH_RISK,LOW
23.85,10.15,29.43,63.72,0,33.35,LOW_RISK,HIGH
33.47,5.31,16.61,74.58,0,39.98,MEDIUM_RISK,MEDIUM
31.61,1.01,5.0,60.23,0,24.37,LOW_RISK,HIGH
7.47,3.14,33.45,32.9,0,11.12,LOW_RISK,HIGH
26.18,4.43,40.66,100.0,0,34.57,LOW_RISK,HIGH
6.15,4.38,27.39,56.66,0,15.23,LOW_RISK,HIGH
32.53,4.77,22.12,90.56,0,47.35,MEDIUM_RISK,MEDIUM
19.46,6.93,31.66,86.6,0,28.58,LOW_RISK,HIGH
28.07,2.6,22.15,87.93,0,34.92,LOW_RISK,HIGH
16.18,21.62,19.08,74.62,1,60.98,HIGH_RISK,LOW
8.99,5.79,27.91,65.15,0,13.9,LOW_RISK,HIGH
30.59,4.39,15.98,59.29,0,31.05,LOW_RISK,HIGH
44.49,5.51,26.68,91.91,0,51.81,MEDIUM_RISK,MEDIUM
16.4,8.02,32.57,83.65,0,39.35,MEDIUM_RISK,MEDIUM
40.67,1.48,21.95,59.1,1,42.69,MEDIUM_RISK,MEDIUM
5.18,6.6,28.67,100.0,0,23.76,LOW_RISK,HIGH
4.67,7.34,26.28,74.83,0,18.94,LOW_RISK,HIGH
55.56,9.99,45.0,62.38,0,63.58,HIGH_RISK,LOW
19.7,8.64,28.83,74.86,0,35.17,MEDIUM_RISK,MEDIUM
35.12,2.41,12.87,68.26,1,51.99,MEDIUM_RISK,MEDIUM
13.39,4.14,18.98,76.56,0,25.13,LOW_RISK,HIGH
22.37,0.4,20.08,58.92,0,21.69,LOW_RISK,HIGH
42.63,9.83,38.02,61.29,1,56.69,HIGH_RISK,LOW
1.22,5.7,34.91,81.86,0,22.25,LOW_RISK,HIGH
7.51,4.04,32.74,100.0,0,25.76,LOW_RISK,HIGH
10.97,3.46,18.08,57.81,0,16.02,LOW_RISK,HIGH
39.42,0.99,23.83,63.94,0,27.23,LOW_RISK,HIGH
13.53,1.69,18.66,85.31,1,24.85,LOW_RISK,HIGH
14.26,0.59,25.59,100.0,0,14.11,LOW_RISK,HIGH
36.89,6.79,25.73,77.35,0,41.03,MEDIUM_RISK,MEDIUM
10.67,2.49,16.88,74.25,0,12.1,LOW_RISK,HIGH
22.51,12.41,23.11,31.28,0,29.88,LOW_RISK,HIGH
26.78,10.42,31.42,72.91,0,38.86,MEDIUM_RISK,MEDIUM
6.89,5.01,29.36,65.27,0,9.84,LOW_RISK,HIGH
5.36,3.59,22.7,75.84,0,27.2,LOW_RISK,HIGH
6.03,19.67,28.18,40.64,1,42.3,MEDIUM_RISK,MEDIUM
21.72,13.38,30.15,70.02,0,33.63,LOW_RISK,HIGH
5.22,1.05,29.78,52.07,0,8.63,LOW_RISK,HIGH
12.82,4.89,32.52,45.08,0,16.4,LOW_RISK,HIGH
30.17,4.98,25.52,62.25,0,32.26,LOW_RISK,HIGH
25.78,6.19,36.97,100.0,1,47.08,MEDIUM_RISK,MEDIUM
9.92,6.58,27.35,66.44,0,17.36,LOW_RISK,HIGH
21.15,2.29,33.51,60.75,0,21.44,LOW_RISK,HIGH
72.37,4.29,16.58,43.87,0,42.95,MEDIUM_RISK,MEDIUM
41.36,8.33,31.52,44.13,0,38.18,MEDIUM_RISK,MEDIUM
16.77,10.84,19.55,64.17,0,25.17,LOW_RISK,HIGH
4.67,6.63,24.81,34.41,0,4.9,LOW_RISK,HIGH
45.61,3.25,24.03,44.06,0,40.46,MEDIUM_RISK,MEDIUM
7.93,21.21,43.34,91.68,0,48.02,MEDIUM_RISK,MEDIUM
40.02,21.63,30.05,83.54,1,66.24,HIGH_RISK,LOW
9.87,3.59,22.63,55.8,0,16.25,LOW_RISK,HIGH
33.73,9.12,20.24,75.13,0,47.54,MEDIUM_RISK,MEDIUM
18.23,3.92,21.52,80.45,0,24.09,LOW_RISK,HIGH
41.55,12.5,25.34,76.58,0,55.77,HIGH_RISK,LOW
39.59,9.02,39.57,69.33,0,46.56,MEDIUM_RISK,MEDIUM
14.25,9.61,26.76,53.14,0,20.57,LOW_RISK,HIGH
4.09,3.46,27.42,56.46,0,7.43,LOW_RISK,HIGH
18.98,13.95,18.01,57.76,0,30.19,LOW_RISK,HIGH
12.37,10.54,5.62,93.01,0,36.73,MEDIUM_RISK,MEDIUM
11.32,3.34,9.76,78.16,0,23.35,LOW_RISK,HIGH
50.84,2.43,33.38,55.75,0,48.31,MEDIUM_RISK,MEDIUM
28.53,0.81,42.63,34.75,0,19.31,LOW_RISK,HIGH
29.81,10.73,27.03,99.6,1,51.42,MEDIUM_RISK,MEDIUM
10.43,11.98,20.9,63.39,0,23.92,LOW_RISK,HIGH
18.19,0.08,21.42,85.0,0,23.3,LOW_RISK,HIGH
25.74,10.13,27.05,53.78,0,35.39,MEDIUM_RISK,MEDIUM
34.46,15.48,39.7,20.0,0,46.37,MEDIUM_RISK,MEDIUM
10.16,8.11,23.84,55.63,0,24.3,LOW_RISK,HIGH
36.94,3.58,25.94,52.49,0,30.98,LOW_RISK,HIGH
16.83,2.89,26.46,59.05,0,21.42,LOW_RISK,HIGH
21.16,2.2,34.14,100.0,0,37.64,MEDIUM_RISK,MEDIUM
8.77,1.18,27.26,51.33,0,8.22,LOW_RISK,HIGH
5.88,4.42,33.3,45.27,0,9.68,LOW_RISK,HIGH
29.44,1.59,40.75,89.48,0,29.58,LOW_RISK,HIGH
17.96,5.34,25.42,76.07,0,28.94,LOW_RISK,HIGH
50.62,2.47,42.77,21.0,1,63.33,HIGH_RISK,LOW
13.91,6.64,27.99,72.71,0,17.36,LOW_RISK,HIGH
55.49,4.75,21.82,65.07,0,36.4,MEDIUM_RISK,MEDIUM
23.26,15.75,33.05,71.61,0,45.13,MEDIUM_RISK,MEDIUM
23.72,15.31,44.46,30.4,1,58.09,HIGH_RISK,LOW
14.09,9.92,25.94,69.35,0,23.11,LOW_RISK,HIGH
22.09,5.67,27.68,57.49,0,22.43,LOW_RISK,HIGH
12.77,9.93,37.94,91.96,0,33.28,LOW_RISK,HIGH
15.72,1.92,28.37,41.61,0,20.61,LOW_RISK,HIGH
8.11,5.2,30.5,85.29,0,22.78,LOW_RISK,HIGH
33.67,4.49,31.15,37.46,0,30.9,LOW_RISK,HIGH
31.23,24.0,35.69,70.04,0,55.48,HIGH_RISK,LOW
11.05,9.7,34.66,84.32,0,35.51,MEDIUM_RISK,MEDIUM
50.07,5.11,36.89,69.63,1,61.68,HIGH_RISK,LOW
9.33,5.65,33.32,48.02,0,13.2,LOW_RISK,HIGH
48.71,6.17,31.07,100.0,1,63.53,HIGH_RISK,LOW
31.83,5.94,45.0,73.06,0,47.44,MEDIUM_RISK,MEDIUM
33.14,2.71,25.54,87.6,0,40.14,MEDIUM_RISK,MEDIUM
22.19,6.13,26.93,76.06,0,29.88,LOW_RISK,HIGH
34.34,8.93,38.46,70.62,0,56.26,HIGH_RISK,LOW
20.46,2.55,31.21,53.35,0,20.02,LOW_RISK,HIGH
47.68,6.26,29.43,81.8,0,53.82,MEDIUM_RISK,MEDIUM
80.0,13.48,33.73,77.02,1,74.67,HIGH_RISK,LOW
50.36,26.05,20.58,48.79,1,76.45,HIGH_RISK,LOW
24.47,11.0,18.08,95.9,1,55.78,HIGH_RISK,LOW
30.5,9.26,19.51,81.26,0,50.52,MEDIUM_RISK,MEDIUM
40.2,4.37,27.52,65.28,1,50.7,MEDIUM_RISK,MEDIUM
30.14,8.24,20.48,75.19,0,48.31,MEDIUM_RISK,MEDIUM
17.53,4.7,24.96,72.26,0,29.35,LOW_RISK,HIGH
44.37,5.06,26.04,99.59,0,37.52,MEDIUM_RISK,MEDIUM
37.06,3.73,29.16,55.56,0,31.98,LOW_RISK,HIGH
26.31,21.96,27.94,90.35,0,42.95,MEDIUM_RISK,MEDIUM
30.08,13.26,34.1,75.03,0,51.18,MEDIUM_RISK,MEDIUM
12.61,8.65,24.0,78.06,0,29.14,LOW_RISK,HIGH
38.96,1.48,35.77,64.21,0,36.01,MEDIUM_RISK,MEDIUM
19.08,3.71,23.78,83.82,0,27.21,LOW_RISK,HIGH
13.97,8.47,26.6,71.88,0,27.29,LOW_RISK,HIGH
18.51,3.13,20.42,98.28,1,46.92,MEDIUM_RISK,MEDIUM
36.33,15.61,23.51,71.96,0,57.2,HIGH_RISK,LOW
53.54,19.44,21.73,43.18,0,60.22,HIGH_RISK,LOW
19.78,10.59,27.94,64.75,0,22.91,LOW_RISK,HIGH
7.79,5.97,23.47,99.9,1,38.18,MEDIUM_RISK,MEDIUM
33.46,19.05,16.75,75.91,0,56.85,HIGH_RISK,LOW
26.8,10.07,30.83,74.66,0,40.91,MEDIUM_RISK,MEDIUM
61.87,1.8,38.33,52.22,1,55.39,HIGH_RISK,LOW
15.61,5.48,32.4,77.11,0,28.89,LOW_RISK,HIGH
6.59,6.96,26.14,100.0,0,26.17,LOW_RISK,HIGH
21.33,7.28,18.84,42.68,0,27.07,LOW_RISK,HIGH
46.31,24.17,28.69,88.99,0,66.99,HIGH_RISK,LOW
24.07,12.98,24.9,81.35,0,36.96,MEDIUM_RISK,MEDIUM
18.27,5.58,30.59,88.83,1,46.61,MEDIUM_RISK,MEDIUM
30.92,18.58,41.47,75.67,1,77.92,HIGH_RISK,LOW
31.2,14.93,20.15,53.29,0,39.44,MEDIUM_RISK,MEDIUM
13.06,11.02,33.83,43.27,0,16.62,LOW_RISK,HIGH
23.68,6.64,28.26,67.51,0,19.72,LOW_RISK,HIGH
12.96,8.91,15.24,72.33,0,38.26,MEDIUM_RISK,MEDIUM
13.16,1.51,34.55,40.98,0,7.88,LOW_RISK,HIGH
34.28,3.59,34.38,44.34,0,36.42,MEDIUM_RISK,MEDIUM
27.07,2.24,32.42,53.17,0,26.03,LOW_RISK,HIGH
19.98,18.0,39.1,70.27,0,49.48,MEDIUM_RISK,MEDIUM
24.5,1.56,37.11,55.28,0,22.12,LOW_RISK,HIGH
15.24,4.07,20.36,83.08,0,29.93,LOW_RISK,HIGH
18.81,1.16,29.93,48.73,0,11.56,LOW_RISK,HIGH
25.88,7.75,11.17,86.22,0,31.55,LOW_RISK,HIGH
37.47,6.08,33.02,66.52,0,43.08,MEDIUM_RISK,MEDIUM
7.27,8.63,30.66,61.97,0,23.29,LOW_RISK,HIGH
33.28,6.52,25.41,60.32,0,28.67,LOW_RISK,HIGH
23.8,11.57,19.41,58.7,0,31.02,LOW_RISK,HIGH
13.14,18.31,29.12,80.23,0,36.5,MEDIUM_RISK,MEDIUM
17.21,10.28,23.51,81.64,0,41.44,MEDIUM_RISK,MEDIUM
8.97,7.36,15.76,55.63,0,18.2,LOW_RISK,HIGH
15.15,4.89,30.38,90.63,0,30.97,LOW_RISK,HIGH
14.85,2.45,28.96,75.36,0,15.53,LOW_RISK,HIGH
7.26,2.94,23.36,100.0,0,26.64,LOW_RISK,HIGH
24.75,8.0,35.59,72.4,0,32.78,LOW_RISK,HIGH
22.44,10.08,26.95,63.92,0,33.76,LOW_RISK,HIGH
9.82,5.36,29.17,43.21,0,7.9,LOW_RISK,HIGH
17.43,13.31,19.32,33.78,0,34.31,LOW_RISK,HIGH
68.25,2.86,22.92,87.21,1,73.61,HIGH_RISK,LOW
51.99,10.55,17.11,60.3,0,52.67,MEDIUM_RISK,MEDIUM
38.83,5.26,12.16,52.37,0,35.35,MEDIUM_RISK,MEDIUM
23.93,10.77,20.19,78.83,0,37.9,MEDIUM_RISK,MEDIUM
24.23,6.59,25.67,37.95,0,15.08,LOW_RISK,HIGH
9.05,3.6,31.28,39.05,0,10.28,LOW_RISK,HIGH
14.56,1.89,25.24,84.1,0,9.42,LOW_RISK,HIGH
13.42,3.61,16.59,68.14,0,21.54,LOW_RISK,HIGH
55.94,10.13,32.29,68.57,1,67.98,HIGH_RISK,LOW
7.66,13.7,19.7,21.39,0,21.99,LOW_RISK,HIGH
33.33,6.06,45.0,61.89,0,46.87,MEDIUM_RISK,MEDIUM
31.2,7.72,25.37,38.84,0,42.02,MEDIUM_RISK,MEDIUM
4.2,11.34,26.71,94.7,0,36.42,MEDIUM_RISK,MEDIUM
24.92,3.64,13.93,54.29,0,28.82,LOW_RISK,HIGH
33.74,11.69,24.75,64.93,0,43.74,MEDIUM_RISK,MEDIUM
37.77,13.55,31.18,93.43,1,64.59,HIGH_RISK,LOW
3.1,3.71,35.75,72.52,0,23.55,LOW_RISK,HIGH
12.41,3.98,26.5,85.7,1,43.84,MEDIUM_RISK,MEDIUM
22.63,3.21,34.56,86.68,0,38.71,MEDIUM_RISK,MEDIUM
48.13,11.48,38.9,100.0,0,63.94,HIGH_RISK,LOW
46.87,1.42,16.36,50.6,1,46.2,MEDIUM_RISK,MEDIUM
26.72,6.71,32.74,39.09,0,26.91,LOW_RISK,HIGH
32.5,2.63,31.87,63.61,0,38.73,MEDIUM_RISK,MEDIUM
37.3,7.25,31.19,86.21,0,40.98,MEDIUM_RISK,MEDIUM
33.75,8.87,26.43,68.4,0,48.46,MEDIUM_RISK,MEDIUM
19.53,0.47,32.38,96.6,0,34.92,LOW_RISK,HIGH
8.6,1.88,17.68,99.3,0,27.34,LOW_RISK,HIGH
32.69,1.95,42.52,77.99,0,32.23,LOW_RISK,HIGH
9.62,23.23,14.06,90.97,0,44.68,MEDIUM_RISK,MEDIUM
14.59,2.97,24.41,53.49,0,14.98,LOW_RISK,HIGH
36.66,6.31,32.79,20.0,0,27.8,LOW_RISK,HIGH
18.18,3.76,29.84,30.63,0,22.95,LOW_RISK,HIGH
20.61,2.36,25.97,100.0,0,42.56,MEDIUM_RISK,MEDIUM
32.46,5.67,23.92,64.4,0,38.26,MEDIUM_RISK,MEDIUM
36.9,4.51,26.02,54.2,0,38.61,MEDIUM_RISK,MEDIUM
14.92,19.02,33.69,46.17,0,24.36,LOW_RISK,HIGH
19.67,27.11,31.85,94.87,1,69.6,HIGH_RISK,LOW
14.73,0.47,21.51,42.48,0,9.96,LOW_RISK,HIGH
41.28,11.5,38.48,53.15,1,59.95,HIGH_RISK,LOW
33.17,5.58,23.23,91.53,0,41.49,MEDIUM_RISK,MEDIUM
37.0,4.34,31.05,82.47,0,32.21,LOW_RISK,HIGH
37.75,26.34,5.0,71.06,1,87.74,HIGH_RISK,LOW
19.04,8.33,20.53,63.06,0,29.82,LOW_RISK,HIGH
4.9,7.53,25.54,88.49,0,29.33,LOW_RISK,HIGH
22.8,20.97,35.2,56.47,0,39.21,MEDIUM_RISK,MEDIUM
24.69,4.29,18.96,56.22,0,21.18,LOW_RISK,HIGH
45.13,3.86,31.07,57.92,0,47.87,MEDIUM_RISK,MEDIUM
14.09,6.86,19.24,88.68,0,19.52,LOW_RISK,HIGH
21.78,4.37,43.52,100.0,0,33.37,LOW_RISK,HIGH
14.79,4.65,34.15,44.82,0,12.39,LOW_RISK,HIGH
9.5,13.29,38.87,69.87,0,17.35,LOW_RISK,HIGH
19.68,1.82,25.21,75.08,0,21.24,LOW_RISK,HIGH
50.57,2.62,28.23,46.49,0,38.34,MEDIUM_RISK,MEDIUM
18.87,14.12,43.85,70.25,0,41.88,MEDIUM_RISK,MEDIUM
30.21,3.95,20.7,48.97,0,31.86,LOW_RISK,HIGH
15.23,3.01,15.53,98.39,0,40.77,MEDIUM_RISK,MEDIUM
27.09,14.43,20.36,34.38,0,30.55,LOW_RISK,HIGH
19.26,12.87,28.06,92.2,1,58.58,HIGH_RISK,LOW
21.61,2.95,18.88,30.42,0,18.04,LOW_RISK,HIGH
11.46,11.06,31.19,100.0,1,52.9,MEDIUM_RISK,MEDIUM
35.2,20.74,21.98,68.03,1,70.08,HIGH_RISK,LOW
35.33,2.56,25.62,42.57,0,31.69,LOW_RISK,HIGH
16.11,14.8,36.47,80.4,0,36.5,MEDIUM_RISK,MEDIUM
29.0,3.79,24.7,56.05,0,22.33,LOW_RISK,HIGH
43.47,3.28,31.82,73.65,0,41.0,MEDIUM_RISK,MEDIUM
28.53,2.57,27.97,85.21,1,48.08,MEDIUM_RISK,MEDIUM
50.43,18.39,28.58,36.52,1,75.84,HIGH_RISK,LOW
23.14,10.0,20.44,39.55,0,28.72,LOW_RISK,HIGH
19.69,0.58,27.39,61.67,0,13.17,LOW_RISK,HIGH
10.02,2.04,26.89,66.98,0,11.14,LOW_RISK,HIGH
47.42,1.89,33.57,66.13,0,38.37,MEDIUM_RISK,MEDIUM
27.01,2.78,41.61,74.25,0,44.14,MEDIUM_RISK,MEDIUM
15.15,6.92,22.07,50.94,0,18.08,LOW_RISK,HIGH
28.74,15.46,19.43,92.52,0,47.57,MEDIUM_RISK,MEDIUM
28.61,2.43,29.12,100.0,1,42.88,MEDIUM_RISK,MEDIUM
34.87,17.51,18.61,95.99,1,81.71,HIGH_RISK,LOW
27.24,19.76,26.13,58.33,1,59.97,HIGH_RISK,LOW
53.77,20.73,39.05,49.09,0,69.66,HIGH_RISK,LOW
20.2,1.2,30.57,57.94,0,16.68,LOW_RISK,HIGH
20.1,7.34,28.18,63.03,0,16.41,LOW_RISK,HIGH
13.24,2.85,30.01,71.8,0,19.17,LOW_RISK,HIGH
39.07,5.22,31.92,61.73,0,35.93,MEDIUM_RISK,MEDIUM
46.7,5.13,27.69,100.0,0,47.85,MEDIUM_RISK,MEDIUM
45.26,13.26,31.69,59.13,0,49.29,MEDIUM_RISK,MEDIUM
33.41,6.74,20.54,72.88,0,32.26,LOW_RISK,HIGH
61.38,3.43,26.88,100.0,0,51.08,MEDIUM_RISK,MEDIUM
22.71,6.78,33.09,79.34,0,30.16,LOW_RISK,HIGH
13.67,11.11,15.92,72.46,0,30.33,LOW_RISK,HIGH
36.36,11.11,28.5,83.19,0,48.82,MEDIUM_RISK,MEDIUM
10.49,3.02,33.31,30.98,0,11.45,LOW_RISK,HIGH
18.57,6.35,39.94,74.05,0,31.08,LOW_RISK,HIGH
30.58,2.15,22.14,67.06,0,36.86,MEDIUM_RISK,MEDIUM
12.54,16.03,26.18,70.92,0,37.15,MEDIUM_RISK,MEDIUM
27.84,5.26,31.19,75.29,0,26.87,LOW_RISK,HIGH
21.49,1.04,19.31,61.3,0,14.95,LOW_RISK,HIGH
29.7,5.3,45.0,47.96,0,29.64,LOW_RISK,HIGH
24.71,10.57,20.81,47.89,0,26.5,LOW_RISK,HIGH
11.61,3.39,21.1,100.0,1,36.63,MEDIUM_RISK,MEDIUM
24.36,1.83,24.32,72.03,0,24.28,LOW_RISK,HIGH
40.98,5.24,24.86,46.9,0,33.21,LOW_RISK,HIGH
22.36,5.76,33.26,82.14,1,50.04,MEDIUM_RISK,MEDIUM
39.43,2.82,32.57,87.45,0,49.2,MEDIUM_RISK,MEDIUM
10.34,10.73,34.82,83.87,0,31.59,LOW_RISK,HIGH
12.14,4.93,34.38,86.76,0,25.1,LOW_RISK,HIGH
36.12,2.06,23.76,68.45,0,37.5,MEDIUM_RISK,MEDIUM
41.18,11.75,30.34,83.94,0,44.44,MEDIUM_RISK,MEDIUM
42.3,3.53,41.67,60.92,0,37.62,MEDIUM_RISK,MEDIUM
24.53,12.43,28.32,100.0,0,38.27,MEDIUM_RISK,MEDIUM
18.06,16.75,24.38,64.21,0,36.45,MEDIUM_RISK,MEDIUM
45.14,2.32,23.24,65.62,0,43.91,MEDIUM_RISK,MEDIUM
11.55,1.86,31.37,70.97,0,10.87,LOW_RISK,HIGH
21.8,1.34,27.48,71.98,0,22.92,LOW_RISK,HIGH
17.79,6.97,29.13,93.5,0,27.69,LOW_RISK,HIGH
17.44,11.97,30.9,53.81,0,28.76,LOW_RISK,HIGH
58.34,0.03,26.24,52.39,0,35.26,MEDIUM_RISK,MEDIUM
24.6,1.02,24.92,20.0,0,13.76,LOW_RISK,HIGH
14.11,3.95,26.06,70.84,0,13.09,LOW_RISK,HIGH
50.93,1.01,28.61,75.51,1,51.25,MEDIUM_RISK,MEDIUM
10.13,16.92,34.3,67.0,1,46.0,MEDIUM_RISK,MEDIUM
30.04,2.81,32.51,91.12,0,50.68,MEDIUM_RISK,MEDIUM
50.13,0.56,31.28,78.22,1,56.74,HIGH_RISK,LOW
42.17,9.76,26.41,66.49,0,38.29,MEDIUM_RISK,MEDIUM
18.35,4.44,25.32,91.77,1,52.09,MEDIUM_RISK,MEDIUM
10.28,4.08,27.16,72.86,0,13.15,LOW_RISK,HIGH
9.62,1.77,8.58,48.28,0,10.48,LOW_RISK,HIGH
57.09,4.58,20.28,66.31,0,49.02,MEDIUM_RISK,MEDIUM
45.28,8.71,28.87,81.93,1,69.8,HIGH_RISK,LOW
17.58,6.74,27.13,59.7,0,24.46,LOW_RISK,HIGH
24.12,15.59,24.47,99.67,0,47.99,MEDIUM_RISK,MEDIUM
47.51,4.65,21.01,100.0,1,70.69,HIGH_RISK,LOW
16.87,1.96,17.56,79.69,0,20.0,LOW_RISK,HIGH
32.91,0.74,16.41,46.5,0,27.42,LOW_RISK,HIGH
14.17,19.91,8.92,74.4,1,58.3,HIGH_RISK,LOW
11.24,8.98,17.54,35.77,0,26.8,LOW_RISK,HIGH
18.51,5.93,32.24,87.44,0,35.24,MEDIUM_RISK,MEDIUM
23.04,3.3,41.78,63.26,0,21.01,LOW_RISK,HIGH
1.26,6.53,34.93,26.42,0,8.71,LOW_RISK,HIGH
19.07,11.04,26.78,69.84,0,28.02,LOW_RISK,HIGH
13.64,1.81,22.87,48.11,0,0.0,LOW_RISK,HIGH
4.94,4.71,30.14,68.07,0,20.14,LOW_RISK,HIGH
7.58,10.0,34.21,66.03,0,20.39,LOW_RISK,HIGH
12.14,18.31,23.56,64.86,0,27.49,LOW_RISK,HIGH
10.04,14.53,21.3,58.72,0,25.33,LOW_RISK,HIGH
17.01,7.04,32.2,53.64,0,27.74,LOW_RISK,HIGH
24.83,4.07,24.33,49.29,0,24.18,LOW_RISK,HIGH
15.14,6.33,21.74,54.06,0,21.0,LOW_RISK,HIGH
32.62,1.52,17.59,49.26,0,27.4,LOW_RISK,HIGH
23.93,4.23,19.3,64.46,0,20.75,LOW_RISK,HIGH
20.66,18.25,36.86,59.41,0,42.44,MEDIUM_RISK,MEDIUM
5.85,6.4,26.66,65.47,0,7.78,LOW_RISK,HIGH
12.82,9.33,13.27,73.69,0,24.91,LOW_RISK,HIGH
14.99,7.06,29.53,69.37,0,12.07,LOW_RISK,HIGH
19.3,10.82,27.51,78.93,0,39.23,MEDIUM_RISK,MEDIUM
18.29,17.19,22.75,100.0,1,61.33,HIGH_RISK,LOW
19.06,8.03,27.48,82.9,0,39.07,MEDIUM_RISK,MEDIUM
26.5,1.08,28.85,69.81,0,8.76,LOW_RISK,HIGH
8.19,1.32,28.63,82.21,0,10.54,LOW_RISK,HIGH
41.64,12.84,29.06,59.31,0,43.27,MEDIUM_RISK,MEDIUM
2.82,1.65,26.79,75.16,0,12.27,LOW_RISK,HIGH
24.12,5.21,42.4,89.63,0,38.27,MEDIUM_RISK,MEDIUM
14.85,6.58,29.1,67.19,0,15.89,LOW_RISK,HIGH
11.9,7.27,30.45,77.71,0,21.28,LOW_RISK,HIGH
15.57,2.87,27.7,80.01,0,30.02,LOW_RISK,HIGH
44.09,14.89,26.08,58.1,1,59.03,HIGH_RISK,LOW
31.47,3.37,22.55,37.35,0,29.71,LOW_RISK,HIGH
7.13,2.54,23.8,74.45,0,15.34,LOW_RISK,HIGH
37.67,10.0,14.1,90.42,0,58.13,HIGH_RISK,LOW
13.47,4.94,30.85,80.74,0,14.71,LOW_RISK,HIGH
12.89,13.58,11.76,97.98,0,37.03,MEDIUM_RISK,MEDIUM
33.66,2.09,28.3,59.36,0,33.25,LOW_RISK,HIGH
26.27,2.65,30.83,56.66,0,25.07,LOW_RISK,HIGH
8.21,8.96,25.74,40.29,0,21.72,LOW_RISK,HIGH
19.9,6.53,31.16,76.68,0,21.49,LOW_RISK,HIGH
30.18,6.49,32.05,82.22,0,43.64,MEDIUM_RISK,MEDIUM
62.59,6.72,16.85,68.62,0,48.84,MEDIUM_RISK,MEDIUM
8.42,9.59,36.04,75.53,0,23.14,LOW_RISK,HIGH
4.62,9.21,25.11,66.04,0,24.24,LOW_RISK,HIGH
11.94,11.66,29.83,55.68,0,26.13,LOW_RISK,HIGH
48.66,14.28,21.55,46.41,0,47.94,MEDIUM_RISK,MEDIUM
26.01,5.81,16.3,36.43,0,21.36,LOW_RISK,HIGH
40.14,4.26,24.74,56.24,0,35.21,MEDIUM_RISK,MEDIUM
11.97,12.09,21.29,83.08,0,32.07,LOW_RISK,HIGH
13.1,3.37,23.31,83.6,1,32.02,LOW_RISK,HIGH
9.07,8.88,19.37,79.53,0,21.52,LOW_RISK,HIGH
35.02,13.74,19.75,53.8,0,45.4,MEDIUM_RISK,MEDIUM
37.64,2.74,23.56,92.62,0,34.91,LOW_RISK,HIGH
3.63,16.06,16.63,66.39,1,54.12,MEDIUM_RISK,MEDIUM
13.57,7.25,29.89,31.82,0,8.32,LOW_RISK,HIGH
17.43,11.69,40.73,57.39,0,40.39,MEDIUM_RISK,MEDIUM
33.73,8.36,21.41,69.99,0,42.51,MEDIUM_RISK,MEDIUM
29.83,2.5,27.12,64.71,0,25.83,LOW_RISK,HIGH
10.44,1.91,20.15,20.0,0,2.81,LOW_RISK,HIGH
18.77,7.23,27.69,56.78,0,21.12,LOW_RISK,HIGH
11.36,2.04,30.44,63.5,0,14.29,LOW_RISK,HIGH
9.46,8.04,34.41,60.67,0,32.66,LOW_RISK,HIGH
31.05,2.04,14.89,60.97,0,35.59,MEDIUM_RISK,MEDIUM
18.11,1.81,36.88,43.0,0,14.26,LOW_RISK,HIGH
63.33,4.75,28.9,93.23,0,58.9,HIGH_RISK,LOW
30.31,1.76,30.85,100.0,1,49.41,MEDIUM_RISK,MEDIUM
11.53,19.38,20.62,46.11,1,47.94,MEDIUM_RISK,MEDIUM
64.86,10.07,31.48,62.63,0,55.61,HIGH_RISK,LOW
27.75,5.96,27.76,58.85,0,21.8,LOW_RISK,HIGH
9.0,15.6,24.02,46.36,0,29.25,LOW_RISK,HIGH
17.96,6.9,26.61,43.7,0,19.02,LOW_RISK,HIGH
4.98,4.43,25.43,96.83,0,23.19,LOW_RISK,HIGH
15.21,7.46,38.84,52.96,0,24.09,LOW_RISK,HIGH
16.62,0.52,21.69,70.67,0,19.6,LOW_RISK,HIGH
19.72,1.87,16.6,72.92,0,16.91,LOW_RISK,HIGH
39.32,7.56,38.21,90.03,0,48.86,MEDIUM_RISK,MEDIUM
23.61,0.87,24.11,69.24,0,15.76,LOW_RISK,HIGH
61.88,1.48,31.83,73.46,0,46.82,MEDIUM_RISK,MEDIUM
13.11,5.28,20.96,29.21,0,9.21,LOW_RISK,HIGH
76.82,6.58,20.68,43.93,0,38.16,MEDIUM_RISK,MEDIUM
17.54,1.48,41.11,87.74,0,37.27,MEDIUM_RISK,MEDIUM
23.85,0.72,21.14,29.89,0,6.43,LOW_RISK,HIGH
6.6,11.1,12.63,100.0,0,35.82,MEDIUM_RISK,MEDIUM
24.5,4.55,16.04,62.52,0,31.65,LOW_RISK,HIGH
26.75,4.85,37.87,86.19,0,37.42,MEDIUM_RISK,MEDIUM
19.52,4.1,26.93,36.95,0,21.55,LOW_RISK,HIGH
27.38,11.49,24.74,51.71,0,30.62,LOW_RISK,HIGH
10.26,8.86,30.0,82.3,0,18.84,LOW_RISK,HIGH
28.6,14.68,25.24,72.4,1,54.41,MEDIUM_RISK,MEDIUM
32.72,14.78,17.5,67.94,0,41.83,MEDIUM_RISK,MEDIUM
21.47,18.78,20.51,45.29,0,35.82,MEDIUM_RISK,MEDIUM
31.51,17.16,26.57,99.92,0,65.74,HIGH_RISK,LOW
44.36,11.45,22.08,47.04,0,43.07,MEDIUM_RISK,MEDIUM
5.86,6.24,33.52,55.09,0,17.88,LOW_RISK,HIGH
29.6,12.96,16.9,97.85,0,42.48,MEDIUM_RISK,MEDIUM
29.88,9.92,28.23,54.81,0,37.78,MEDIUM_RISK,MEDIUM
14.47,6.44,16.1,73.6,0,16.09,LOW_RISK,HIGH
37.81,15.8,27.1,66.1,0,50.1,MEDIUM_RISK,MEDIUM
31.32,27.42,17.4,51.72,0,52.79,MEDIUM_RISK,MEDIUM
15.29,14.4,20.52,59.94,0,33.99,LOW_RISK,HIGH
39.32,2.86,28.1,46.05,0,38.64,MEDIUM_RISK,MEDIUM
13.53,11.34,32.4,85.44,0,35.61,MEDIUM_RISK,MEDIUM
34.07,8.68,18.48,70.75,0,56.33,HIGH_RISK,LOW
13.84,2.79,28.86,64.68,0,15.96,LOW_RISK,HIGH
44.58,2.1,33.17,41.51,1,42.62,MEDIUM_RISK,MEDIUM
11.19,4.53,29.38,82.94,0,21.39,LOW_RISK,HIGH
11.51,0.18,17.59,79.19,0,4.96,LOW_RISK,HIGH
26.37,4.67,24.84,58.99,0,22.06,LOW_RISK,HIGH
19.28,2.48,15.89,30.28,0,23.97,LOW_RISK,HIGH
58.42,1.02,24.53,59.9,1,50.52,MEDIUM_RISK,MEDIUM
21.38,3.92,33.91,52.69,0,27.83,LOW_RISK,HIGH
43.66,4.26,28.91,47.94,0,32.14,LOW_RISK,HIGH
26.26,3.35,37.94,89.08,0,33.08,LOW_RISK,HIGH
28.68,1.1,18.36,74.53,0,19.31,LOW_RISK,HIGH
26.41,12.34,33.48,58.31,0,40.49,MEDIUM_RISK,MEDIUM
24.67,10.33,30.46,49.25,0,30.49,LOW_RISK,HIGH
18.23,21.15,16.83,49.38,1,54.79,MEDIUM_RISK,MEDIUM
42.79,5.06,23.68,43.37,0,25.13,LOW_RISK,HIGH
45.11,6.2,43.21,100.0,1,64.67,HIGH_RISK,LOW
29.91,5.33,26.27,77.74,0,27.25,LOW_RISK,HIGH
12.31,2.92,45.0,86.77,1,38.5,MEDIUM_RISK,MEDIUM
8.78,10.4,36.13,27.41,0,17.49,LOW_RISK,HIGH
19.08,0.52,28.37,55.15,0,22.08,LOW_RISK,HIGH
12.29,15.62,34.38,58.25,0,36.75,MEDIUM_RISK,MEDIUM
34.12,2.29,30.11,54.67,0,35.61,MEDIUM_RISK,MEDIUM
33.0,4.35,22.36,73.25,0,36.23,MEDIUM_RISK,MEDIUM
6.09,13.75,27.69,73.86,0,31.89,LOW_RISK,HIGH
26.92,6.88,40.69,68.09,0,29.36,LOW_RISK,HIGH
16.79,7.62,30.71,65.93,0,21.45,LOW_RISK,HIGH
12.55,5.84,25.31,48.95,0,10.7,LOW_RISK,HIGH
44.06,3.41,38.49,27.12,0,34.87,LOW_RISK,HIGH
28.9,5.69,41.31,34.32,0,24.11,LOW_RISK,HIGH
18.4,1.48,37.4,55.46,0,21.03,LOW_RISK,HIGH
24.94,9.46,28.21,59.3,1,45.42,MEDIUM_RISK,MEDIUM
40.51,4.64,13.91,58.0,1,48.79,MEDIUM_RISK,MEDIUM
30.69,1.58,28.89,100.0,0,33.73,LOW_RISK,HIGH
5.91,3.25,30.49,62.5,0,5.7,LOW_RISK,HIGH
0.83,6.38,11.15,92.27,0,23.82,LOW_RISK,HIGH
3.18,4.13,24.17,74.34,0,14.51,LOW_RISK,HIGH
7.95,7.19,23.68,87.12,0,25.96,LOW_RISK,HIGH
21.76,4.05,13.15,75.13,0,25.9,LOW_RISK,HIGH
15.58,9.56,36.71,81.9,0,42.27,MEDIUM_RISK,MEDIUM
39.02,10.9,19.72,56.67,0,41.89,MEDIUM_RISK,MEDIUM
26.87,5.03,41.98,84.74,0,34.23,LOW_RISK,HIGH
7.95,22.89,16.36,69.4,0,36.49,MEDIUM_RISK,MEDIUM
7.6,0.95,26.51,65.66,0,9.45,LOW_RISK,HIGH
9.24,5.31,31.28,82.98,0,11.46,LOW_RISK,HIGH
21.34,3.82,36.55,74.22,0,29.4,LOW_RISK,HIGH
47.41,5.41,18.33,56.67,0,39.12,MEDIUM_RISK,MEDIUM
27.19,5.87,22.73,100.0,0,36.55,MEDIUM_RISK,MEDIUM
80.0,4.29,13.4,74.6,0,47.55,MEDIUM_RISK,MEDIUM
20.81,9.92,35.05,66.51,0,28.62,LOW_RISK,HIGH
21.0,3.71,43.5,56.37,0,23.59,LOW_RISK,HIGH
15.19,2.09,25.36,96.99,0,29.24,LOW_RISK,HIGH
48.3,0.52,30.85,68.59,0,36.37,MEDIUM_RISK,MEDIUM
22.67,9.96,17.32,96.12,0,48.12,MEDIUM_RISK,MEDIUM
14.81,2.91,17.93,100.0,0,18.09,LOW_RISK,HIGH
9.92,5.72,14.25,64.25,0,10.86,LOW_RISK,HIGH
37.19,12.8,39.98,74.95,0,48.71,MEDIUM_RISK,MEDIUM
49.77,3.08,30.62,83.98,1,61.81,HIGH_RISK,LOW
11.51,4.41,20.78,84.42,0,19.77,LOW_RISK,HIGH
33.89,11.8,27.97,41.53,0,41.71,MEDIUM_RISK,MEDIUM
15.08,7.77,33.51,65.97,0,32.32,LOW_RISK,HIGH
19.34,12.3,29.52,68.75,0,31.06,LOW_RISK,HIGH
10.04,7.43,28.12,100.0,0,22.94,LOW_RISK,HIGH
17.45,13.36,30.24,75.3,1,50.02,MEDIUM_RISK,MEDIUM
8.76,13.33,26.52,67.55,0,19.39,LOW_RISK,HIGH
19.94,7.0,21.19,58.7,0,22.42,LOW_RISK,HIGH
37.35,2.84,29.76,53.38,0,31.05,LOW_RISK,HIGH
23.14,1.9,24.79,83.27,0,19.24,LOW_RISK,HIGH
14.18,17.12,30.8,89.03,0,40.63,MEDIUM_RISK,MEDIUM
10.24,2.92,23.33,76.82,0,17.56,LOW_RISK,HIGH
26.19,11.84,20.73,92.06,0,46.01,MEDIUM_RISK,MEDIUM
29.98,16.26,23.17,57.47,0,43.58,MEDIUM_RISK,MEDIUM
7.92,2.41,41.09,81.33,0,24.03,LOW_RISK,HIGH
52.96,11.22,44.99,69.2,0,56.36,HIGH_RISK,LOW
15.66,4.33,25.73,63.68,0,22.26,LOW_RISK,HIGH
20.67,8.41,33.92,65.23,0,34.14,LOW_RISK,HIGH
14.29,0.55,29.42,77.07,0,13.37,LOW_RISK,HIGH
8.62,9.86,40.54,83.46,0,39.24,MEDIUM_RISK,MEDIUM
39.04,4.58,17.62,55.97,0,28.56,LOW_RISK,HIGH
21.11,4.84,23.15,100.0,0,35.19,MEDIUM_RISK,MEDIUM
39.48,2.96,24.71,76.81,0,39.12,MEDIUM_RISK,MEDIUM
25.51,25.27,27.27,86.58,1,61.03,HIGH_RISK,LOW
14.22,4.44,29.55,91.12,0,22.74,LOW_RISK,HIGH
7.32,4.38,42.12,58.1,0,14.08,LOW_RISK,HIGH
24.36,30.31,15.48,47.05,0,38.07,MEDIUM_RISK,MEDIUM
24.73,2.22,28.05,68.35,0,22.49,LOW_RISK,HIGH
75.59,23.58,35.85,63.53,1,82.91,HIGH_RISK,LOW
23.34,16.15,36.97,73.57,0,45.51,MEDIUM_RISK,MEDIUM
24.97,14.95,39.43,64.65,0,40.1,MEDIUM_RISK,MEDIUM
53.46,2.59,24.25,63.28,1,64.53,HIGH_RISK,LOW
7.63,14.49,21.15,48.61,1,37.11,MEDIUM_RISK,MEDIUM
14.74,4.23,19.65,20.0,0,15.87,LOW_RISK,HIGH
44.39,3.5,29.55,50.09,0,42.39,MEDIUM_RISK,MEDIUM
2.54,9.84,37.16,80.55,0,30.13,LOW_RISK,HIGH
19.3,10.3,33.24,46.4,0,29.97,LOW_RISK,HIGH
33.04,4.11,19.93,51.58,0,42.59,MEDIUM_RISK,MEDIUM
21.23,0.89,30.83,71.5,0,19.59,LOW_RISK,HIGH
26.36,3.39,29.06,100.0,0,28.67,LOW_RISK,HIGH
63.47,16.79,28.26,67.02,1,79.46,HIGH_RISK,LOW
52.01,1.11,19.29,78.9,1,48.82,MEDIUM_RISK,MEDIUM
27.27,4.51,18.68,76.82,0,33.21,LOW_RISK,HIGH
34.11,10.03,25.09,32.9,0,38.48,MEDIUM_RISK,MEDIUM
12.34,1.44,26.37,72.75,0,17.32,LOW_RISK,HIGH
5.26,5.96,34.39,93.06,1,46.01,MEDIUM_RISK,MEDIUM
46.32,3.51,26.58,70.7,0,46.78,MEDIUM_RISK,MEDIUM
7.55,10.81,9.56,44.16,0,26.74,LOW_RISK,HIGH
46.31,6.79,34.93,84.99,0,47.71,MEDIUM_RISK,MEDIUM
6.75,6.23,19.1,80.46,0,25.35,LOW_RISK,HIGH
31.13,7.22,27.45,55.64,0,37.58,MEDIUM_RISK,MEDIUM
36.8,4.0,34.18,67.88,0,29.65,LOW_RISK,HIGH
22.22,3.59,19.26,82.31,0,32.01,LOW_RISK,HIGH
29.45,4.8,40.37,53.87,0,19.29,LOW_RISK,HIGH
15.35,9.87,32.96,45.53,0,28.14,LOW_RISK,HIGH
39.88,5.64,33.23,44.0,0,39.99,MEDIUM_RISK,MEDIUM
19.66,1.82,23.99,100.0,0,21.05,LOW_RISK,HIGH
28.66,10.36,16.23,82.0,0,36.98,MEDIUM_RISK,MEDIUM
13.64,1.79,33.75,75.78,0,18.35,LOW_RISK,HIGH
26.51,4.93,24.9,38.99,0,21.51,LOW_RISK,HIGH
18.45,2.16,24.85,91.21,0,38.58,MEDIUM_RISK,MEDIUM
35.39,18.95,33.74,55.48,0,49.9,MEDIUM_RISK,MEDIUM
43.64,2.37,30.38,62.44,0,35.07,MEDIUM_RISK,MEDIUM
11.19,3.61,39.32,98.47,0,29.35,LOW_RISK,HIGH
26.33,3.15,29.38,58.08,0,31.34,LOW_RISK,HIGH
31.47,1.88,33.6,69.48,0,20.26,LOW_RISK,HIGH
55.79,6.64,31.83,61.41,1,59.89,HIGH_RISK,LOW
24.24,1.66,12.24,41.31,0,14.53,LOW_RISK,HIGH
39.85,1.93,31.22,65.21,0,26.07,LOW_RISK,HIGH
36.17,3.02,32.24,61.24,0,31.92,LOW_RISK,HIGH
12.8,11.16,23.55,87.22,0,34.11,LOW_RISK,HIGH
27.78,1.35,20.0,70.26,0,28.23,LOW_RISK,HIGH
31.05,8.4,23.6,46.06,0,40.6,MEDIUM_RISK,MEDIUM
28.38,2.69,27.98,46.56,0,22.92,LOW_RISK,HIGH
52.62,1.31,38.75,82.83,0,44.01,MEDIUM_RISK,MEDIUM
21.12,6.96,23.13,68.35,0,22.45,LOW_RISK,HIGH
20.04,5.89,39.43,58.45,1,36.44,MEDIUM_RISK,MEDIUM
13.24,0.33,41.75,77.17,0,8.52,LOW_RISK,HIGH
46.29,14.65,23.71,36.66,0,46.26,MEDIUM_RISK,MEDIUM
52.81,12.09,19.37,51.53,1,68.91,HIGH_RISK,LOW
44.3,9.67,31.01,44.06,0,44.95,MEDIUM_RISK,MEDIUM
43.5,1.26,32.97,67.59,0,30.31,LOW_RISK,HIGH
17.42,2.94,45.0,50.93,0,22.95,LOW_RISK,HIGH
17.89,3.26,32.6,86.91,0,37.24,MEDIUM_RISK,MEDIUM
22.97,7.73,7.65,43.64,0,34.72,LOW_RISK,HIGH
40.59,8.68,30.18,76.84,0,50.88,MEDIUM_RISK,MEDIUM
43.97,10.14,20.18,78.94,1,69.31,HIGH_RISK,LOW
46.71,13.07,30.93,79.64,1,70.02,HIGH_RISK,LOW
17.67,7.35,21.56,64.6,0,23.72,LOW_RISK,HIGH
15.83,7.39,14.34,100.0,0,36.48,MEDIUM_RISK,MEDIUM
2.15,0.62,28.18,86.93,0,13.14,LOW_RISK,HIGH
16.6,15.35,21.21,67.46,1,56.57,HIGH_RISK,LOW
10.37,0.96,26.47,40.57,0,0.0,LOW_RISK,HIGH
58.64,8.88,18.99,86.88,0,67.68,HIGH_RISK,LOW
13.98,24.78,30.9,97.16,0,43.96,MEDIUM_RISK,MEDIUM
75.22,6.79,36.06,43.52,1,59.65,HIGH_RISK,LOW
25.14,20.39,28.05,80.84,0,40.67,MEDIUM_RISK,MEDIUM
11.8,6.08,36.07,67.87,0,11.15,LOW_RISK,HIGH
14.57,2.84,36.15,63.88,0,20.05,LOW_RISK,HIGH
12.68,10.56,34.72,68.98,0,31.8,LOW_RISK,HIGH
26.57,1.72,45.0,81.35,0,25.79,LOW_RISK,HIGH
33.83,14.63,24.4,55.99,0,40.59,MEDIUM_RISK,MEDIUM
3.38,13.57,16.08,80.71,0,31.74,LOW_RISK,HIGH
43.39,2.97,18.87,75.31,0,37.42,MEDIUM_RISK,MEDIUM
60.77,6.27,35.08,60.02,0,41.07,MEDIUM_RISK,MEDIUM
59.46,1.21,23.92,95.05,1,56.89,HIGH_RISK,LOW
39.23,2.26,21.77,45.08,0,31.05,LOW_RISK,HIGH
42.16,7.48,31.41,46.17,1,49.3,MEDIUM_RISK,MEDIUM
28.04,7.91,31.13,73.95,0,20.29,LOW_RISK,HIGH
11.76,9.94,25.08,48.96,0,21.92,LOW_RISK,HIGH
31.73,10.59,9.04,52.22,0,49.6,MEDIUM_RISK,MEDIUM
26.07,0.85,19.04,51.67,0,13.75,LOW_RISK,HIGH
19.82,2.05,29.74,61.38,0,22.45,LOW_RISK,HIGH
33.64,10.15,18.04,56.83,0,43.41,MEDIUM_RISK,MEDIUM
17.21,4.16,28.62,84.13,0,27.14,LOW_RISK,HIGH
38.77,4.15,36.78,50.96,0,40.54,MEDIUM_RISK,MEDIUM
12.48,2.87,36.59,74.12,0,17.49,LOW_RISK,HIGH
20.96,3.44,42.39,97.89,0,30.5,LOW_RISK,HIGH
46.91,15.78,35.21,39.7,1,75.09,HIGH_RISK,LOW
6.8,8.87,33.95,73.46,0,25.36,LOW_RISK,HIGH
34.57,2.48,12.86,73.87,0,40.44,MEDIUM_RISK,MEDIUM
31.25,2.12,27.38,58.98,0,40.5,MEDIUM_RISK,MEDIUM
16.3,2.15,28.79,31.05,0,25.06,LOW_RISK,HIGH
27.11,17.0,20.5,82.13,0,51.82,MEDIUM_RISK,MEDIUM
46.18,5.08,24.61,46.94,0,34.72,LOW_RISK,HIGH
8.99,6.2,34.65,79.09,0,25.99,LOW_RISK,HIGH
43.72,7.34,30.51,31.22,1,52.66,MEDIUM_RISK,MEDIUM
34.32,11.4,31.18,63.27,0,47.76,MEDIUM_RISK,MEDIUM
12.37,8.44,32.35,78.12,0,29.09,LOW_RISK,HIGH
3.66,8.35,25.42,61.24,0,25.15,LOW_RISK,HIGH
9.59,10.11,33.72,55.67,0,30.26,LOW_RISK,HIGH
31.83,14.05,35.99,81.98,0,52.25,MEDIUM_RISK,MEDIUM
55.04,1.22,18.22,65.92,0,31.21,LOW_RISK,HIGH
22.45,3.38,34.65,88.92,0,32.78,LOW_RISK,HIGH
44.31,2.45,32.08,60.72,1,49.61,MEDIUM_RISK,MEDIUM
18.45,9.05,17.7,90.48,1,55.61,HIGH_RISK,LOW
47.11,0.57,21.1,84.76,1,57.36,HIGH_RISK,LOW
13.34,10.64,22.06,66.81,0,19.86,LOW_RISK,HIGH
21.98,4.2,29.95,93.09,0,34.54,LOW_RISK,HIGH
29.99,2.25,23.67,53.25,0,18.35,LOW_RISK,HIGH
26.07,2.43,20.43,96.6,0,34.08,LOW_RISK,HIGH
44.96,13.96,30.09,55.09,0,42.73,MEDIUM_RISK,MEDIUM
13.4,1.6,15.8,42.3,0,0.0,LOW_RISK,HIGH
13.8,14.91,29.62,78.46,0,28.67,LOW_RISK,HIGH
6.18,7.09,25.52,83.95,0,16.79,LOW_RISK,HIGH
21.9,1.85,5.0,49.46,0,14.86,LOW_RISK,HIGH
19.86,8.56,16.82,76.89,0,44.66,MEDIUM_RISK,MEDIUM
36.94,8.13,24.13,96.01,0,55.58,HIGH_RISK,LOW
40.91,3.14,19.24,54.17,0,33.65,LOW_RISK,HIGH
20.92,8.91,36.53,70.6,1,48.42,MEDIUM_RISK,MEDIUM
5.74,7.92,34.04,52.19,0,13.62,LOW_RISK,HIGH
28.1,2.97,33.09,80.51,0,19.73,LOW_RISK,HIGH
6.85,1.49,22.7,53.15,0,9.08,LOW_RISK,HIGH
32.02,16.54,31.96,87.08,0,65.71,HIGH_RISK,LOW
23.29,1.84,26.57,38.95,0,14.28,LOW_RISK,HIGH
55.66,2.75,16.29,36.91,1,55.07,HIGH_RISK,LOW
14.9,2.17,18.96,84.34,0,23.2,LOW_RISK,HIGH
41.16,6.08,21.18,60.37,0,36.82,MEDIUM_RISK,MEDIUM
43.92,11.31,35.17,51.56,0,42.78,MEDIUM_RISK,MEDIUM
26.94,3.72,31.61,45.42,0,26.19,LOW_RISK,HIGH
56.55,3.96,28.56,77.52,0,49.59,MEDIUM_RISK,MEDIUM
26.75,3.59,27.71,91.22,1,46.75,MEDIUM_RISK,MEDIUM
19.98,2.65,18.13,56.27,0,28.84,LOW_RISK,HIGH
29.61,13.52,36.9,71.01,0,39.18,MEDIUM_RISK,MEDIUM
46.89,5.72,44.02,56.46,0,45.66,MEDIUM_RISK,MEDIUM
7.27,5.77,29.24,27.93,0,12.43,LOW_RISK,HIGH
61.84,0.76,26.67,72.94,0,43.11,MEDIUM_RISK,MEDIUM
35.96,3.26,15.77,73.58,0,44.41,MEDIUM_RISK,MEDIUM
47.07,4.74,8.93,62.5,0,42.8,MEDIUM_RISK,MEDIUM
12.1,5.0,29.27,91.14,0,22.41,LOW_RISK,HIGH
17.08,6.71,28.68,57.97,0,23.5,LOW_RISK,HIGH
49.57,5.49,19.47,58.39,0,29.16,LOW_RISK,HIGH
52.32,8.88,35.91,57.74,1,66.55,HIGH_RISK,LOW
3.64,5.01,33.81,64.25,0,13.22,LOW_RISK,HIGH
29.64,7.82,18.48,51.42,0,27.37,LOW_RISK,HIGH
23.73,8.77,23.55,46.75,0,32.0,LOW_RISK,HIGH
2.82,11.9,22.56,53.44,0,25.87,LOW_RISK,HIGH
33.84,6.25,27.99,47.86,0,32.64,LOW_RISK,HIGH
26.94,3.69,35.06,89.93,0,38.19,MEDIUM_RISK,MEDIUM
24.9,5.6,34.07,59.49,0,23.38,LOW_RISK,HIGH
33.6,13.44,8.92,69.82,0,52.84,MEDIUM_RISK,MEDIUM
41.84,7.76,21.22,40.64,0,31.7,LOW_RISK,HIGH
16.82,6.03,32.36,69.4,0,25.62,LOW_RISK,HIGH
21.74,6.04,24.0,40.05,0,19.02,LOW_RISK,HIGH
6.34,1.98,39.33,63.38,0,10.04,LOW_RISK,HIGH
38.9,6.83,31.07,63.5,0,35.1,MEDIUM_RISK,MEDIUM
72.65,10.88,24.46,88.82,1,85.26,HIGH_RISK,LOW
49.22,1.17,19.64,89.89,0,41.39,MEDIUM_RISK,MEDIUM
32.6,3.16,26.2,93.5,0,39.21,MEDIUM_RISK,MEDIUM
27.04,0.81,22.17,60.76,0,16.3,LOW_RISK,HIGH
30.19,9.08,33.14,70.4,0,45.43,MEDIUM_RISK,MEDIUM
20.02,20.26,25.67,52.42,1,52.46,MEDIUM_RISK,MEDIUM
16.77,3.43,26.22,68.41,0,23.88,LOW_RISK,HIGH
21.78,13.5,33.27,97.85,1,55.82,HIGH_RISK,LOW
31.52,1.77,28.33,95.12,0,35.08,MEDIUM_RISK,MEDIUM
23.42,8.03,30.87,76.03,0,41.65,MEDIUM_RISK,MEDIUM
31.21,7.41,28.7,72.92,0,36.64,MEDIUM_RISK,MEDIUM
22.04,5.27,13.22,81.6,0,33.35,LOW_RISK,HIGH
13.03,13.84,45.0,20.0,0,26.71,LOW_RISK,HIGH
13.97,4.01,29.84,86.44,0,21.78,LOW_RISK,HIGH
14.01,11.38,17.67,89.1,1,43.69,MEDIUM_RISK,MEDIUM
11.4,2.7,20.4,89.59,1,31.44,LOW_RISK,HIGH
31.66,3.08,37.73,61.04,0,33.93,LOW_RISK,HIGH
28.01,1.33,35.52,71.36,0,18.71,LOW_RISK,HIGH
24.78,2.7,32.81,91.16,0,34.55,LOW_RISK,HIGH
19.0,10.98,24.65,48.43,0,20.29,LOW_RISK,HIGH
37.92,1.03,29.96,78.7,0,34.98,LOW_RISK,HIGH
26.25,4.0,32.22,49.39,0,17.25,LOW_RISK,HIGH
3.43,16.63,33.51,33.96,1,39.32,MEDIUM_RISK,MEDIUM
24.35,5.61,24.1,62.22,0,27.44,LOW_RISK,HIGH
49.04,1.34,18.97,76.51,1,56.31,HIGH_RISK,LOW
36.85,2.69,24.57,81.31,0,48.55,MEDIUM_RISK,MEDIUM
28.47,4.77,44.59,93.82,0,35.88,MEDIUM_RISK,MEDIUM
12.38,3.25,21.9,35.75,0,12.99,LOW_RISK,HIGH
36.31,7.46,28.07,100.0,0,44.63,MEDIUM_RISK,MEDIUM
36.39,6.18,23.93,50.5,0,40.3,MEDIUM_RISK,MEDIUM
18.66,5.18,11.45,92.99,0,35.63,MEDIUM_RISK,MEDIUM
14.38,2.01,24.55,57.72,0,12.3,LOW_RISK,HIGH
66.93,1.68,32.42,88.01,1,68.66,HIGH_RISK,LOW
15.77,13.19,31.71,36.88,0,31.36,LOW_RISK,HIGH
15.07,6.22,25.32,75.83,0,24.15,LOW_RISK,HIGH
10.73,2.79,16.95,60.16,0,16.08,LOW_RISK,HIGH
21.98,10.46,34.21,80.1,0,28.78,LOW_RISK,HIGH
33.88,0.68,16.18,94.61,0,31.13,LOW_RISK,HIGH
29.21,4.28,31.46,73.37,0,26.2,LOW_RISK,HIGH
72.39,0.34,30.41,87.7,1,62.74,HIGH_RISK,LOW
28.99,2.64,21.8,25.74,0,21.14,LOW_RISK,HIGH
8.55,12.67,20.06,84.1,0,30.44,LOW_RISK,HIGH
31.29,2.21,18.78,82.22,0,37.37,MEDIUM_RISK,MEDIUM
15.36,4.14,34.63,69.59,0,26.26,LOW_RISK,HIGH
15.26,10.85,23.4,92.26,0,39.18,MEDIUM_RISK,MEDIUM
37.73,14.09,9.15,39.79,0,46.4,MEDIUM_RISK,MEDIUM
10.2,9.35,33.29,61.29,0,30.87,LOW_RISK,HIGH
19.9,1.91,34.68,77.22,0,28.39,LOW_RISK,HIGH
56.25,2.86,22.78,56.76,0,47.78,MEDIUM_RISK,MEDIUM
37.19,3.89,20.4,65.37,0,36.54,MEDIUM_RISK,MEDIUM
8.41,8.25,33.1,57.56,0,23.91,LOW_RISK,HIGH
11.54,16.86,32.69,55.43,1,52.05,MEDIUM_RISK,MEDIUM
10.14,8.97,36.15,92.59,0,31.86,LOW_RISK,HIGH
28.01,10.35,16.33,86.44,0,42.67,MEDIUM_RISK,MEDIUM
5.2,6.55,10.44,62.1,0,13.77,LOW_RISK,HIGH
13.93,1.12,17.36,58.52,0,9.89,LOW_RISK,HIGH
39.77,2.29,24.02,100.0,0,45.29,MEDIUM_RISK,MEDIUM
23.13,2.31,39.13,51.07,0,16.59,LOW_RISK,HIGH
15.68,2.49,44.22,100.0,0,38.33,MEDIUM_RISK,MEDIUM
17.19,23.02,31.3,58.97,0,37.63,MEDIUM_RISK,MEDIUM
49.1,1.29,27.52,69.75,1,54.08,MEDIUM_RISK,MEDIUM
30.87,1.07,24.53,76.33,0,31.97,LOW_RISK,HIGH
2.59,6.06,27.92,36.73,0,16.41,LOW_RISK,HIGH
28.09,3.88,22.53,61.46,0,17.64,LOW_RISK,HIGH
28.17,14.26,19.85,88.04,0,34.77,LOW_RISK,HIGH
5.96,14.37,20.44,68.76,0,18.08,LOW_RISK,HIGH
33.9,8.25,25.44,63.33,0,44.67,MEDIUM_RISK,MEDIUM
55.06,4.83,31.87,61.33,0,41.75,MEDIUM_RISK,MEDIUM
15.3,13.51,34.45,59.22,0,31.19,LOW_RISK,HIGH
14.58,22.53,26.09,77.2,0,34.69,LOW_RISK,HIGH
11.71,13.71,30.61,50.05,0,26.93,LOW_RISK,HIGH
14.14,0.74,22.95,85.71,0,21.23,LOW_RISK,HIGH
9.33,5.12,14.86,59.47,0,17.38,LOW_RISK,HIGH
10.03,12.03,22.28,78.77,0,24.64,LOW_RISK,HIGH
21.64,5.55,25.69,92.7,1,39.99,MEDIUM_RISK,MEDIUM
42.77,3.74,32.92,91.31,1,56.41,HIGH_RISK,LOW
18.11,1.58,24.63,72.01,0,29.67,LOW_RISK,HIGH
31.82,5.84,14.12,70.76,0,40.43,MEDIUM_RISK,MEDIUM
26.88,4.3,32.72,60.85,0,24.83,LOW_RISK,HIGH
11.53,9.06,23.66,84.6,0,29.71,LOW_RISK,HIGH
23.82,7.62,28.78,91.89,0,34.12,LOW_RISK,HIGH
18.07,6.99,25.9,69.86,0,17.27,LOW_RISK,HIGH
33.67,18.28,26.21,64.22,0,50.78,MEDIUM_RISK,MEDIUM
18.53,2.34,32.25,59.52,0,24.33,LOW_RISK,HIGH
33.25,1.05,23.79,100.0,0,40.76,MEDIUM_RISK,MEDIUM
64.67,8.37,21.69,71.04,0,60.22,HIGH_RISK,LOW
7.49,4.05,20.0,100.0,0,24.8,LOW_RISK,HIGH
34.37,16.49,12.24,32.55,1,61.58,HIGH_RISK,LOW
26.85,3.8,29.1,75.18,0,24.7,LOW_RISK,HIGH
41.56,14.02,21.41,20.0,0,42.49,MEDIUM_RISK,MEDIUM
22.74,3.85,25.02,38.11,0,20.44,LOW_RISK,HIGH
27.86,6.83,34.42,86.34,0,40.0,MEDIUM_RISK,MEDIUM
30.49,1.92,27.72,72.95,0,37.95,MEDIUM_RISK,MEDIUM
8.03,2.13,26.38,75.15,0,19.23,LOW_RISK,HIGH
1.24,4.83,31.38,43.72,0,20.73,LOW_RISK,HIGH
33.88,5.38,25.77,72.03,0,39.35,MEDIUM_RISK,MEDIUM
16.41,3.75,26.56,65.97,0,20.95,LOW_RISK,HIGH
50.72,8.81,40.58,72.64,0,66.19,HIGH_RISK,LOW
8.22,2.22,21.75,55.81,0,13.35,LOW_RISK,HIGH
19.3,9.06,22.14,39.18,0,26.99,LOW_RISK,HIGH
31.36,6.16,19.79,42.62,0,30.71,LOW_RISK,HIGH
66.65,2.22,31.8,58.83,0,46.14,MEDIUM_RISK,MEDIUM
7.02,2.32,33.01,100.0,1,38.92,MEDIUM_RISK,MEDIUM
54.56,21.25,19.62,100.0,0,73.19,HIGH_RISK,LOW
45.51,6.07,31.2,62.75,0,40.73,MEDIUM_RISK,MEDIUM
15.6,0.81,21.06,98.01,0,30.19,LOW_RISK,HIGH
10.22,4.58,35.13,59.83,0,15.14,LOW_RISK,HIGH
67.88,11.32,19.65,49.58,0,51.26,MEDIUM_RISK,MEDIUM
17.85,7.42,24.35,37.36,0,26.66,LOW_RISK,HIGH
23.72,4.87,38.48,20.0,0,27.47,LOW_RISK,HIGH
32.97,1.34,44.89,56.43,0,28.74,LOW_RISK,HIGH
35.62,1.0,20.91,48.15,0,26.91,LOW_RISK,HIGH
17.82,5.22,32.81,50.67,0,24.78,LOW_RISK,HIGH
49.89,5.28,23.29,59.93,0,48.82,MEDIUM_RISK,MEDIUM
45.67,8.4,17.83,67.06,0,60.33,HIGH_RISK,LOW
22.45,7.72,27.1,44.76,0,23.93,LOW_RISK,HIGH
14.66,4.68,18.1,91.78,0,27.54,LOW_RISK,HIGH
2.74,5.07,5.0,83.18,0,22.85,LOW_RISK,HIGH
17.98,1.44,27.04,67.18,0,13.67,LOW_RISK,HIGH
51.96,1.01,35.81,62.78,0,34.02,LOW_RISK,HIGH
21.55,1.74,18.57,70.25,0,19.84,LOW_RISK,HIGH
15.45,6.97,31.52,83.42,0,27.64,LOW_RISK,HIGH
20.96,2.71,23.07,28.18,0,28.16,LOW_RISK,HIGH
8.06,13.79,27.93,85.4,0,36.27,MEDIUM_RISK,MEDIUM
11.39,3.34,28.17,42.19,0,15.78,LOW_RISK,HIGH
11.94,14.04,29.37,76.38,0,25.42,LOW_RISK,HIGH
37.25,6.11,39.02,48.4,0,41.05,MEDIUM_RISK,MEDIUM
9.8,16.62,21.03,60.45,0,28.23,LOW_RISK,HIGH
21.76,6.27,25.34,51.65,0,24.43,LOW_RISK,HIGH
10.07,4.65,15.41,62.43,0,17.37,LOW_RISK,HIGH
9.11,16.32,18.22,97.53,1,60.27,HIGH_RISK,LOW
29.86,5.28,30.31,60.34,0,27.29,LOW_RISK,HIGH
58.91,11.85,43.73,85.99,1,82.98,HIGH_RISK,LOW
13.85,0.8,39.95,36.58,0,3.18,LOW_RISK,HIGH
39.25,13.75,27.32,70.48,0,42.31,MEDIUM_RISK,MEDIUM
11.22,10.83,20.1,76.22,0,27.28,LOW_RISK,HIGH
3.44,4.48,20.28,86.55,0,18.07,LOW_RISK,HIGH
28.76,7.57,21.22,61.7,0,14.68,LOW_RISK,HIGH
53.39,10.06,18.44,33.05,0,51.58,MEDIUM_RISK,MEDIUM
47.9,8.51,27.91,91.67,1,75.32,HIGH_RISK,LOW
19.02,15.44,14.46,100.0,1,61.59,HIGH_RISK,LOW
44.34,6.01,25.96,100.0,1,53.96,MEDIUM_RISK,MEDIUM
21.2,3.6,33.5,40.83,0,20.61,LOW_RISK,HIGH
5.76,1.34,23.92,40.34,0,2.42,LOW_RISK,HIGH
7.03,9.45,24.07,100.0,0,28.15,LOW_RISK,HIGH
13.84,6.34,18.37,87.64,0,22.34,LOW_RISK,HIGH
30.17,9.81,27.38,20.0,0,38.93,MEDIUM_RISK,MEDIUM
39.14,11.46,15.32,70.47,0,49.5,MEDIUM_RISK,MEDIUM
22.86,1.86,29.82,78.8,0,23.41,LOW_RISK,HIGH
22.92,10.87,20.5,46.47,0,26.73,LOW_RISK,HIGH
2.38,6.26,30.92,100.0,1,41.37,MEDIUM_RISK,MEDIUM
28.94,3.79,34.32,85.72,0,30.45,LOW_RISK,HIGH
19.69,14.06,38.01,69.99,0,30.45,LOW_RISK,HIGH
26.8,3.72,24.0,100.0,0,35.97,MEDIUM_RISK,MEDIUM
10.68,3.3,25.6,87.79,0,27.62,LOW_RISK,HIGH
22.9,0.34,35.56,35.82,0,12.37,LOW_RISK,HIGH
21.49,0.73,34.1,35.51,0,18.47,LOW_RISK,HIGH
30.17,7.25,25.07,62.61,0,32.02,LOW_RISK,HIGH
38.27,10.22,41.64,31.75,0,40.45,MEDIUM_RISK,MEDIUM
25.76,2.41,22.89,57.08,0,17.27,LOW_RISK,HIGH
19.87,3.28,28.34,100.0,0,29.38,LOW_RISK,HIGH
8.53,4.61,35.25,80.32,0,23.88,LOW_RISK,HIGH
17.93,20.31,42.58,20.12,1,51.84,MEDIUM_RISK,MEDIUM
26.1,0.9,22.64,91.43,0,29.06,LOW_RISK,HIGH
6.61,18.31,26.26,42.79,0,23.07,LOW_RISK,HIGH
29.03,1.45,27.1,37.54,0,24.71,LOW_RISK,HIGH
39.45,4.02,29.5,79.13,0,36.63,MEDIUM_RISK,MEDIUM
30.02,4.49,39.01,75.33,0,45.66,MEDIUM_RISK,MEDIUM
13.64,4.35,17.93,42.02,0,17.92,LOW_RISK,HIGH
8.89,19.17,36.95,80.27,1,46.56,MEDIUM_RISK,MEDIUM
11.35,2.74,24.08,66.81,0,18.01,LOW_RISK,HIGH
42.25,6.19,23.03,77.98,1,55.38,HIGH_RISK,LOW
30.56,4.27,33.77,61.61,0,32.52,LOW_RISK,HIGH
19.6,3.42,26.76,88.72,0,33.54,LOW_RISK,HIGH
25.42,4.12,31.41,20.0,1,35.33,MEDIUM_RISK,MEDIUM
26.27,12.77,25.33,87.52,1,64.23,HIGH_RISK,LOW
23.01,9.64,32.86,61.45,0,29.0,LOW_RISK,HIGH
28.34,9.86,31.05,100.0,0,40.68,MEDIUM_RISK,MEDIUM
9.35,18.83,30.9,63.88,0,35.88,MEDIUM_RISK,MEDIUM
43.6,3.21,31.98,82.89,0,34.52,LOW_RISK,HIGH
15.75,12.26,33.01,66.07,0,29.42,LOW_RISK,HIGH
12.29,6.22,27.18,100.0,1,38.74,MEDIUM_RISK,MEDIUM
17.99,5.95,29.43,69.89,0,20.27,LOW_RISK,HIGH
24.54,4.94,24.3,67.61,0,21.57,LOW_RISK,HIGH
12.99,5.05,41.28,100.0,0,21.81,LOW_RISK,HIGH
14.67,1.91,33.27,66.2,0,8.04,LOW_RISK,HIGH
5.11,4.34,32.85,61.36,0,21.52,LOW_RISK,HIGH
16.58,15.4,22.78,100.0,1,63.78,HIGH_RISK,LOW
54.53,7.3,25.07,68.93,0,42.87,MEDIUM_RISK,MEDIUM
32.63,0.23,38.35,65.21,0,37.3,MEDIUM_RISK,MEDIUM
27.99,5.15,21.8,73.09,0,26.37,LOW_RISK,HIGH
22.34,2.67,22.53,55.03,0,19.48,LOW_RISK,HIGH
26.11,7.5,31.68,58.22,0,24.81,LOW_RISK,HIGH
13.85,2.22,21.29,100.0,0,31.66,LOW_RISK,HIGH
4.04,2.02,36.46,66.63,0,14.5,LOW_RISK,HIGH
20.47,3.83,33.56,68.48,0,21.04,LOW_RISK,HIGH
48.55,9.31,28.34,88.89,0,62.62,HIGH_RISK,LOW
24.68,5.56,28.15,95.09,1,50.78,MEDIUM_RISK,MEDIUM
40.64,5.91,22.7,85.25,0,48.73,MEDIUM_RISK,MEDIUM
10.95,7.14,15.73,77.15,0,21.26,LOW_RISK,HIGH
21.16,2.43,34.75,62.94,0,22.52,LOW_RISK,HIGH
27.04,6.5,37.5,47.56,0,25.17,LOW_RISK,HIGH
13.8,20.22,23.29,63.33,1,46.87,MEDIUM_RISK,MEDIUM
22.17,5.22,36.33,59.95,0,26.11,LOW_RISK,HIGH
43.58,13.12,14.19,57.57,0,45.46,MEDIUM_RISK,MEDIUM
4.3,8.36,18.82,88.26,0,25.58,LOW_RISK,HIGH
18.67,3.38,38.15,26.8,1,41.22,MEDIUM_RISK,MEDIUM
21.84,3.34,11.53,77.01,0,28.72,LOW_RISK,HIGH
25.44,7.25,31.42,96.12,1,50.4,MEDIUM_RISK,MEDIUM
30.87,13.0,22.07,45.1,0,42.67,MEDIUM_RISK,MEDIUM
32.2,19.25,36.12,67.04,0,50.09,MEDIUM_RISK,MEDIUM
40.13,1.63,22.8,93.73,1,54.98,MEDIUM_RISK,MEDIUM
41.66,2.17,25.6,50.4,1,48.27,MEDIUM_RISK,MEDIUM
49.61,20.21,17.87,96.78,1,83.78,HIGH_RISK,LOW
54.77,19.45,22.53,81.62,0,61.7,HIGH_RISK,LOW
21.88,3.47,31.22,72.28,0,29.8,LOW_RISK,HIGH
42.61,13.24,29.52,20.0,1,57.83,HIGH_RISK,LOW
11.68,1.97,31.4,58.23,0,2.33,LOW_RISK,HIGH
55.12,8.6,19.51,48.7,1,60.45,HIGH_RISK,LOW
14.19,4.76,29.02,44.95,0,16.42,LOW_RISK,HIGH
9.16,11.79,45.0,98.91,1,54.42,MEDIUM_RISK,MEDIUM
26.79,0.62,24.28,57.34,0,13.13,LOW_RISK,HIGH
28.14,2.31,14.34,61.76,1,41.1,MEDIUM_RISK,MEDIUM
15.75,7.4,23.34,91.55,0,28.99,LOW_RISK,HIGH
23.85,12.72,36.77,98.68,0,40.28,MEDIUM_RISK,MEDIUM
10.21,2.64,44.12,74.29,1,30.62,LOW_RISK,HIGH
44.06,6.26,25.4,33.45,1,46.18,MEDIUM_RISK,MEDIUM
11.46,2.39,24.36,76.33,0,21.47,LOW_RISK,HIGH
46.89,8.72,32.52,51.63,1,71.41,HIGH_RISK,LOW
33.63,1.92,20.81,40.44,0,21.53,LOW_RISK,HIGH
35.86,5.4,31.11,45.55,0,36.61,MEDIUM_RISK,MEDIUM
14.51,6.53,39.97,100.0,0,20.41,LOW_RISK,HIGH
8.45,7.41,23.86,81.69,0,25.59,LOW_RISK,HIGH
14.35,5.06,25.74,58.45,0,10.53,LOW_RISK,HIGH
9.4,1.44,14.22,96.25,0,19.04,LOW_RISK,HIGH
24.62,16.73,43.98,100.0,0,47.07,MEDIUM_RISK,MEDIUM
32.08,8.02,31.46,49.09,0,38.9,MEDIUM_RISK,MEDIUM
30.57,8.51,17.68,63.26,0,40.4,MEDIUM_RISK,MEDIUM
13.96,16.8,27.23,43.54,0,32.91,LOW_RISK,HIGH
16.69,6.86,36.18,67.28,0,22.7,LOW_RISK,HIGH
17.81,7.65,20.6,76.41,0,25.74,LOW_RISK,HIGH
17.17,6.35,25.78,61.28,0,21.76,LOW_RISK,HIGH
23.92,2.13,15.37,62.85,0,23.43,LOW_RISK,HIGH
22.5,6.25,21.59,62.72,0,22.25,LOW_RISK,HIGH
26.98,4.79,21.22,49.1,0,16.01,LOW_RISK,HIGH
14.71,1.44,24.11,89.38,0,21.76,LOW_RISK,HIGH
18.24,3.74,18.64,83.54,0,28.9,LOW_RISK,HIGH
42.84,17.58,26.98,93.99,1,76.63,HIGH_RISK,LOW
23.81,3.48,23.64,77.46,0,27.31,LOW_RISK,HIGH
40.66,4.01,24.11,48.88,0,28.81,LOW_RISK,HIGH
45.09,1.54,28.15,55.13,0,36.68,MEDIUM_RISK,MEDIUM
31.45,7.39,18.13,93.62,0,40.92,MEDIUM_RISK,MEDIUM
9.55,3.84,30.57,60.86,0,19.95,LOW_RISK,HIGH
14.81,7.37,41.52,56.94,0,17.23,LOW_RISK,HIGH
11.97,7.75,31.25,71.49,0,22.4,LOW_RISK,HIGH
5.81,5.01,26.9,84.6,0,15.68,LOW_RISK,HIGH
18.3,19.51,27.24,81.65,0,45.9,MEDIUM_RISK,MEDIUM
15.35,4.1,14.36,100.0,0,31.86,LOW_RISK,HIGH
44.41,5.08,28.49,65.52,1,48.65,MEDIUM_RISK,MEDIUM
76.34,4.82,16.13,50.41,1,72.03,HIGH_RISK,LOW
5.79,5.99,28.93,93.41,0,26.98,LOW_RISK,HIGH
11.0,0.94,26.3,68.59,0,8.86,LOW_RISK,HIGH
15.93,4.51,14.38,80.1,0,25.86,LOW_RISK,HIGH
17.91,3.8,35.66,100.0,0,30.76,LOW_RISK,HIGH
13.94,4.2,11.84,64.95,0,16.15,LOW_RISK,HIGH
33.4,8.52,24.36,54.32,0,45.15,MEDIUM_RISK,MEDIUM
4.74,2.64,29.65,58.65,0,19.62,LOW_RISK,HIGH
19.1,13.89,19.09,93.7,0,45.88,MEDIUM_RISK,MEDIUM
13.65,3.76,33.7,66.57,0,17.72,LOW_RISK,HIGH
5.94,3.68,21.0,33.28,0,15.58,LOW_RISK,HIGH
27.52,3.71,34.35,35.74,0,31.14,LOW_RISK,HIGH
28.19,4.19,43.41,89.76,1,49.19,MEDIUM_RISK,MEDIUM
22.76,9.37,34.21,76.71,0,27.8,LOW_RISK,HIGH
6.91,8.94,30.82,81.43,1,36.39,MEDIUM_RISK,MEDIUM
32.12,3.67,16.1,58.22,1,53.23,MEDIUM_RISK,MEDIUM
10.73,2.8,25.53,50.4,0,11.58,LOW_RISK,HIGH
28.9,3.21,30.8,55.29,0,23.96,LOW_RISK,HIGH
48.79,9.77,15.99,76.12,0,51.72,MEDIUM_RISK,MEDIUM
8.59,6.56,30.33,73.92,0,22.33,LOW_RISK,HIGH
46.42,4.81,34.12,74.18,0,46.25,MEDIUM_RISK,MEDIUM
57.68,6.31,27.05,73.83,0,49.09,MEDIUM_RISK,MEDIUM
11.5,1.98,22.53,56.65,0,2.2,LOW_RISK,HIGH
15.86,0.93,42.42,45.06,0,21.31,LOW_RISK,HIGH
18.84,0.51,31.0,48.97,0,11.93,LOW_RISK,HIGH
32.01,5.26,42.29,55.78,0,33.16,LOW_RISK,HIGH
20.96,4.93,23.88,57.5,0,22.61,LOW_RISK,HIGH
18.78,7.98,18.26,67.89,0,23.04,LOW_RISK,HIGH
14.81,4.38,21.71,76.62,0,16.87,LOW_RISK,HIGH
24.62,18.34,23.23,61.75,0,32.44,LOW_RISK,HIGH
28.21,6.37,35.88,97.37,0,33.73,LOW_RISK,HIGH
11.68,8.51,24.85,60.24,0,28.33,LOW_RISK,HIGH
8.38,3.0,28.98,89.36,0,22.14,LOW_RISK,HIGH
80.0,4.45,31.44,79.52,0,53.61,MEDIUM_RISK,MEDIUM
51.25,11.67,11.01,38.22,0,49.98,MEDIUM_RISK,MEDIUM
11.75,4.42,27.21,34.99,0,17.62,LOW_RISK,HIGH
18.64,10.07,26.94,52.48,0,36.86,MEDIUM_RISK,MEDIUM
32.89,11.04,34.76,80.54,0,53.85,MEDIUM_RISK,MEDIUM
6.14,7.0,23.8,63.7,0,8.02,LOW_RISK,HIGH
55.7,12.83,24.62,62.04,0,47.85,MEDIUM_RISK,MEDIUM
18.4,2.54,38.29,58.54,0,30.51,LOW_RISK,HIGH
21.08,11.79,28.21,39.28,0,25.97,LOW_RISK,HIGH
22.9,4.37,45.0,87.43,0,35.43,MEDIUM_RISK,MEDIUM
35.04,7.12,19.53,100.0,0,47.62,MEDIUM_RISK,MEDIUM
22.68,1.04,28.03,69.01,0,16.41,LOW_RISK,HIGH
11.93,10.51,20.01,62.85,1,37.16,MEDIUM_RISK,MEDIUM
34.58,5.33,30.93,45.68,0,45.52,MEDIUM_RISK,MEDIUM
18.08,8.98,26.41,43.58,0,27.05,LOW_RISK,HIGH
42.36,5.95,20.96,83.31,0,44.87,MEDIUM_RISK,MEDIUM
6.02,2.05,37.48,34.97,0,9.98,LOW_RISK,HIGH
37.01,2.72,24.8,52.62,0,32.05,LOW_RISK,HIGH
44.66,5.92,20.08,56.73,0,38.98,MEDIUM_RISK,MEDIUM
8.94,4.51,11.82,49.49,0,8.22,LOW_RISK,HIGH
9.64,12.13,32.35,85.59,0,40.24,MEDIUM_RISK,MEDIUM
33.32,4.99,29.74,90.92,0,49.81,MEDIUM_RISK,MEDIUM
20.04,1.56,44.57,73.83,0,29.28,LOW_RISK,HIGH
7.46,8.96,34.79,79.77,0,28.31,LOW_RISK,HIGH
20.15,3.38,29.93,90.0,1,43.03,MEDIUM_RISK,MEDIUM
49.2,4.67,27.7,100.0,0,45.92,MEDIUM_RISK,MEDIUM
39.14,9.42,40.51,56.75,0,46.79,MEDIUM_RISK,MEDIUM
0.7,0.85,23.43,83.35,0,11.35,LOW_RISK,HIGH
29.44,17.23,33.45,98.85,0,50.86,MEDIUM_RISK,MEDIUM
28.84,12.16,29.64,56.29,0,29.94,LOW_RISK,HIGH
11.29,6.25,25.14,42.38,0,10.91,LOW_RISK,HIGH
44.55,2.65,25.26,49.18,0,34.99,LOW_RISK,HIGH
10.95,3.84,21.06,81.72,0,17.99,LOW_RISK,HIGH
23.53,13.92,25.29,67.49,0,24.71,LOW_RISK,HIGH
17.65,8.34,29.28,67.88,1,46.74,MEDIUM_RISK,MEDIUM
12.33,9.79,31.63,62.95,0,24.01,LOW_RISK,HIGH
33.51,10.83,28.8,88.46,0,50.53,MEDIUM_RISK,MEDIUM
10.01,19.83,27.36,59.31,0,34.68,LOW_RISK,HIGH
45.28,2.75,24.05,44.16,0,36.17,MEDIUM_RISK,MEDIUM
26.8,15.4,22.01,57.3,0,39.21,MEDIUM_RISK,MEDIUM
36.74,5.96,16.14,73.14,0,41.93,MEDIUM_RISK,MEDIUM
11.37,1.8,19.91,61.74,0,9.44,LOW_RISK,HIGH
17.28,5.08,25.48,68.66,0,19.93,LOW_RISK,HIGH
17.52,28.02,15.29,66.25,0,50.12,MEDIUM_RISK,MEDIUM
12.59,6.18,32.98,61.48,0,13.95,LOW_RISK,HIGH
16.38,6.1,32.16,34.92,0,21.61,LOW_RISK,HIGH
33.11,1.53,34.51,93.73,0,37.12,MEDIUM_RISK,MEDIUM
3.24,9.1,34.92,85.81,0,32.28,LOW_RISK,HIGH
15.47,1.7,32.63,84.45,0,24.08,LOW_RISK,HIGH
3.92,4.05,31.14,76.26,0,18.02,LOW_RISK,HIGH
15.11,11.82,28.63,74.0,0,42.93,MEDIUM_RISK,MEDIUM
24.21,15.38,22.22,84.61,0,43.13,MEDIUM_RISK,MEDIUM
80.0,18.09,37.12,78.89,0,79.2,HIGH_RISK,LOW
55.61,9.28,24.91,53.24,0,51.19,MEDIUM_RISK,MEDIUM
41.17,2.26,26.79,98.69,1,59.72,HIGH_RISK,LOW
9.17,4.05,19.55,88.48,1,36.49,MEDIUM_RISK,MEDIUM
39.06,10.63,14.3,95.63,0,53.48,MEDIUM_RISK,MEDIUM
18.79,9.88,28.15,62.51,0,28.3,LOW_RISK,HIGH
46.24,14.57,20.63,77.6,0,62.05,HIGH_RISK,LOW
24.24,2.06,23.86,99.29,0,37.22,MEDIUM_RISK,MEDIUM
23.98,11.16,39.28,70.11,0,42.7,MEDIUM_RISK,MEDIUM
21.24,7.74,33.46,57.24,0,28.67,LOW_RISK,HIGH
16.38,23.51,24.16,95.61,1,59.22,HIGH_RISK,LOW
36.06,6.81,29.15,66.34,0,37.98,MEDIUM_RISK,MEDIUM
16.45,6.78,25.98,79.47,0,21.6,LOW_RISK,HIGH
36.28,6.06,38.3,88.21,0,46.52,MEDIUM_RISK,MEDIUM
41.77,8.69,23.93,32.02,0,31.06,LOW_RISK,HIGH
43.05,8.42,34.99,80.27,1,70.53,HIGH_RISK,LOW
10.02,7.81,23.92,63.34,0,12.22,LOW_RISK,HIGH
15.54,1.56,28.4,71.16,0,18.35,LOW_RISK,HIGH
1.71,7.04,15.98,100.0,0,25.57,LOW_RISK,HIGH
15.86,4.3,34.16,55.22,0,21.88,LOW_RISK,HIGH
42.09,6.82,23.12,83.35,0,48.66,MEDIUM_RISK,MEDIUM
2.34,5.7,31.79,63.92,0,11.19,LOW_RISK,HIGH
29.54,6.95,26.11,77.3,0,27.43,LOW_RISK,HIGH
9.59,7.37,25.69,83.77,0,15.73,LOW_RISK,HIGH
9.44,4.21,27.01,58.03,0,16.59,LOW_RISK,HIGH
31.9,3.67,24.97,69.03,0,25.29,LOW_RISK,HIGH
19.69,10.16,36.09,45.52,1,41.66,MEDIUM_RISK,MEDIUM
39.28,7.15,32.26,65.24,0,31.22,LOW_RISK,HIGH
63.82,2.06,38.67,58.82,1,65.5,HIGH_RISK,LOW
34.8,4.81,26.99,73.42,0,39.04,MEDIUM_RISK,MEDIUM
24.63,4.16,20.7,56.53,0,27.32,LOW_RISK,HIGH
13.15,8.75,29.69,51.7,0,19.6,LOW_RISK,HIGH
22.57,4.73,35.29,53.13,0,21.88,LOW_RISK,HIGH
26.52,5.72,26.6,100.0,1,45.17,MEDIUM_RISK,MEDIUM
10.45,3.09,17.41,38.37,0,6.94,LOW_RISK,HIGH
12.57,3.01,22.4,94.77,1,38.15,MEDIUM_RISK,MEDIUM
15.46,19.86,29.05,69.15,0,37.97,MEDIUM_RISK,MEDIUM
12.15,1.43,30.19,58.1,0,8.97,LOW_RISK,HIGH
16.68,13.41,31.8,85.88,0,42.64,MEDIUM_RISK,MEDIUM
9.57,7.7,37.54,82.88,0,16.93,LOW_RISK,HIGH
9.21,12.83,23.69,92.91,0,23.24,LOW_RISK,HIGH
47.26,10.23,28.91,54.73,0,51.12,MEDIUM_RISK,MEDIUM
14.94,13.73,33.75,34.0,0,21.8,LOW_RISK,HIGH
13.91,4.65,26.18,40.15,0,11.92,LOW_RISK,HIGH
27.18,5.89,18.57,63.14,0,23.48,LOW_RISK,HIGH
10.87,13.65,23.48,98.85,0,34.2,LOW_RISK,HIGH
23.07,16.12,28.99,81.58,0,39.58,MEDIUM_RISK,MEDIUM
45.05,13.94,24.41,49.38,0,54.11,MEDIUM_RISK,MEDIUM
25.55,6.39,40.37,38.58,0,20.92,LOW_RISK,HIGH
5.79,5.18,17.15,59.61,0,12.07,LOW_RISK,HIGH
23.81,4.56,15.74,58.09,0,20.01,LOW_RISK,HIGH
11.52,7.18,28.53,28.52,0,10.89,LOW_RISK,HIGH
18.95,6.24,29.95,55.18,0,17.59,LOW_RISK,HIGH
58.01,1.26,29.04,40.57,0,30.61,LOW_RISK,HIGH
18.23,6.82,15.13,83.5,0,36.73,MEDIUM_RISK,MEDIUM
80.0,16.81,27.52,57.08,1,80.6,HIGH_RISK,LOW
12.36,6.69,31.61,42.43,0,7.23,LOW_RISK,HIGH
22.11,1.23,35.04,42.85,0,19.05,LOW_RISK,HIGH
5.35,9.2,20.65,44.31,0,21.44,LOW_RISK,HIGH
18.12,13.73,19.07,97.96,0,46.95,MEDIUM_RISK,MEDIUM
16.24,13.78,28.9,74.61,0,28.24,LOW_RISK,HIGH
6.11,7.6,19.79,39.26,0,14.97,LOW_RISK,HIGH
19.84,5.83,31.18,20.0,0,22.71,LOW_RISK,HIGH
40.9,16.4,25.63,100.0,1,73.13,HIGH_RISK,LOW
6.17,14.35,22.72,100.0,0,36.03,MEDIUM_RISK,MEDIUM
17.7,8.9,25.92,52.61,0,36.71,MEDIUM_RISK,MEDIUM
28.75,23.14,32.39,36.82,1,58.99,HIGH_RISK,LOW
6.94,4.21,18.1,52.49,0,10.25,LOW_RISK,HIGH
38.86,1.18,34.6,40.2,0,29.88,LOW_RISK,HIGH
7.7,17.71,24.05,72.93,1,49.17,MEDIUM_RISK,MEDIUM
27.05,11.47,28.31,54.61,0,27.52,LOW_RISK,HIGH
8.96,7.33,41.85,46.25,0,13.36,LOW_RISK,HIGH
14.44,0.84,23.92,51.85,0,12.39,LOW_RISK,HIGH
40.21,3.57,26.09,100.0,1,54.27,MEDIUM_RISK,MEDIUM
22.56,2.23,37.96,69.33,0,28.63,LOW_RISK,HIGH
51.33,1.84,10.22,85.66,0,43.07,MEDIUM_RISK,MEDIUM
32.07,10.61,42.1,71.66,0,51.64,MEDIUM_RISK,MEDIUM
13.67,3.53,33.46,68.82,0,11.65,LOW_RISK,HIGH
8.51,5.0,22.73,60.47,0,18.72,LOW_RISK,HIGH
29.92,2.39,16.11,89.62,0,35.13,MEDIUM_RISK,MEDIUM
19.43,2.43,25.4,75.95,0,30.13,LOW_RISK,HIGH
12.75,11.39,18.61,82.81,0,36.0,MEDIUM_RISK,MEDIUM
3.54,6.24,17.16,61.94,0,23.36,LOW_RISK,HIGH
22.56,1.95,38.4,56.26,0,27.09,LOW_RISK,HIGH
45.47,5.18,12.02,80.56,0,45.74,MEDIUM_RISK,MEDIUM
58.19,29.59,27.12,85.17,0,65.83,HIGH_RISK,LOW
25.15,7.27,40.96,44.35,0,19.86,LOW_RISK,HIGH
37.71,7.69,28.11,70.81,0,41.06,MEDIUM_RISK,MEDIUM
18.17,4.91,30.19,73.64,0,22.92,LOW_RISK,HIGH
16.52,11.95,6.5,32.32,0,34.57,LOW_RISK,HIGH
12.63,3.27,34.2,53.86,0,19.08,LOW_RISK,HIGH
35.92,18.17,28.13,45.06,1,60.74,HIGH_RISK,LOW
27.13,2.95,38.02,86.84,0,39.43,MEDIUM_RISK,MEDIUM
34.57,3.81,18.92,75.96,0,40.8,MEDIUM_RISK,MEDIUM
18.58,16.69,22.85,100.0,0,43.89,MEDIUM_RISK,MEDIUM
21.17,5.79,31.07,48.35,0,20.97,LOW_RISK,HIGH
19.2,12.71,23.54,78.26,0,32.25,LOW_RISK,HIGH
16.13,25.98,20.67,99.88,1,72.45,HIGH_RISK,LOW
10.99,4.46,29.74,57.64,0,14.04,LOW_RISK,HIGH
38.87,8.49,32.2,86.89,0,55.74,HIGH_RISK,LOW
23.29,0.83,28.61,30.76,0,10.65,LOW_RISK,HIGH
13.22,3.68,45.0,77.77,0,20.06,LOW_RISK,HIGH
54.5,24.86,44.62,76.52,1,76.02,HIGH_RISK,LOW
20.48,8.57,31.36,75.88,0,39.51,MEDIUM_RISK,MEDIUM
65.72,4.95,7.33,45.29,1,64.9,HIGH_RISK,LOW
32.63,4.37,29.28,50.48,0,38.42,MEDIUM_RISK,MEDIUM
19.36,6.02,23.78,52.3,0,25.67,LOW_RISK,HIGH
5.89,14.29,27.69,80.65,0,33.32,LOW_RISK,HIGH
7.17,5.67,17.49,20.0,0,10.91,LOW_RISK,HIGH
54.5,11.46,22.69,99.74,1,72.46,HIGH_RISK,LOW
16.01,4.25,26.82,61.51,0,27.94,LOW_RISK,HIGH
17.21,10.07,34.62,85.32,0,39.26,MEDIUM_RISK,MEDIUM
12.12,4.5,34.0,60.54,0,19.71,LOW_RISK,HIGH
45.47,6.99,16.82,66.55,0,48.98,MEDIUM_RISK,MEDIUM
68.78,2.66,34.62,75.62,1,67.71,HIGH_RISK,LOW
11.74,5.11,22.61,61.35,0,16.24,LOW_RISK,HIGH
27.91,23.68,26.13,26.25,0,41.04,MEDIUM_RISK,MEDIUM
11.15,6.53,22.3,81.69,0,21.41,LOW_RISK,HIGH
21.44,5.22,36.8,48.71,0,26.99,LOW_RISK,HIGH
17.26,4.43,22.89,73.16,0,24.08,LOW_RISK,HIGH
22.86,6.43,28.23,63.98,0,21.13,LOW_RISK,HIGH
10.13,13.07,23.11,44.62,0,15.24,LOW_RISK,HIGH
48.7,8.39,22.55,90.99,1,78.41,HIGH_RISK,LOW
38.91,18.38,29.56,70.71,0,50.62,MEDIUM_RISK,MEDIUM
28.78,3.4,29.81,65.63,0,22.71,LOW_RISK,HIGH
15.72,1.16,23.23,66.46,0,14.54,LOW_RISK,HIGH
5.85,10.42,32.91,41.27,0,25.21,LOW_RISK,HIGH
6.63,11.21,31.51,70.7,0,18.22,LOW_RISK,HIGH
20.53,6.09,28.04,85.35,0,37.73,MEDIUM_RISK,MEDIUM
30.71,3.68,14.47,57.5,0,40.44,MEDIUM_RISK,MEDIUM
24.26,1.31,31.0,46.1,0,21.6,LOW_RISK,HIGH
32.24,9.22,18.11,81.23,0,51.36,MEDIUM_RISK,MEDIUM
22.17,12.77,26.69,97.68,0,40.57,MEDIUM_RISK,MEDIUM
45.0,3.2,32.28,75.52,1,57.99,HIGH_RISK,LOW
25.79,9.85,25.87,82.64,0,35.4,MEDIUM_RISK,MEDIUM
58.82,4.12,32.65,66.92,0,42.56,MEDIUM_RISK,MEDIUM
7.82,11.83,26.59,95.58,0,36.25,MEDIUM_RISK,MEDIUM
21.69,15.39,24.21,87.75,1,70.26,HIGH_RISK,LOW
29.12,3.67,36.55,100.0,0,31.39,LOW_RISK,HIGH
3.97,4.14,26.7,81.66,0,20.2,LOW_RISK,HIGH
17.61,5.17,35.09,76.32,0,38.06,MEDIUM_RISK,MEDIUM
68.01,13.67,17.83,81.73,1,80.16,HIGH_RISK,LOW
41.26,6.18,5.97,45.29,1,56.76,HIGH_RISK,LOW
26.66,12.59,18.11,79.65,0,35.09,MEDIUM_RISK,MEDIUM
41.07,4.33,29.88,75.17,0,39.93,MEDIUM_RISK,MEDIUM
52.2,5.26,32.87,62.19,1,61.27,HIGH_RISK,LOW
15.6,1.64,35.02,62.32,0,12.55,LOW_RISK,HIGH
6.03,4.0,24.83,30.47,0,12.53,LOW_RISK,HIGH
13.94,7.39,27.69,100.0,0,22.15,LOW_RISK,HIGH
10.38,8.5,29.28,90.15,0,33.96,LOW_RISK,HIGH
76.42,10.89,32.22,36.47,0,63.44,HIGH_RISK,LOW
13.42,4.09,25.57,27.41,0,16.19,LOW_RISK,HIGH
5.7,7.11,16.89,100.0,1,43.29,MEDIUM_RISK,MEDIUM
38.94,0.36,31.44,82.02,0,36.49,MEDIUM_RISK,MEDIUM
3.03,23.48,38.98,51.41,1,48.59,MEDIUM_RISK,MEDIUM
24.53,14.6,36.9,80.81,0,30.89,LOW_RISK,HIGH
50.73,4.32,17.55,99.9,1,66.7,HIGH_RISK,LOW
43.11,8.59,31.23,83.8,0,44.5,MEDIUM_RISK,MEDIUM
52.19,15.91,25.51,56.93,1,71.15,HIGH_RISK,LOW
30.37,16.3,24.79,40.86,0,48.32,MEDIUM_RISK,MEDIUM
16.0,4.51,26.07,53.82,0,24.59,LOW_RISK,HIGH
35.0,26.07,28.42,85.47,1,80.52,HIGH_RISK,LOW
12.33,4.51,30.53,41.17,0,12.23,LOW_RISK,HIGH
16.12,2.5,30.95,59.65,0,22.32,LOW_RISK,HIGH
3.94,8.47,31.31,39.35,0,21.07,LOW_RISK,HIGH
45.06,14.3,23.49,94.54,0,61.46,HIGH_RISK,LOW
69.16,7.67,25.63,74.1,0,53.62,MEDIUM_RISK,MEDIUM
8.52,5.58,22.38,72.59,0,23.01,LOW_RISK,HIGH
7.04,1.32,32.16,36.37,0,3.17,LOW_RISK,HIGH
36.09,18.79,34.38,75.87,0,67.31,HIGH_RISK,LOW
13.97,11.23,19.09,45.36,0,19.09,LOW_RISK,HIGH
6.13,0.77,30.45,28.97,0,4.65,LOW_RISK,HIGH
4.78,5.07,23.7,53.27,0,14.06,LOW_RISK,HIGH
16.25,5.45,33.99,35.8,0,19.96,LOW_RISK,HIGH
9.14,7.02,28.4,75.9,0,14.41,LOW_RISK,HIGH
43.25,5.95,45.0,28.27,1,53.59,MEDIUM_RISK,MEDIUM
7.89,2.02,34.51,79.89,0,27.77,LOW_RISK,HIGH
11.28,15.81,34.07,90.62,1,58.76,HIGH_RISK,LOW
37.4,4.36,23.44,53.56,0,33.17,LOW_RISK,HIGH
18.51,8.69,31.24,46.94,0,25.56,LOW_RISK,HIGH
52.75,4.83,23.94,43.99,1,50.82,MEDIUM_RISK,MEDIUM
34.36,3.71,31.77,81.33,0,41.91,MEDIUM_RISK,MEDIUM
7.76,8.34,21.33,69.52,0,25.99,LOW_RISK,HIGH
7.36,5.17,22.15,40.58,0,15.47,LOW_RISK,HIGH
38.51,9.0,25.67,80.33,0,50.87,MEDIUM_RISK,MEDIUM
25.18,6.98,31.63,100.0,0,34.98,LOW_RISK,HIGH
36.22,4.83,16.11,49.88,0,32.39,LOW_RISK,HIGH
17.45,3.78,25.96,75.63,0,27.52,LOW_RISK,HIGH
12.94,1.21,19.95,64.09,0,5.1,LOW_RISK,HIGH
49.1,1.53,35.76,71.85,0,43.95,MEDIUM_RISK,MEDIUM
33.45,8.14,34.44,71.96,0,49.82,MEDIUM_RISK,MEDIUM
11.99,2.36,23.97,51.63,0,10.98,LOW_RISK,HIGH
9.18,4.89,20.1,77.58,0,17.09,LOW_RISK,HIGH
40.61,3.58,30.4,26.83,0,36.89,MEDIUM_RISK,MEDIUM
20.83,6.07,24.09,97.1,1,43.47,MEDIUM_RISK,MEDIUM
6.04,1.17,22.54,98.44,0,16.94,LOW_RISK,HIGH
27.96,0.96,12.93,66.35,0,21.16,LOW_RISK,HIGH
49.74,6.54,15.32,74.17,1,64.45,HIGH_RISK,LOW
9.9,6.22,28.62,25.71,0,8.49,LOW_RISK,HIGH
24.74,11.22,33.17,75.93,0,34.38,LOW_RISK,HIGH
17.51,16.92,25.06,83.0,0,48.0,MEDIUM_RISK,MEDIUM
13.85,3.22,28.93,39.32,0,14.61,LOW_RISK,HIGH
35.89,5.95,27.38,54.92,0,34.96,LOW_RISK,HIGH
6.5,4.66,18.43,65.0,0,21.23,LOW_RISK,HIGH
38.96,2.18,23.11,58.31,0,34.94,LOW_RISK,HIGH
8.82,1.77,16.59,75.1,0,4.9,LOW_RISK,HIGH
19.0,4.01,17.44,70.0,0,26.56,LOW_RISK,HIGH
15.78,4.82,30.57,61.91,0,29.73,LOW_RISK,HIGH
16.21,3.46,17.63,99.76,1,50.38,MEDIUM_RISK,MEDIUM
17.03,12.15,28.5,60.41,0,32.19,LOW_RISK,HIGH
40.31,1.04,20.41,85.71,0,37.87,MEDIUM_RISK,MEDIUM
44.11,6.9,13.06,61.0,1,48.06,MEDIUM_RISK,MEDIUM
6.26,7.15,35.71,47.12,0,17.24,LOW_RISK,HIGH
27.1,6.65,34.65,83.8,0,32.1,LOW_RISK,HIGH
36.12,10.7,22.8,86.58,0,55.15,HIGH_RISK,LOW
19.83,2.51,34.32,66.02,0,22.19,LOW_RISK,HIGH
33.81,2.68,29.71,100.0,0,49.77,MEDIUM_RISK,MEDIUM
18.85,5.48,31.78,72.43,0,25.3,LOW_RISK,HIGH
26.75,3.58,28.7,65.56,1,35.45,MEDIUM_RISK,MEDIUM
16.15,0.22,18.36,100.0,0,25.04,LOW_RISK,HIGH
76.72,5.51,17.11,65.33,0,49.21,MEDIUM_RISK,MEDIUM
4.21,2.9,36.57,83.19,0,23.16,LOW_RISK,HIGH
17.0,9.11,32.53,71.18,0,32.54,LOW_RISK,HIGH
49.81,8.85,24.4,51.37,0,46.2,MEDIUM_RISK,MEDIUM
25.41,3.14,22.09,76.61,1,46.11,MEDIUM_RISK,MEDIUM
9.4,4.82,29.85,62.08,0,17.35,LOW_RISK,HIGH
59.14,0.89,32.9,57.05,1,53.22,MEDIUM_RISK,MEDIUM
18.99,6.42,38.23,68.66,0,29.33,LOW_RISK,HIGH
25.13,1.32,31.85,50.91,0,12.21,LOW_RISK,HIGH
10.42,3.01,35.62,80.54,0,24.52,LOW_RISK,HIGH
10.27,1.2,25.62,67.33,0,10.29,LOW_RISK,HIGH
24.92,2.49,35.28,68.99,0,20.57,LOW_RISK,HIGH
20.18,19.35,25.29,32.86,1,57.78,HIGH_RISK,LOW
12.23,2.21,38.22,54.14,0,23.31,LOW_RISK,HIGH
9.89,1.15,34.56,47.87,0,5.96,LOW_RISK,HIGH
26.09,5.81,17.41,98.84,0,36.65,MEDIUM_RISK,MEDIUM
21.09,9.18,36.94,64.32,0,30.62,LOW_RISK,HIGH
29.15,2.56,29.68,65.08,0,24.48,LOW_RISK,HIGH
33.99,33.97,35.83,57.47,0,53.92,MEDIUM_RISK,MEDIUM
5.01,5.06,26.87,68.48,0,17.72,LOW_RISK,HIGH
17.0,21.51,20.13,70.55,1,53.74,MEDIUM_RISK,MEDIUM
23.73,4.01,31.14,31.08,0,21.66,LOW_RISK,HIGH
44.05,5.35,32.2,53.2,1,52.92,MEDIUM_RISK,MEDIUM
80.0,0.77,41.9,63.67,0,42.63,MEDIUM_RISK,MEDIUM
2.57,5.51,41.58,61.01,0,25.23,LOW_RISK,HIGH
44.14,0.58,13.34,52.9,0,27.14,LOW_RISK,HIGH
28.44,7.46,44.07,61.31,0,22.48,LOW_RISK,HIGH
8.17,1.22,33.63,23.82,0,3.86,LOW_RISK,HIGH
55.98,10.33,17.53,48.51,1,62.59,HIGH_RISK,LOW
45.82,2.47,27.14,50.81,0,37.33,MEDIUM_RISK,MEDIUM
8.37,1.2,22.91,74.15,0,5.12,LOW_RISK,HIGH
22.35,13.12,32.37,44.58,0,36.98,MEDIUM_RISK,MEDIUM
38.22,14.85,25.55,86.59,1,72.11,HIGH_RISK,LOW
21.02,3.35,25.85,99.62,0,29.91,LOW_RISK,HIGH
49.97,19.67,22.76,100.0,1,81.33,HIGH_RISK,LOW
39.21,3.9,25.95,83.47,0,35.07,MEDIUM_RISK,MEDIUM
5.0,0.97,27.45,67.87,0,6.62,LOW_RISK,HIGH
58.21,10.68,29.85,94.71,0,57.7,HIGH_RISK,LOW
42.43,11.32,16.06,42.67,0,41.47,MEDIUM_RISK,MEDIUM
44.57,3.5,25.89,41.55,0,36.55,MEDIUM_RISK,MEDIUM
19.17,14.89,37.34,63.6,0,37.3,MEDIUM_RISK,MEDIUM
11.62,3.74,24.15,73.55,0,15.69,LOW_RISK,HIGH
17.74,10.21,13.5,36.55,0,31.15,LOW_RISK,HIGH
3.91,11.98,27.94,92.96,0,31.29,LOW_RISK,HIGH
39.91,15.81,16.85,71.48,0,47.11,MEDIUM_RISK,MEDIUM
34.33,3.01,25.12,47.55,0,31.31,LOW_RISK,HIGH
36.13,13.96,33.4,22.89,0,43.28,MEDIUM_RISK,MEDIUM
36.12,7.42,31.92,54.36,0,27.73,LOW_RISK,HIGH
52.98,10.79,23.59,75.36,1,78.85,HIGH_RISK,LOW
15.48,4.87,20.95,58.29,0,26.79,LOW_RISK,HIGH
7.39,11.66,34.35,87.97,0,38.73,MEDIUM_RISK,MEDIUM
24.18,8.13,40.24,61.74,0,41.17,MEDIUM_RISK,MEDIUM
9.32,3.04,11.52,76.8,0,26.57,LOW_RISK,HIGH
18.9,8.23,36.22,82.07,0,43.27,MEDIUM_RISK,MEDIUM
31.8,2.65,22.74,93.43,0,43.82,MEDIUM_RISK,MEDIUM
9.06,1.96,34.65,75.3,0,12.84,LOW_RISK,HIGH
14.35,4.32,24.04,86.1,1,35.7,MEDIUM_RISK,MEDIUM
7.28,6.24,34.46,61.88,0,15.14,LOW_RISK,HIGH
35.29,6.82,27.81,53.57,0,34.16,LOW_RISK,HIGH
15.72,7.67,29.66,76.86,0,28.4,LOW_RISK,HIGH
80.0,4.25,23.35,69.78,0,47.21,MEDIUM_RISK,MEDIUM
14.72,1.9,22.42,60.49,0,6.03,LOW_RISK,HIGH
45.43,8.36,36.91,50.49,1,63.01,HIGH_RISK,LOW
39.7,6.61,23.05,56.01,0,30.76,LOW_RISK,HIGH
13.97,7.89,22.75,33.36,1,34.29,LOW_RISK,HIGH
20.68,2.76,14.09,100.0,0,34.28,LOW_RISK,HIGH
2.75,7.52,19.25,73.65,0,19.37,LOW_RISK,HIGH
22.83,6.55,25.25,97.4,0,24.99,LOW_RISK,HIGH
33.55,2.34,41.35,46.28,0,35.05,MEDIUM_RISK,MEDIUM
16.66,4.52,24.93,65.56,0,20.12,LOW_RISK,HIGH
23.35,2.87,27.08,100.0,0,24.82,LOW_RISK,HIGH
32.18,2.24,21.3,31.7,0,31.36,LOW_RISK,HIGH
80.0,4.09,17.14,53.61,0,47.88,MEDIUM_RISK,MEDIUM
42.5,7.56,25.55,88.89,1,53.9,MEDIUM_RISK,MEDIUM
17.38,9.06,20.23,94.45,0,41.73,MEDIUM_RISK,MEDIUM
21.82,26.26,24.75,67.86,0,43.29,MEDIUM_RISK,MEDIUM
40.2,22.9,15.45,87.59,0,71.1,HIGH_RISK,LOW
5.04,3.48,32.86,89.67,0,27.1,LOW_RISK,HIGH
11.97,1.8,33.67,63.02,0,9.4,LOW_RISK,HIGH
9.19,2.99,20.61,99.62,0,20.33,LOW_RISK,HIGH
17.77,1.8,17.07,46.52,0,6.01,LOW_RISK,HIGH
67.77,10.58,26.22,67.36,1,80.76,HIGH_RISK,LOW
6.81,2.48,33.7,58.06,1,24.21,LOW_RISK,HIGH
43.86,13.5,36.52,54.17,0,44.12,MEDIUM_RISK,MEDIUM
10.82,6.56,31.32,59.13,0,16.48,LOW_RISK,HIGH
14.55,8.5,30.98,78.83,0,25.93,LOW_RISK,HIGH
35.6,4.42,24.51,100.0,1,56.26,HIGH_RISK,LOW
18.32,1.97,30.09,49.99,0,13.25,LOW_RISK,HIGH
4.09,1.01,25.44,100.0,0,9.04,LOW_RISK,HIGH
28.43,3.46,40.34,55.01,0,23.91,LOW_RISK,HIGH
12.06,4.02,34.8,84.6,0,21.28,LOW_RISK,HIGH
20.39,13.23,25.56,70.53,0,35.63,MEDIUM_RISK,MEDIUM
5.22,1.76,30.01,70.0,0,7.08,LOW_RISK,HIGH
16.41,10.61,17.5,80.16,0,43.34,MEDIUM_RISK,MEDIUM
22.62,0.16,27.64,60.53,1,27.44,LOW_RISK,HIGH
21.38,15.07,37.44,69.22,0,40.71,MEDIUM_RISK,MEDIUM
8.9,2.77,17.64,69.1,0,9.52,LOW_RISK,HIGH
25.45,3.66,33.25,24.76,0,20.14,LOW_RISK,HIGH
16.04,0.32,38.58,96.5,0,29.36,LOW_RISK,HIGH
16.3,18.24,40.16,67.22,0,36.56,MEDIUM_RISK,MEDIUM
33.74,6.14,31.74,49.53,0,40.32,MEDIUM_RISK,MEDIUM
20.29,13.6,33.46,42.74,0,31.99,LOW_RISK,HIGH
54.49,10.45,20.46,83.45,0,50.6,MEDIUM_RISK,MEDIUM
18.65,1.2,31.58,68.22,0,16.28,LOW_RISK,HIGH
25.96,11.87,20.25,93.45,0,42.49,MEDIUM_RISK,MEDIUM
4.99,3.84,27.82,36.56,0,11.97,LOW_RISK,HIGH
36.64,5.61,26.26,69.47,0,30.25,LOW_RISK,HIGH
3.96,7.93,30.47,56.09,0,7.18,LOW_RISK,HIGH
32.89,15.11,32.88,57.68,0,51.09,MEDIUM_RISK,MEDIUM
8.1,13.87,18.87,81.5,0,24.15,LOW_RISK,HIGH
17.87,5.17,27.78,58.78,0,17.16,LOW_RISK,HIGH
10.96,3.45,7.57,82.52,0,19.42,LOW_RISK,HIGH
40.12,3.13,34.42,72.82,0,37.91,MEDIUM_RISK,MEDIUM
38.19,1.83,20.6,67.78,0,25.45,LOW_RISK,HIGH
7.31,5.95,16.59,66.52,0,9.4,LOW_RISK,HIGH
21.7,14.44,29.35,91.5,0,44.74,MEDIUM_RISK,MEDIUM
7.39,14.67,24.86,61.24,0,19.36,LOW_RISK,HIGH
23.96,4.41,27.11,43.68,0,16.91,LOW_RISK,HIGH
33.57,3.82,25.32,55.88,0,30.62,LOW_RISK,HIGH
15.04,4.82,18.47,63.8,0,22.49,LOW_RISK,HIGH
34.75,4.41,5.0,37.0,0,37.43,MEDIUM_RISK,MEDIUM
5.79,8.46,34.77,85.8,1,52.14,MEDIUM_RISK,MEDIUM
44.26,11.81,36.27,79.82,0,47.07,MEDIUM_RISK,MEDIUM
29.47,1.8,41.08,70.01,0,19.54,LOW_RISK,HIGH
29.41,17.16,19.03,84.43,0,46.06,MEDIUM_RISK,MEDIUM
14.65,16.64,18.23,89.66,0,36.69,MEDIUM_RISK,MEDIUM
19.13,4.1,40.15,81.18,0,38.9,MEDIUM_RISK,MEDIUM
20.0,4.93,30.36,54.37,0,17.77,LOW_RISK,HIGH
53.6,7.78,33.92,62.54,0,37.59,MEDIUM_RISK,MEDIUM
16.81,11.62,43.1,63.25,0,32.91,LOW_RISK,HIGH
59.99,5.83,25.75,100.0,0,49.36,MEDIUM_RISK,MEDIUM
41.22,27.54,23.95,63.62,1,71.52,HIGH_RISK,LOW
23.23,18.06,37.4,35.63,0,32.43,LOW_RISK,HIGH
18.67,11.07,42.92,72.74,0,41.09,MEDIUM_RISK,MEDIUM
9.34,5.82,13.62,76.24,0,16.86,LOW_RISK,HIGH
20.0,3.19,17.14,20.0,0,24.59,LOW_RISK,HIGH
21.08,5.78,22.49,83.9,0,31.7,LOW_RISK,HIGH
40.62,4.77,27.14,70.22,0,31.73,LOW_RISK,HIGH
16.9,1.01,14.63,58.62,0,12.98,LOW_RISK,HIGH
23.82,7.5,14.75,75.58,0,32.29,LOW_RISK,HIGH
17.12,14.36,17.81,79.08,0,42.0,MEDIUM_RISK,MEDIUM
33.43,10.55,35.95,40.56,0,39.44,MEDIUM_RISK,MEDIUM
71.43,1.94,20.75,57.58,1,57.76,HIGH_RISK,LOW
19.86,0.84,26.77,38.39,0,11.56,LOW_RISK,HIGH
3.78,9.68,26.13,67.21,0,23.04,LOW_RISK,HIGH
21.71,24.79,30.83,71.34,0,46.01,MEDIUM_RISK,MEDIUM
15.34,0.83,21.63,71.0,0,23.51,LOW_RISK,HIGH
32.95,8.73,22.32,82.5,0,43.97,MEDIUM_RISK,MEDIUM
36.0,0.24,39.71,69.83,0,27.95,LOW_RISK,HIGH
23.88,1.18,23.84,35.63,0,17.24,LOW_RISK,HIGH
30.22,5.6,27.82,59.88,0,27.12,LOW_RISK,HIGH
61.86,5.13,27.92,44.43,1,63.53,HIGH_RISK,LOW
22.55,10.2,31.46,65.04,0,33.97,LOW_RISK,HIGH
11.72,7.6,18.46,62.33,0,17.76,LOW_RISK,HIGH
23.43,4.5,22.14,74.74,0,32.48,LOW_RISK,HIGH
22.59,8.97,28.24,85.37,1,56.4,HIGH_RISK,LOW
6.74,7.48,38.07,100.0,0,22.58,LOW_RISK,HIGH
6.38,3.32,37.16,82.19,0,17.04,LOW_RISK,HIGH
56.81,2.32,25.98,32.29,0,35.27,MEDIUM_RISK,MEDIUM
35.2,4.89,10.39,38.05,0,37.53,MEDIUM_RISK,MEDIUM
7.39,2.6,23.18,62.47,0,20.1,LOW_RISK,HIGH
10.77,3.48,37.11,47.94,0,18.29,LOW_RISK,HIGH
6.15,2.33,40.09,53.23,0,15.54,LOW_RISK,HIGH
40.8,6.12,15.09,86.13,0,49.69,MEDIUM_RISK,MEDIUM
37.29,6.42,26.2,78.4,0,38.71,MEDIUM_RISK,MEDIUM
56.92,16.93,31.26,61.18,1,76.02,HIGH_RISK,LOW
20.5,2.38,21.73,62.04,0,26.78,LOW_RISK,HIGH
14.35,0.61,25.11,39.86,0,3.58,LOW_RISK,HIGH
15.8,4.68,28.63,75.06,0,27.38,LOW_RISK,HIGH
16.66,9.13,35.02,27.01,0,31.03,LOW_RISK,HIGH
16.01,2.25,16.99,87.99,0,33.67,LOW_RISK,HIGH
18.03,12.44,26.49,58.85,0,30.42,LOW_RISK,HIGH
27.67,4.81,30.92,80.54,0,25.75,LOW_RISK,HIGH
39.9,6.85,29.25,55.86,0,37.32,MEDIUM_RISK,MEDIUM
9.53,1.46,24.54,81.79,0,16.36,LOW_RISK,HIGH
34.82,15.54,27.03,67.72,1,64.03,HIGH_RISK,LOW
9.18,14.0,20.56,43.21,0,23.09,LOW_RISK,HIGH
12.18,6.73,26.69,49.55,0,18.73,LOW_RISK,HIGH
12.99,15.28,29.46,49.47,0,32.69,LOW_RISK,HIGH
25.29,3.52,38.49,73.23,0,27.59,LOW_RISK,HIGH
18.49,5.49,45.0,82.13,1,48.92,MEDIUM_RISK,MEDIUM
32.88,10.02,30.76,79.24,0,49.43,MEDIUM_RISK,MEDIUM
18.92,2.49,25.27,67.76,0,22.39,LOW_RISK,HIGH
8.27,0.66,16.42,81.42,0,15.41,LOW_RISK,HIGH
19.28,23.83,35.94,50.22,0,40.35,MEDIUM_RISK,MEDIUM
58.88,7.02,24.9,63.97,0,39.03,MEDIUM_RISK,MEDIUM
29.99,1.81,45.0,75.84,0,23.27,LOW_RISK,HIGH
9.59,4.28,32.4,89.99,0,21.74,LOW_RISK,HIGH
22.4,5.65,32.04,84.79,0,27.85,LOW_RISK,HIGH
12.5,13.71,34.82,59.82,0,19.39,LOW_RISK,HIGH
25.87,6.29,45.0,81.35,0,29.35,LOW_RISK,HIGH
45.37,6.85,12.81,96.72,0,55.19,HIGH_RISK,LOW
1.0,7.72,18.45,66.0,0,16.53,LOW_RISK,HIGH
28.27,1.51,24.36,48.6,0,14.45,LOW_RISK,HIGH
34.02,7.39,32.58,52.5,0,35.2,MEDIUM_RISK,MEDIUM
55.84,3.57,26.99,72.24,1,57.73,HIGH_RISK,LOW
37.7,3.28,33.96,47.84,0,29.55,LOW_RISK,HIGH
9.75,4.55,30.52,95.99,0,18.92,LOW_RISK,HIGH
30.08,11.09,26.95,39.66,0,41.0,MEDIUM_RISK,MEDIUM
26.49,12.3,11.74,55.62,0,32.01,LOW_RISK,HIGH
52.75,9.26,34.18,65.72,0,51.24,MEDIUM_RISK,MEDIUM
5.07,6.65,34.56,52.61,0,12.12,LOW_RISK,HIGH
25.02,7.6,22.64,94.14,0,31.85,LOW_RISK,HIGH
73.22,10.07,31.31,50.07,0,60.85,HIGH_RISK,LOW
24.63,21.0,22.79,57.1,1,59.33,HIGH_RISK,LOW
4.06,2.29,27.16,85.88,0,21.31,LOW_RISK,HIGH
15.02,7.18,24.08,60.56,0,17.86,LOW_RISK,HIGH
53.23,26.15,38.35,99.16,1,88.95,HIGH_RISK,LOW
27.98,13.13,31.31,52.88,0,31.3,LOW_RISK,HIGH
30.02,3.6,28.9,55.39,0,39.73,MEDIUM_RISK,MEDIUM
43.69,2.78,29.56,83.16,1,57.49,HIGH_RISK,LOW
15.51,1.07,11.98,74.77,0,25.81,LOW_RISK,HIGH
10.46,5.64,40.93,74.02,0,17.74,LOW_RISK,HIGH
41.68,1.28,24.4,56.49,0,29.51,LOW_RISK,HIGH
20.74,1.61,33.79,81.47,0,23.46,LOW_RISK,HIGH
24.64,2.56,27.24,56.0,0,8.96,LOW_RISK,HIGH
6.87,4.91,23.99,48.03,0,11.53,LOW_RISK,HIGH
11.44,4.02,30.07,92.21,0,17.55,LOW_RISK,HIGH
21.53,7.5,29.35,20.0,0,29.85,LOW_RISK,HIGH
24.7,6.6,33.91,47.65,0,26.37,LOW_RISK,HIGH
6.2,4.24,22.14,48.92,0,12.1,LOW_RISK,HIGH
27.64,1.4,29.4,86.9,0,30.37,LOW_RISK,HIGH
11.4,19.45,24.0,20.37,0,32.78,LOW_RISK,HIGH
8.02,17.58,36.85,67.79,1,45.37,MEDIUM_RISK,MEDIUM
12.27,4.86,21.25,33.02,0,14.57,LOW_RISK,HIGH
38.87,22.73,17.93,98.96,0,64.06,HIGH_RISK,LOW
63.62,3.24,37.34,95.17,0,59.73,HIGH_RISK,LOW
23.85,10.31,41.25,67.7,0,38.2,MEDIUM_RISK,MEDIUM
42.41,14.74,30.48,64.41,0,52.44,MEDIUM_RISK,MEDIUM
11.95,14.91,27.0,65.3,0,19.42,LOW_RISK,HIGH
8.57,19.69,22.88,100.0,1,58.83,HIGH_RISK,LOW
18.0,12.96,33.92,86.84,0,42.85,MEDIUM_RISK,MEDIUM
48.83,9.6,8.97,80.94,0,58.96,HIGH_RISK,LOW
20.23,7.74,34.74,62.43,0,21.33,LOW_RISK,HIGH
23.86,8.5,17.13,74.07,0,41.93,MEDIUM_RISK,MEDIUM
27.45,6.53,19.39,77.3,0,31.87,LOW_RISK,HIGH
14.51,6.98,25.31,44.5,0,7.73,LOW_RISK,HIGH
54.22,3.83,23.83,96.06,0,51.01,MEDIUM_RISK,MEDIUM
28.65,2.77,25.14,56.2,0,28.43,LOW_RISK,HIGH
11.79,14.61,25.73,48.78,0,26.7,LOW_RISK,HIGH
20.83,3.98,25.96,100.0,0,30.24,LOW_RISK,HIGH
10.4,4.56,39.5,89.88,0,26.8,LOW_RISK,HIGH
42.48,4.43,32.9,55.31,1,50.55,MEDIUM_RISK,MEDIUM
23.09,16.98,19.58,63.28,0,39.56,MEDIUM_RISK,MEDIUM
16.71,14.33,14.51,86.71,1,58.74,HIGH_RISK,LOW
3.68,12.02,26.85,62.05,0,26.54,LOW_RISK,HIGH
3.77,2.46,28.71,72.47,0,23.33,LOW_RISK,HIGH
11.71,10.59,28.64,84.03,0,28.92,LOW_RISK,HIGH
33.15,6.51,30.6,45.14,0,29.08,LOW_RISK,HIGH
14.3,3.79,23.36,64.04,0,15.49,LOW_RISK,HIGH
37.59,5.29,30.39,73.23,0,38.21,MEDIUM_RISK,MEDIUM
59.96,18.43,25.62,62.89,0,66.79,HIGH_RISK,LOW
19.13,33.29,11.7,67.67,0,40.5,MEDIUM_RISK,MEDIUM
33.62,4.9,32.15,83.41,0,38.21,MEDIUM_RISK,MEDIUM
7.83,2.81,31.09,93.27,0,20.67,LOW_RISK,HIGH
34.34,10.91,35.28,77.26,0,55.78,HIGH_RISK,LOW
9.28,13.1,44.69,63.67,0,25.16,LOW_RISK,HIGH
10.22,8.93,32.55,44.19,0,21.64,LOW_RISK,HIGH
50.85,12.79,19.88,68.89,0,58.04,HIGH_RISK,LOW
41.91,4.8,41.51,66.01,0,44.43,MEDIUM_RISK,MEDIUM
48.49,4.53,17.61,83.93,1,64.63,HIGH_RISK,LOW
10.51,2.4,27.08,81.54,0,22.72,LOW_RISK,HIGH
39.1,7.89,38.47,62.95,0,43.94,MEDIUM_RISK,MEDIUM
20.21,18.24,35.05,71.39,1,58.87,HIGH_RISK,LOW
32.34,6.39,34.74,25.25,0,36.56,MEDIUM_RISK,MEDIUM
31.05,17.18,19.07,74.26,0,56.35,HIGH_RISK,LOW
17.47,6.67,16.56,54.55,0,26.25,LOW_RISK,HIGH
8.38,3.14,27.11,91.35,1,30.67,LOW_RISK,HIGH
54.17,10.43,30.48,27.27,1,66.94,HIGH_RISK,LOW
29.89,13.45,26.61,56.66,0,29.41,LOW_RISK,HIGH
19.65,20.43,32.14,67.52,1,54.81,MEDIUM_RISK,MEDIUM
10.19,2.12,24.94,71.22,0,29.54,LOW_RISK,HIGH
9.84,1.92,36.25,51.64,0,2.45,LOW_RISK,HIGH
16.01,9.98,31.91,84.79,0,35.07,MEDIUM_RISK,MEDIUM
42.64,10.58,23.75,66.66,1,62.12,HIGH_RISK,LOW
6.79,12.24,19.44,88.37,0,26.49,LOW_RISK,HIGH
18.04,7.99,34.74,65.93,0,31.05,LOW_RISK,HIGH
47.03,17.89,29.86,88.4,1,83.86,HIGH_RISK,LOW
49.38,22.15,37.46,75.72,0,56.96,HIGH_RISK,LOW
29.41,6.63,20.14,62.5,0,25.08,LOW_RISK,HIGH
18.57,15.21,36.12,54.49,0,41.95,MEDIUM_RISK,MEDIUM
12.83,14.91,24.11,85.59,0,24.39,LOW_RISK,HIGH
14.31,1.12,25.85,20.0,0,4.07,LOW_RISK,HIGH
13.35,12.13,24.85,81.93,0,24.69,LOW_RISK,HIGH
9.54,3.63,32.99,78.18,0,20.0,LOW_RISK,HIGH
28.69,26.02,16.46,51.66,0,48.46,MEDIUM_RISK,MEDIUM
64.19,5.97,29.83,74.71,0,54.57,MEDIUM_RISK,MEDIUM
9.46,6.97,25.71,72.65,0,18.11,LOW_RISK,HIGH
19.63,18.26,28.03,53.99,0,44.08,MEDIUM_RISK,MEDIUM
19.57,9.36,15.6,67.88,0,29.13,LOW_RISK,HIGH
16.48,6.39,39.08,51.05,0,21.4,LOW_RISK,HIGH
22.06,3.77,13.22,74.98,0,19.79,LOW_RISK,HIGH
34.11,4.61,23.82,87.66,0,43.52,MEDIUM_RISK,MEDIUM
41.54,8.61,35.71,76.67,0,46.49,MEDIUM_RISK,MEDIUM
30.14,0.66,19.11,100.0,0,39.25,MEDIUM_RISK,MEDIUM
11.74,2.71,32.21,83.64,0,26.28,LOW_RISK,HIGH
36.47,6.13,22.28,36.88,0,32.79,LOW_RISK,HIGH
13.07,2.12,14.83,46.65,0,13.25,LOW_RISK,HIGH
20.99,16.54,31.89,40.53,0,33.83,LOW_RISK,HIGH
20.17,9.62,14.06,75.58,0,32.97,LOW_RISK,HIGH
30.38,9.84,19.78,76.03,0,50.6,MEDIUM_RISK,MEDIUM
69.36,5.91,19.6,65.12,0,46.87,MEDIUM_RISK,MEDIUM
12.97,2.4,26.02,100.0,0,23.89,LOW_RISK,HIGH
6.56,2.85,36.75,86.41,0,28.47,LOW_RISK,HIGH
7.11,1.93,29.2,64.71,0,3.76,LOW_RISK,HIGH
17.1,5.35,23.81,81.91,0,25.27,LOW_RISK,HIGH
29.78,9.56,35.52,75.71,0,40.92,MEDIUM_RISK,MEDIUM
30.26,10.06,19.01,68.47,0,40.65,MEDIUM_RISK,MEDIUM
14.24,10.96,23.1,68.48,0,23.53,LOW_RISK,HIGH
16.52,8.36,26.09,68.07,0,35.64,MEDIUM_RISK,MEDIUM
23.06,2.83,35.91,70.58,0,26.64,LOW_RISK,HIGH
21.76,7.01,44.01,71.11,0,31.36,LOW_RISK,HIGH
35.13,1.22,36.0,61.98,0,25.85,LOW_RISK,HIGH
11.76,3.8,17.01,98.78,1,38.84,MEDIUM_RISK,MEDIUM
8.42,6.69,45.0,33.89,0,11.16,LOW_RISK,HIGH
10.33,7.32,19.19,99.02,1,38.35,MEDIUM_RISK,MEDIUM
55.9,1.48,21.22,20.22,0,37.33,MEDIUM_RISK,MEDIUM
47.52,20.56,28.97,60.86,1,71.43,HIGH_RISK,LOW
13.97,5.48,32.46,80.81,0,18.88,LOW_RISK,HIGH
17.28,11.27,29.21,55.92,0,35.12,MEDIUM_RISK,MEDIUM
14.04,1.64,28.7,73.31,0,12.05,LOW_RISK,HIGH
48.29,13.13,42.88,27.38,0,55.46,HIGH_RISK,LOW
43.1,11.01,17.85,78.21,0,61.36,HIGH_RISK,LOW
29.73,10.23,31.91,61.68,0,32.88,LOW_RISK,HIGH
11.35,19.81,18.34,67.76,0,32.54,LOW_RISK,HIGH
17.18,11.06,39.65,69.25,0,39.27,MEDIUM_RISK,MEDIUM
11.36,6.48,34.14,40.26,0,12.7,LOW_RISK,HIGH
42.45,3.04,27.56,34.43,0,33.63,LOW_RISK,HIGH
24.87,12.34,40.98,83.69,1,55.76,HIGH_RISK,LOW
27.1,3.26,34.9,52.49,0,32.11,LOW_RISK,HIGH
80.0,6.79,29.26,53.24,0,47.79,MEDIUM_RISK,MEDIUM
14.22,1.77,24.26,66.52,0,8.01,LOW_RISK,HIGH
35.41,3.12,18.69,80.21,0,36.28,MEDIUM_RISK,MEDIUM
14.51,18.31,33.74,65.75,0,31.99,LOW_RISK,HIGH
43.6,7.06,28.57,43.05,0,32.69,LOW_RISK,HIGH
35.93,8.02,28.65,73.85,0,46.64,MEDIUM_RISK,MEDIUM
21.85,5.63,32.34,41.11,0,20.99,LOW_RISK,HIGH
25.87,2.31,33.49,25.95,0,28.92,LOW_RISK,HIGH
10.03,8.57,19.03,76.6,0,19.41,LOW_RISK,HIGH
13.02,12.22,24.46,36.86,0,17.02,LOW_RISK,HIGH
2.77,5.79,29.8,75.06,0,21.28,LOW_RISK,HIGH
25.48,1.15,33.64,77.17,1,39.76,MEDIUM_RISK,MEDIUM
4.92,4.07,20.07,45.98,0,15.93,LOW_RISK,HIGH
10.08,0.68,39.42,86.76,0,21.14,LOW_RISK,HIGH
6.74,14.43,24.63,86.94,1,51.88,MEDIUM_RISK,MEDIUM
16.25,6.26,15.35,48.48,0,18.71,LOW_RISK,HIGH
16.65,1.54,36.52,40.14,0,11.19,LOW_RISK,HIGH
22.31,4.89,25.32,45.75,0,18.11,LOW_RISK,HIGH
4.8,4.18,23.59,57.08,0,14.99,LOW_RISK,HIGH
15.87,1.78,28.38,84.66,0,21.51,LOW_RISK,HIGH
33.08,5.47,26.05,69.46,0,29.84,LOW_RISK,HIGH
15.57,6.3,20.15,77.78,0,28.46,LOW_RISK,HIGH
6.7,1.79,22.92,76.11,0,16.33,LOW_RISK,HIGH
50.0,1.64,16.17,72.64,0,41.62,MEDIUM_RISK,MEDIUM
30.15,9.02,32.57,59.8,0,40.54,MEDIUM_RISK,MEDIUM
27.86,11.12,27.62,62.17,0,35.8,MEDIUM_RISK,MEDIUM
48.54,9.42,17.44,28.31,0,55.29,HIGH_RISK,LOW
12.23,8.59,25.03,54.02,0,25.82,LOW_RISK,HIGH
16.59,20.62,33.87,66.62,1,54.15,MEDIUM_RISK,MEDIUM
12.5,5.69,31.62,58.53,0,17.65,LOW_RISK,HIGH
41.62,3.11,29.57,74.29,0,40.41,MEDIUM_RISK,MEDIUM
16.95,5.39,27.49,71.45,0,26.8,LOW_RISK,HIGH
27.2,2.21,37.66,61.82,0,20.24,LOW_RISK,HIGH
10.25,16.01,30.11,100.0,1,44.88,MEDIUM_RISK,MEDIUM
19.04,3.61,23.65,57.86,0,19.64,LOW_RISK,HIGH
22.68,1.7,39.32,100.0,0,28.66,LOW_RISK,HIGH
18.98,5.76,25.99,56.82,1,32.71,LOW_RISK,HIGH
34.04,7.73,28.74,54.02,0,35.55,MEDIUM_RISK,MEDIUM
19.44,3.64,30.69,48.23,0,26.53,LOW_RISK,HIGH
12.34,5.14,34.88,67.32,0,9.96,LOW_RISK,HIGH
22.53,4.24,32.79,54.14,0,20.4,LOW_RISK,HIGH
23.54,2.92,26.53,71.35,0,29.91,LOW_RISK,HIGH
14.78,5.96,34.7,71.3,0,21.22,LOW_RISK,HIGH
73.34,5.17,33.83,81.15,0,59.32,HIGH_RISK,LOW
44.06,11.06,14.43,71.7,0,50.2,MEDIUM_RISK,MEDIUM
7.68,3.06,25.91,70.67,0,18.82,LOW_RISK,HIGH
12.81,8.19,27.22,49.98,0,13.95,LOW_RISK,HIGH
21.01,2.06,18.38,51.27,0,25.49,LOW_RISK,HIGH
61.38,10.47,41.29,71.01,0,64.52,HIGH_RISK,LOW
19.75,0.63,21.02,54.52,0,22.77,LOW_RISK,HIGH
19.6,4.9,23.08,93.62,0,33.82,LOW_RISK,HIGH
16.44,17.07,35.58,100.0,1,56.18,HIGH_RISK,LOW
22.97,5.0,25.48,65.86,0,22.73,LOW_RISK,HIGH
28.53,1.35,25.68,57.93,0,11.12,LOW_RISK,HIGH
22.32,1.8,34.94,60.58,0,14.54,LOW_RISK,HIGH
43.03,3.11,23.92,100.0,0,47.31,MEDIUM_RISK,MEDIUM
23.38,2.0,26.55,61.38,0,10.88,LOW_RISK,HIGH
21.76,16.33,29.2,100.0,1,64.75,HIGH_RISK,LOW
18.2,12.55,36.39,20.0,0,31.63,LOW_RISK,HIGH
11.83,1.78,17.38,87.35,0,15.77,LOW_RISK,HIGH
41.25,3.47,41.9,27.39,0,34.79,LOW_RISK,HIGH
26.48,4.42,13.31,48.04,0,19.04,LOW_RISK,HIGH
71.0,8.36,19.25,64.91,0,55.19,HIGH_RISK,LOW
34.67,5.51,25.84,60.2,0,40.03,MEDIUM_RISK,MEDIUM
17.27,3.37,22.97,88.75,0,26.74,LOW_RISK,HIGH
20.76,6.01,24.56,100.0,0,30.84,LOW_RISK,HIGH
19.74,4.49,24.56,70.46,0,27.7,LOW_RISK,HIGH
26.73,4.73,22.78,49.81,0,20.53,LOW_RISK,HIGH
4.83,4.93,33.14,73.96,0,23.28,LOW_RISK,HIGH
20.47,6.28,33.45,86.34,0,36.2,MEDIUM_RISK,MEDIUM
12.57,3.8,10.96,65.13,0,16.2,LOW_RISK,HIGH
28.29,3.88,33.68,73.31,0,35.44,MEDIUM_RISK,MEDIUM
11.27,3.91,31.4,99.43,0,29.41,LOW_RISK,HIGH
13.65,5.06,29.08,88.76,0,25.68,LOW_RISK,HIGH
8.07,6.02,30.15,32.71,0,19.62,LOW_RISK,HIGH
23.39,0.98,28.42,53.99,0,21.21,LOW_RISK,HIGH
44.3,8.43,34.37,77.07,0,56.05,HIGH_RISK,LOW
10.9,20.34,14.41,32.5,0,32.01,LOW_RISK,HIGH
16.81,5.5,21.42,80.39,0,29.0,LOW_RISK,HIGH
10.33,6.9,28.8,98.11,0,19.88,LOW_RISK,HIGH
18.35,8.75,22.18,77.88,0,35.37,MEDIUM_RISK,MEDIUM
37.07,13.68,22.37,82.26,0,50.9,MEDIUM_RISK,MEDIUM
21.81,9.36,35.21,50.15,0,35.97,MEDIUM_RISK,MEDIUM
64.01,15.0,9.23,26.46,1,81.85,HIGH_RISK,LOW
14.2,8.8,19.41,64.98,0,24.38,LOW_RISK,HIGH
8.53,18.28,29.02,100.0,0,35.9,MEDIUM_RISK,MEDIUM
13.56,8.27,32.47,72.97,0,32.47,LOW_RISK,HIGH
63.74,6.91,33.85,75.6,0,49.24,MEDIUM_RISK,MEDIUM
29.91,4.67,30.44,100.0,0,30.37,LOW_RISK,HIGH
22.18,4.79,24.32,90.84,0,24.0,LOW_RISK,HIGH
49.29,13.97,28.48,59.11,1,58.0,HIGH_RISK,LOW
7.28,13.36,30.99,47.21,0,25.96,LOW_RISK,HIGH
41.32,9.73,23.04,97.16,0,49.98,MEDIUM_RISK,MEDIUM
21.29,6.25,14.03,27.6,0,21.04,LOW_RISK,HIGH
7.84,5.25,17.91,65.36,0,17.0,LOW_RISK,HIGH
16.77,11.94,29.88,48.61,0,25.89,LOW_RISK,HIGH
28.33,4.31,27.69,100.0,0,30.89,LOW_RISK,HIGH
13.92,8.4,27.43,74.09,0,30.63,LOW_RISK,HIGH
9.26,2.28,22.41,100.0,0,25.01,LOW_RISK,HIGH
6.6,1.59,19.86,67.05,0,6.03,LOW_RISK,HIGH
14.24,4.88,27.89,79.66,0,16.61,LOW_RISK,HIGH
17.89,10.95,24.2,49.75,0,27.76,LOW_RISK,HIGH
41.61,5.83,28.53,91.64,1,59.11,HIGH_RISK,LOW
13.59,1.77,27.6,57.08,0,10.43,LOW_RISK,HIGH
25.26,5.41,15.99,73.04,0,19.84,LOW_RISK,HIGH
49.29,2.9,24.4,63.93,0,44.97,MEDIUM_RISK,MEDIUM
7.24,10.08,18.26,89.85,0,34.34,LOW_RISK,HIGH
29.97,3.85,10.18,63.36,0,29.57,LOW_RISK,HIGH
29.73,2.65,22.59,71.66,0,29.22,LOW_RISK,HIGH
19.65,3.96,17.12,51.68,0,24.71,LOW_RISK,HIGH
24.78,3.77,17.58,57.75,0,28.08,LOW_RISK,HIGH
49.85,1.7,18.71,33.8,0,31.07,LOW_RISK,HIGH
34.23,2.18,27.48,66.19,0,33.35,LOW_RISK,HIGH
13.34,13.94,45.0,56.35,1,42.54,MEDIUM_RISK,MEDIUM
13.98,12.49,31.11,96.59,0,33.14,LOW_RISK,HIGH
38.99,7.06,27.54,78.66,0,48.09,MEDIUM_RISK,MEDIUM
21.88,10.34,20.65,78.8,0,35.18,MEDIUM_RISK,MEDIUM
44.92,4.1,25.12,76.25,0,39.76,MEDIUM_RISK,MEDIUM
33.68,2.62,26.43,64.37,0,29.71,LOW_RISK,HIGH
49.33,3.52,18.74,49.04,1,55.37,HIGH_RISK,LOW
14.45,13.62,19.77,84.11,0,29.36,LOW_RISK,HIGH
19.92,12.63,30.55,100.0,0,35.77,MEDIUM_RISK,MEDIUM
4.04,4.96,22.85,51.25,0,11.1,LOW_RISK,HIGH
13.65,7.12,25.9,70.53,0,16.29,LOW_RISK,HIGH
15.5,6.52,27.54,45.79,0,20.99,LOW_RISK,HIGH
39.3,4.5,36.21,70.78,0,34.84,LOW_RISK,HIGH
16.53,9.68,23.53,67.35,0,31.72,LOW_RISK,HIGH
17.28,29.99,22.11,80.24,0,52.78,MEDIUM_RISK,MEDIUM
34.51,5.9,18.93,63.06,0,37.71,MEDIUM_RISK,MEDIUM
32.11,3.37,22.85,72.58,0,44.3,MEDIUM_RISK,MEDIUM
18.29,1.39,18.31,76.11,1,36.18,MEDIUM_RISK,MEDIUM
7.99,1.82,15.01,74.04,0,9.13,LOW_RISK,HIGH
44.61,9.19,25.03,85.52,1,64.27,HIGH_RISK,LOW
48.69,3.62,27.05,90.39,0,59.16,HIGH_RISK,LOW
11.41,7.77,40.82,75.54,0,22.16,LOW_RISK,HIGH
77.9,18.51,17.09,93.17,1,91.77,HIGH_RISK,LOW
10.02,9.69,40.47,43.73,0,21.52,LOW_RISK,HIGH
7.58,5.23,23.08,45.06,0,22.16,LOW_RISK,HIGH
27.0,7.59,31.53,34.4,0,28.42,LOW_RISK,HIGH
39.57,5.59,18.93,49.23,0,34.94,LOW_RISK,HIGH
8.97,4.89,34.52,65.5,0,15.04,LOW_RISK,HIGH
18.44,14.18,19.39,90.24,0,43.68,MEDIUM_RISK,MEDIUM
12.23,3.03,14.58,91.98,0,27.1,LOW_RISK,HIGH
63.07,0.24,17.93,44.28,1,53.42,MEDIUM_RISK,MEDIUM
62.32,4.57,23.98,82.6,1,68.54,HIGH_RISK,LOW
22.63,7.22,31.81,67.66,0,20.26,LOW_RISK,HIGH
31.05,2.99,11.31,46.77,0,35.97,MEDIUM_RISK,MEDIUM
5.89,3.61,37.98,65.36,0,11.55,LOW_RISK,HIGH
11.81,1.53,19.7,84.82,0,19.45,LOW_RISK,HIGH
14.72,6.07,26.56,80.47,0,22.87,LOW_RISK,HIGH
38.3,2.73,36.66,59.32,0,40.12,MEDIUM_RISK,MEDIUM
12.14,4.68,17.41,68.42,0,15.99,LOW_RISK,HIGH
22.41,6.33,23.76,82.92,0,28.17,LOW_RISK,HIGH
9.73,6.25,38.04,57.52,0,15.07,LOW_RISK,HIGH
31.82,11.42,36.03,87.09,0,55.02,HIGH_RISK,LOW
18.57,11.5,29.31,100.0,0,37.77,MEDIUM_RISK,MEDIUM
11.77,1.4,37.52,61.92,0,12.95,LOW_RISK,HIGH
4.33,15.0,33.04,84.24,0,41.06,MEDIUM_RISK,MEDIUM
20.73,14.67,17.3,100.0,1,61.66,HIGH_RISK,LOW
25.42,4.31,15.99,61.93,0,28.48,LOW_RISK,HIGH
31.79,14.88,33.55,82.04,0,50.16,MEDIUM_RISK,MEDIUM
8.15,1.36,15.59,95.46,1,34.81,LOW_RISK,HIGH
2.41,14.49,25.69,54.58,0,24.72,LOW_RISK,HIGH
37.34,10.01,40.15,88.3,0,54.71,MEDIUM_RISK,MEDIUM
4.76,2.16,28.3,60.53,0,10.19,LOW_RISK,HIGH
16.03,2.11,31.6,50.36,0,21.57,LOW_RISK,HIGH
20.42,10.84,29.71,52.88,0,28.71,LOW_RISK,HIGH
5.24,0.25,26.15,69.53,0,4.66,LOW_RISK,HIGH
37.18,21.42,26.14,98.3,1,77.42,HIGH_RISK,LOW
19.65,1.22,40.53,71.9,0,14.34,LOW_RISK,HIGH
14.15,10.27,22.71,82.83,0,20.37,LOW_RISK,HIGH
26.48,3.57,22.46,48.84,0,18.22,LOW_RISK,HIGH
11.99,4.92,25.63,49.92,0,13.76,LOW_RISK,HIGH
6.28,15.22,32.31,67.15,0,36.94,MEDIUM_RISK,MEDIUM
66.18,1.85,38.59,93.43,0,62.82,HIGH_RISK,LOW
36.86,3.68,16.06,76.62,0,43.59,MEDIUM_RISK,MEDIUM
15.93,0.94,33.36,52.38,0,12.48,LOW_RISK,HIGH
30.74,4.18,29.25,63.46,0,35.08,MEDIUM_RISK,MEDIUM
11.53,6.57,42.45,56.77,0,16.72,LOW_RISK,HIGH
14.59,1.83,18.82,70.59,0,14.39,LOW_RISK,HIGH
6.11,3.31,27.17,72.32,0,14.44,LOW_RISK,HIGH
20.28,7.06,30.21,84.27,0,30.32,LOW_RISK,HIGH
14.4,5.46,27.45,100.0,0,24.99,LOW_RISK,HIGH
31.96,4.26,28.11,83.34,0,39.75,MEDIUM_RISK,MEDIUM
28.55,5.61,18.35,58.03,0,18.46,LOW_RISK,HIGH
30.6,7.3,33.16,47.86,0,32.93,LOW_RISK,HIGH
62.93,3.66,24.41,64.11,1,65.7,HIGH_RISK,LOW
36.7,10.18,26.59,99.55,0,52.12,MEDIUM_RISK,MEDIUM
65.0,0.74,16.95,95.27,0,56.43,HIGH_RISK,LOW
18.67,9.81,16.28,59.19,0,35.02,MEDIUM_RISK,MEDIUM
11.04,8.73,23.47,81.36,0,23.34,LOW_RISK,HIGH
21.26,4.57,32.01,83.24,0,26.69,LOW_RISK,HIGH
21.46,6.27,44.56,62.87,0,28.21,LOW_RISK,HIGH
60.27,3.72,28.57,100.0,1,67.78,HIGH_RISK,LOW
20.25,2.79,34.76,64.58,0,26.01,LOW_RISK,HIGH
12.07,1.66,28.41,62.63,0,6.8,LOW_RISK,HIGH
29.52,0.76,29.28,53.35,0,14.53,LOW_RISK,HIGH
12.36,16.66,24.4,55.59,1,47.87,MEDIUM_RISK,MEDIUM
15.54,3.6,32.53,50.19,0,23.1,LOW_RISK,HIGH
17.82,4.94,22.37,83.53,0,26.93,LOW_RISK,HIGH
15.65,3.74,26.83,64.15,0,19.45,LOW_RISK,HIGH
15.09,8.39,26.59,94.72,0,39.99,MEDIUM_RISK,MEDIUM
30.03,5.65,24.57,37.89,0,30.19,LOW_RISK,HIGH
29.89,3.71,30.09,36.09,0,17.67,LOW_RISK,HIGH
24.09,2.17,31.28,71.59,0,26.44,LOW_RISK,HIGH
17.03,7.78,20.16,70.46,0,34.2,LOW_RISK,HIGH
11.65,5.32,23.42,82.52,0,23.34,LOW_RISK,HIGH
12.36,2.36,27.16,41.95,0,19.68,LOW_RISK,HIGH
25.81,12.22,41.06,87.24,0,47.54,MEDIUM_RISK,MEDIUM
15.03,5.49,14.15,56.05,0,16.64,LOW_RISK,HIGH
40.48,1.77,12.38,64.11,0,22.83,LOW_RISK,HIGH
12.12,17.39,25.09,78.25,1,52.35,MEDIUM_RISK,MEDIUM
23.76,10.73,21.57,63.56,0,37.02,MEDIUM_RISK,MEDIUM
9.59,2.62,26.51,62.53,0,8.11,LOW_RISK,HIGH
4.67,6.29,39.78,64.26,0,20.92,LOW_RISK,HIGH
35.25,5.37,24.97,100.0,0,47.52,MEDIUM_RISK,MEDIUM
34.12,0.97,16.42,72.66,0,32.88,LOW_RISK,HIGH
9.31,6.32,21.9,83.88,0,19.76,LOW_RISK,HIGH
61.84,10.2,25.1,77.11,0,57.75,HIGH_RISK,LOW
26.66,7.8,24.28,88.0,1,50.76,MEDIUM_RISK,MEDIUM
15.39,5.23,14.63,100.0,0,27.93,LOW_RISK,HIGH
11.64,0.76,39.65,100.0,0,15.08,LOW_RISK,HIGH
45.59,3.76,14.28,93.35,1,71.15,HIGH_RISK,LOW
15.77,1.47,20.43,100.0,1,36.39,MEDIUM_RISK,MEDIUM
5.95,2.66,27.28,58.05,0,18.59,LOW_RISK,HIGH
25.68,10.69,30.17,71.88,0,34.84,LOW_RISK,HIGH
55.0,7.16,16.63,77.62,0,51.62,MEDIUM_RISK,MEDIUM
5.39,10.67,21.38,75.89,0,32.45,LOW_RISK,HIGH
13.68,1.7,5.0,64.42,0,2.55,LOW_RISK,HIGH
32.38,3.37,23.95,83.73,0,37.48,MEDIUM_RISK,MEDIUM
24.72,3.16,28.9,91.06,0,33.95,LOW_RISK,HIGH
22.61,5.97,17.67,68.51,0,28.13,LOW_RISK,HIGH
14.08,2.23,39.9,74.66,0,17.77,LOW_RISK,HIGH
28.72,6.63,37.72,84.11,0,25.61,LOW_RISK,HIGH
34.65,3.42,19.78,49.98,0,29.78,LOW_RISK,HIGH
18.5,8.85,33.06,48.53,0,34.59,LOW_RISK,HIGH
32.38,2.74,26.04,97.73,0,46.25,MEDIUM_RISK,MEDIUM
25.84,5.62,45.0,65.0,0,25.5,LOW_RISK,HIGH
4.9,3.56,25.14,65.66,0,10.16,LOW_RISK,HIGH
10.09,1.82,35.93,59.08,0,5.94,LOW_RISK,HIGH
35.46,1.86,34.94,58.08,0,20.61,LOW_RISK,HIGH
37.0,3.92,22.74,81.37,0,36.39,MEDIUM_RISK,MEDIUM
17.51,10.35,25.79,44.58,0,30.7,LOW_RISK,HIGH
5.61,2.52,22.12,45.55,0,15.21,LOW_RISK,HIGH
47.28,3.45,25.0,66.32,0,41.75,MEDIUM_RISK,MEDIUM
16.47,10.87,37.41,87.83,1,53.79,MEDIUM_RISK,MEDIUM
50.56,4.43,37.01,90.89,1,61.35,HIGH_RISK,LOW
14.13,7.46,9.27,69.9,0,20.68,LOW_RISK,HIGH
23.9,9.61,36.11,51.97,0,33.05,LOW_RISK,HIGH
26.96,10.22,33.11,100.0,0,50.3,MEDIUM_RISK,MEDIUM
29.54,7.39,28.95,28.9,0,22.2,LOW_RISK,HIGH
13.7,1.9,29.38,60.57,0,4.46,LOW_RISK,HIGH
79.26,0.59,32.58,60.06,0,38.48,MEDIUM_RISK,MEDIUM
38.42,3.09,26.39,66.52,0,40.48,MEDIUM_RISK,MEDIUM
37.73,4.12,33.51,77.54,0,44.32,MEDIUM_RISK,MEDIUM
19.39,11.65,30.89,59.79,0,32.3,LOW_RISK,HIGH
16.72,4.25,29.28,86.41,0,36.12,MEDIUM_RISK,MEDIUM
14.66,9.04,27.19,74.66,0,27.19,LOW_RISK,HIGH
8.57,3.28,30.6,66.07,0,18.27,LOW_RISK,HIGH
24.42,2.78,24.17,100.0,0,32.31,LOW_RISK,HIGH
40.66,9.86,18.14,45.01,0,46.82,MEDIUM_RISK,MEDIUM
61.01,8.78,5.63,51.4,0,61.64,HIGH_RISK,LOW
11.08,17.55,22.94,43.05,0,22.81,LOW_RISK,HIGH
29.7,0.76,14.44,62.27,0,14.56,LOW_RISK,HIGH
13.35,8.19,35.04,73.59,0,34.69,LOW_RISK,HIGH
36.91,3.02,27.73,51.21,0,35.35,MEDIUM_RISK,MEDIUM
15.07,6.98,17.16,62.19,0,21.32,LOW_RISK,HIGH
21.11,2.52,30.05,53.5,0,28.67,LOW_RISK,HIGH
12.85,5.14,20.47,100.0,0,18.49,LOW_RISK,HIGH
20.46,2.76,29.86,90.63,0,38.02,MEDIUM_RISK,MEDIUM
30.16,5.28,34.08,97.79,1,56.83,HIGH_RISK,LOW
20.14,10.86,18.93,67.28,0,34.0,LOW_RISK,HIGH
26.24,31.09,19.88,88.53,0,52.74,MEDIUM_RISK,MEDIUM
41.74,2.32,41.12,43.7,0,37.82,MEDIUM_RISK,MEDIUM
29.66,16.66,41.11,53.41,0,38.28,MEDIUM_RISK,MEDIUM
26.12,2.67,23.75,71.2,0,24.34,LOW_RISK,HIGH
43.62,3.21,14.58,97.02,0,38.91,MEDIUM_RISK,MEDIUM
8.79,3.21,22.92,72.0,0,23.13,LOW_RISK,HIGH
46.75,4.29,22.13,100.0,0,51.36,MEDIUM_RISK,MEDIUM
27.49,8.4,34.64,90.76,0,44.9,MEDIUM_RISK,MEDIUM
5.48,4.17,25.92,67.31,0,17.15,LOW_RISK,HIGH
30.96,11.14,41.18,52.47,0,43.34,MEDIUM_RISK,MEDIUM
27.2,16.17,19.06,55.27,1,58.72,HIGH_RISK,LOW
28.42,6.98,28.27,66.4,0,23.1,LOW_RISK,HIGH
13.58,3.05,36.37,99.59,0,25.67,LOW_RISK,HIGH
14.8,8.75,24.62,43.85,0,21.31,LOW_RISK,HIGH
42.15,12.38,26.73,79.5,0,46.28,MEDIUM_RISK,MEDIUM
11.72,4.69,39.52,47.93,0,15.19,LOW_RISK,HIGH
23.92,5.05,21.12,83.81,0,23.76,LOW_RISK,HIGH
17.5,15.22,16.41,54.5,0,48.81,MEDIUM_RISK,MEDIUM
45.84,4.52,27.58,100.0,1,61.68,HIGH_RISK,LOW
36.52,5.62,26.78,61.96,0,40.76,MEDIUM_RISK,MEDIUM
50.58,7.63,36.85,70.1,0,42.22,MEDIUM_RISK,MEDIUM
20.14,1.94,20.0,56.85,0,16.34,LOW_RISK,HIGH
17.78,9.34,21.29,78.44,0,32.22,LOW_RISK,HIGH
44.63,15.6,17.75,70.9,1,72.06,HIGH_RISK,LOW
20.73,11.52,21.06,76.63,0,36.89,MEDIUM_RISK,MEDIUM
35.46,3.67,29.14,97.37,0,43.23,MEDIUM_RISK,MEDIUM
12.63,3.66,20.53,37.62,0,10.45,LOW_RISK,HIGH
21.51,4.43,23.24,60.66,1,37.66,MEDIUM_RISK,MEDIUM
30.76,13.78,26.98,63.99,0,49.65,MEDIUM_RISK,MEDIUM
18.22,12.65,20.61,94.42,0,41.75,MEDIUM_RISK,MEDIUM
15.12,5.94,5.93,81.02,0,27.66,LOW_RISK,HIGH
41.77,4.87,23.72,67.99,0,32.73,LOW_RISK,HIGH
13.32,8.58,43.31,100.0,0,39.24,MEDIUM_RISK,MEDIUM
24.02,3.0,12.92,57.56,0,18.31,LOW_RISK,HIGH
27.96,3.87,27.57,61.27,0,18.69,LOW_RISK,HIGH
1.8,6.27,40.79,94.24,0,31.04,LOW_RISK,HIGH
32.74,6.03,27.01,66.8,0,38.47,MEDIUM_RISK,MEDIUM
42.05,5.76,14.84,83.16,0,37.63,MEDIUM_RISK,MEDIUM
9.71,7.13,19.15,43.17,0,6.66,LOW_RISK,HIGH
15.38,3.74,24.38,89.37,0,35.8,MEDIUM_RISK,MEDIUM
62.32,2.28,21.2,55.84,1,68.59,HIGH_RISK,LOW
46.44,11.23,10.35,69.45,0,55.43,HIGH_RISK,LOW
28.46,8.17,20.28,42.71,0,34.04,LOW_RISK,HIGH
37.58,4.98,29.11,50.81,0,29.64,LOW_RISK,HIGH
16.8,4.03,31.65,79.71,0,30.51,LOW_RISK,HIGH
25.94,6.82,29.15,100.0,0,29.81,LOW_RISK,HIGH
54.03,8.8,37.95,88.89,0,67.98,HIGH_RISK,LOW
24.27,2.88,25.8,100.0,0,33.18,LOW_RISK,HIGH
25.23,1.54,15.2,79.4,0,20.21,LOW_RISK,HIGH
26.82,3.07,40.47,27.86,0,21.6,LOW_RISK,HIGH
62.02,7.56,22.25,67.14,0,45.89,MEDIUM_RISK,MEDIUM
